admin2_code,admin2_name,admin1_code,admin1_name,year,idp_max,idp_mean,idp_median,n_rounds_in_year,country,iso3,GID_2,in_polygon,atrocity_count_first_pass
YE1101,Al Qafr,YE11,Ibb,2015,1250,1250.0,1250.0,1,yemen,YEM,YEM.14.4_1,0.0,0
YE1101,Al Qafr,YE11,Ibb,2016,2118,1618.0,1614.0,3,yemen,YEM,YEM.14.4_1,0.0,0
YE1101,Al Qafr,YE11,Ibb,2017,3444,2658.8571428571427,2130.0,7,yemen,YEM,YEM.14.4_1,0.0,0
YE1101,Al Qafr,YE11,Ibb,2018,14010,7002.0,3552.0,3,yemen,YEM,YEM.14.4_1,0.0,0
YE1102,Yarim,YE11,Ibb,2015,2430,2430.0,2430.0,1,yemen,YEM,YEM.14.20_1,0.0,0
YE1102,Yarim,YE11,Ibb,2016,5484,3818.0,3804.0,3,yemen,YEM,YEM.14.20_1,0.0,0
YE1102,Yarim,YE11,Ibb,2017,10470,7878.857142857143,6174.0,7,yemen,YEM,YEM.14.20_1,0.0,0
YE1102,Yarim,YE11,Ibb,2018,10524,10408.0,10524.0,3,yemen,YEM,YEM.14.20_1,0.0,0
YE1103,Ar Radmah,YE11,Ibb,2015,250,250.0,250.0,1,yemen,YEM,YEM.14.7_1,0.0,0
YE1103,Ar Radmah,YE11,Ibb,2016,4182,2764.0,2814.0,3,yemen,YEM,YEM.14.7_1,0.0,0
YE1103,Ar Radmah,YE11,Ibb,2017,4530,4437.428571428572,4470.0,7,yemen,YEM,YEM.14.7_1,0.0,0
YE1103,Ar Radmah,YE11,Ibb,2018,4548,4540.0,4548.0,3,yemen,YEM,YEM.14.7_1,0.0,0
YE1104,An Nadirah,YE11,Ibb,2015,2705,2705.0,2705.0,1,yemen,YEM,YEM.14.6_1,0.0,0
YE1104,An Nadirah,YE11,Ibb,2016,5820,4752.0,4584.0,3,yemen,YEM,YEM.14.6_1,0.0,0
YE1104,An Nadirah,YE11,Ibb,2017,5322,5148.857142857143,5112.0,7,yemen,YEM,YEM.14.6_1,0.0,0
YE1104,An Nadirah,YE11,Ibb,2018,5928,5610.0,5556.0,3,yemen,YEM,YEM.14.6_1,0.0,0
YE1105,Ash Sha'ir,YE11,Ibb,2015,900,900.0,900.0,1,yemen,YEM,YEM.14.11_1,0.0,0
YE1105,Ash Sha'ir,YE11,Ibb,2016,2688,2344.0,2202.0,3,yemen,YEM,YEM.14.11_1,0.0,0
YE1105,Ash Sha'ir,YE11,Ibb,2017,2748,2377.714285714286,2244.0,7,yemen,YEM,YEM.14.11_1,0.0,0
YE1105,Ash Sha'ir,YE11,Ibb,2018,2466,2424.0,2466.0,3,yemen,YEM,YEM.14.11_1,0.0,0
YE1106,As Saddah,YE11,Ibb,2015,1750,1750.0,1750.0,1,yemen,YEM,YEM.14.9_1,0.0,0
YE1106,As Saddah,YE11,Ibb,2016,6030,4026.0,3096.0,3,yemen,YEM,YEM.14.9_1,0.0,0
YE1106,As Saddah,YE11,Ibb,2017,8478,7878.0,7902.0,7,yemen,YEM,YEM.14.9_1,0.0,0
YE1106,As Saddah,YE11,Ibb,2018,7608,6144.0,7608.0,3,yemen,YEM,YEM.14.9_1,0.0,0
YE1107,Al Makhadir,YE11,Ibb,2015,180,180.0,180.0,1,yemen,YEM,YEM.14.2_1,0.0,0
YE1107,Al Makhadir,YE11,Ibb,2016,1818,1346.0,1452.0,3,yemen,YEM,YEM.14.2_1,0.0,0
YE1107,Al Makhadir,YE11,Ibb,2017,2268,2138.5714285714284,2100.0,7,yemen,YEM,YEM.14.2_1,0.0,0
YE1107,Al Makhadir,YE11,Ibb,2018,2598,2388.0,2310.0,3,yemen,YEM,YEM.14.2_1,0.0,0
YE1108,Hobeish,YE11,Ibb,2015,2584,2584.0,2584.0,1,yemen,YEM,,,0
YE1108,Hobeish,YE11,Ibb,2016,1860,1414.0,1500.0,3,yemen,YEM,,,0
YE1108,Hobeish,YE11,Ibb,2017,1950,1902.857142857143,1902.0,7,yemen,YEM,,,0
YE1108,Hobeish,YE11,Ibb,2018,7626,3868.0,2076.0,3,yemen,YEM,,,0
YE1109,Hazm Al Odayn,YE11,Ibb,2015,1250,1250.0,1250.0,1,yemen,YEM,,,0
YE1109,Hazm Al Odayn,YE11,Ibb,2016,6918,5206.0,4698.0,3,yemen,YEM,,,0
YE1109,Hazm Al Odayn,YE11,Ibb,2017,8544,8020.285714285715,8076.0,7,yemen,YEM,,,0
YE1109,Hazm Al Odayn,YE11,Ibb,2018,13890,10394.0,8646.0,3,yemen,YEM,,,0
YE1110,Far' Al Odayn,YE11,Ibb,2015,4425,4425.0,4425.0,1,yemen,YEM,,,0
YE1110,Far' Al Odayn,YE11,Ibb,2016,6546,6098.0,6300.0,3,yemen,YEM,,,0
YE1110,Far' Al Odayn,YE11,Ibb,2017,6696,6156.0,6090.0,7,yemen,YEM,,,0
YE1110,Far' Al Odayn,YE11,Ibb,2018,15816,9740.0,6702.0,3,yemen,YEM,,,0
YE1111,Al Odayn,YE11,Ibb,2015,1777,1777.0,1777.0,1,yemen,YEM,,,0
YE1111,Al Odayn,YE11,Ibb,2016,2724,2300.0,2166.0,3,yemen,YEM,,,0
YE1111,Al Odayn,YE11,Ibb,2017,6660,4919.142857142857,4182.0,7,yemen,YEM,,,0
YE1111,Al Odayn,YE11,Ibb,2018,7062,6834.0,6744.0,3,yemen,YEM,,,0
YE1112,Jiblah,YE11,Ibb,2015,2987,2987.0,2987.0,1,yemen,YEM,YEM.14.18_1,0.0,0
YE1112,Jiblah,YE11,Ibb,2016,6882,5836.0,5970.0,3,yemen,YEM,YEM.14.18_1,0.0,0
YE1112,Jiblah,YE11,Ibb,2017,8040,7769.142857142857,7776.0,7,yemen,YEM,YEM.14.18_1,0.0,0
YE1112,Jiblah,YE11,Ibb,2018,11358,9636.0,9858.0,3,yemen,YEM,YEM.14.18_1,0.0,0
YE1113,Ba'dan,YE11,Ibb,2015,3571,3571.0,3571.0,1,yemen,YEM,YEM.14.12_1,0.0,0
YE1113,Ba'dan,YE11,Ibb,2016,5826,5344.0,5358.0,3,yemen,YEM,YEM.14.12_1,0.0,0
YE1113,Ba'dan,YE11,Ibb,2017,6246,5362.285714285715,5826.0,7,yemen,YEM,YEM.14.12_1,0.0,0
YE1113,Ba'dan,YE11,Ibb,2018,6192,4968.0,4356.0,3,yemen,YEM,YEM.14.12_1,0.0,0
YE1114,As Sabrah,YE11,Ibb,2015,4200,4200.0,4200.0,1,yemen,YEM,YEM.14.8_1,0.0,0
YE1114,As Sabrah,YE11,Ibb,2016,10986,7290.0,5562.0,3,yemen,YEM,YEM.14.8_1,0.0,0
YE1114,As Sabrah,YE11,Ibb,2017,4728,4444.285714285715,4560.0,7,yemen,YEM,YEM.14.8_1,0.0,0
YE1114,As Sabrah,YE11,Ibb,2018,4626,4086.0,4620.0,3,yemen,YEM,YEM.14.8_1,0.0,0
YE1115,As Saiyani,YE11,Ibb,2015,4079,4079.0,4079.0,1,yemen,YEM,,,0
YE1115,As Saiyani,YE11,Ibb,2016,8760,8226.0,8544.0,3,yemen,YEM,,,0
YE1115,As Saiyani,YE11,Ibb,2017,8988,8188.285714285715,8574.0,7,yemen,YEM,,,0
YE1115,As Saiyani,YE11,Ibb,2018,10818,9352.0,8820.0,3,yemen,YEM,,,0
YE1116,Dhi As Sufal,YE11,Ibb,2015,7101,7101.0,7101.0,1,yemen,YEM,YEM.14.13_1,0.0,0
YE1116,Dhi As Sufal,YE11,Ibb,2016,27714,25198.0,27066.0,3,yemen,YEM,YEM.14.13_1,0.0,0
YE1116,Dhi As Sufal,YE11,Ibb,2017,28428,28274.571428571428,28344.0,7,yemen,YEM,YEM.14.13_1,0.0,0
YE1116,Dhi As Sufal,YE11,Ibb,2018,35442,31140.0,29052.0,3,yemen,YEM,YEM.14.13_1,0.0,0
YE1117,Mudhaykhirah,YE11,Ibb,2015,5100,5100.0,5100.0,1,yemen,YEM,YEM.14.19_1,0.0,0
YE1117,Mudhaykhirah,YE11,Ibb,2016,11544,10196.0,11178.0,3,yemen,YEM,YEM.14.19_1,0.0,0
YE1117,Mudhaykhirah,YE11,Ibb,2017,11226,10632.0,10722.0,7,yemen,YEM,YEM.14.19_1,0.0,0
YE1117,Mudhaykhirah,YE11,Ibb,2018,10374,10072.0,10332.0,3,yemen,YEM,YEM.14.19_1,0.0,0
YE1118,Al Mashannah,YE11,Ibb,2015,3369,3369.0,3369.0,1,yemen,YEM,YEM.14.3_1,0.0,0
YE1118,Al Mashannah,YE11,Ibb,2016,5898,5390.0,5706.0,3,yemen,YEM,YEM.14.3_1,0.0,0
YE1118,Al Mashannah,YE11,Ibb,2017,7614,7396.285714285715,7386.0,7,yemen,YEM,YEM.14.3_1,0.0,0
YE1118,Al Mashannah,YE11,Ibb,2018,19332,13160.0,12486.0,3,yemen,YEM,YEM.14.3_1,0.0,0
YE1119,Adh Dhihar,YE11,Ibb,2015,5020,5020.0,5020.0,1,yemen,YEM,,,0
YE1119,Adh Dhihar,YE11,Ibb,2016,7302,6832.0,6930.0,3,yemen,YEM,,,0
YE1119,Adh Dhihar,YE11,Ibb,2017,12282,10638.0,10206.0,7,yemen,YEM,,,0
YE1119,Adh Dhihar,YE11,Ibb,2018,38400,28632.0,35100.0,3,yemen,YEM,,,0
YE1120,Ibb,YE11,Ibb,2015,2060,2060.0,2060.0,1,yemen,YEM,YEM.14.17_1,0.0,0
YE1120,Ibb,YE11,Ibb,2016,3348,3012.0,2934.0,3,yemen,YEM,YEM.14.17_1,0.0,0
YE1120,Ibb,YE11,Ibb,2017,4350,4194.857142857143,4176.0,7,yemen,YEM,YEM.14.17_1,0.0,0
YE1120,Ibb,YE11,Ibb,2018,5610,4820.0,4644.0,3,yemen,YEM,YEM.14.17_1,0.0,0
YE1201,Al Mahfad,YE12,Abyan,2016,4518,3586.0,3690.0,3,yemen,YEM,YEM.2.2_1,0.0,0
YE1201,Al Mahfad,YE12,Abyan,2017,2274,1203.4285714285713,888.0,7,yemen,YEM,YEM.2.2_1,0.0,0
YE1201,Al Mahfad,YE12,Abyan,2018,762,706.2857142857143,714.0,7,yemen,YEM,YEM.2.2_1,0.0,0
YE1201,Al Mahfad,YE12,Abyan,2022,385,385.0,385.0,1,yemen,YEM,YEM.2.2_1,0.0,0
YE1201,Al Mahfad,YE12,Abyan,2023,401,401.0,401.0,1,yemen,YEM,YEM.2.2_1,0.0,0
YE1201,Al Mahfad,YE12,Abyan,2025,434,434.0,434.0,1,yemen,YEM,YEM.2.2_1,0.0,0
YE1202,Mudiyah,YE12,Abyan,2016,768,562.0,756.0,3,yemen,YEM,YEM.2.7_1,0.0,0
YE1202,Mudiyah,YE12,Abyan,2017,228,216.0,210.0,7,yemen,YEM,YEM.2.7_1,0.0,0
YE1202,Mudiyah,YE12,Abyan,2018,654,309.42857142857144,252.0,7,yemen,YEM,YEM.2.7_1,0.0,0
YE1202,Mudiyah,YE12,Abyan,2022,716,716.0,716.0,1,yemen,YEM,YEM.2.7_1,0.0,0
YE1202,Mudiyah,YE12,Abyan,2023,1346,1346.0,1346.0,1,yemen,YEM,YEM.2.7_1,0.0,0
YE1202,Mudiyah,YE12,Abyan,2025,1168,1168.0,1168.0,1,yemen,YEM,YEM.2.7_1,0.0,0
YE1203,Jayshan,YE12,Abyan,2016,96,92.0,90.0,3,yemen,YEM,YEM.2.4_1,0.0,0
YE1203,Jayshan,YE12,Abyan,2017,282,224.57142857142858,228.0,7,yemen,YEM,YEM.2.4_1,0.0,0
YE1203,Jayshan,YE12,Abyan,2018,300,274.2857142857143,288.0,7,yemen,YEM,YEM.2.4_1,0.0,0
YE1203,Jayshan,YE12,Abyan,2022,475,475.0,475.0,1,yemen,YEM,YEM.2.4_1,0.0,0
YE1203,Jayshan,YE12,Abyan,2023,561,561.0,561.0,1,yemen,YEM,YEM.2.4_1,0.0,0
YE1203,Jayshan,YE12,Abyan,2025,623,623.0,623.0,1,yemen,YEM,YEM.2.4_1,0.0,0
YE1204,Lawdar,YE12,Abyan,2016,2478,2432.0,2472.0,3,yemen,YEM,YEM.2.6_1,0.0,0
YE1204,Lawdar,YE12,Abyan,2017,2724,2253.4285714285716,2550.0,7,yemen,YEM,YEM.2.6_1,0.0,0
YE1204,Lawdar,YE12,Abyan,2018,3528,3173.1428571428573,3294.0,7,yemen,YEM,YEM.2.6_1,0.0,0
YE1204,Lawdar,YE12,Abyan,2022,16409,16409.0,16409.0,1,yemen,YEM,YEM.2.6_1,0.0,0
YE1204,Lawdar,YE12,Abyan,2023,12395,12395.0,12395.0,1,yemen,YEM,YEM.2.6_1,0.0,0
YE1204,Lawdar,YE12,Abyan,2025,12148,12148.0,12148.0,1,yemen,YEM,YEM.2.6_1,0.0,0
YE1205,Sibah,YE12,Abyan,2016,1392,1360.0,1392.0,3,yemen,YEM,YEM.2.10_1,0.0,0
YE1205,Sibah,YE12,Abyan,2017,1488,1242.0,1218.0,7,yemen,YEM,YEM.2.10_1,0.0,0
YE1205,Sibah,YE12,Abyan,2018,1032,981.4285714285714,966.0,7,yemen,YEM,YEM.2.10_1,0.0,0
YE1205,Sibah,YE12,Abyan,2022,2730,2730.0,2730.0,1,yemen,YEM,YEM.2.10_1,0.0,0
YE1205,Sibah,YE12,Abyan,2023,3042,3042.0,3042.0,1,yemen,YEM,YEM.2.10_1,0.0,0
YE1205,Sibah,YE12,Abyan,2025,3556,3556.0,3556.0,1,yemen,YEM,YEM.2.10_1,0.0,0
YE1206,Rassd,YE12,Abyan,2016,4728,3612.0,3054.0,3,yemen,YEM,,,0
YE1206,Rassd,YE12,Abyan,2017,1446,1209.4285714285713,1176.0,7,yemen,YEM,,,0
YE1206,Rassd,YE12,Abyan,2018,1062,862.2857142857143,834.0,7,yemen,YEM,,,0
YE1206,Rassd,YE12,Abyan,2022,824,824.0,824.0,1,yemen,YEM,,,0
YE1206,Rassd,YE12,Abyan,2023,1087,1087.0,1087.0,1,yemen,YEM,,,0
YE1206,Rassd,YE12,Abyan,2025,1040,1040.0,1040.0,1,yemen,YEM,,,0
YE1207,Sarar,YE12,Abyan,2016,924,836.0,816.0,3,yemen,YEM,YEM.2.9_1,0.0,0
YE1207,Sarar,YE12,Abyan,2017,726,533.1428571428571,522.0,7,yemen,YEM,YEM.2.9_1,0.0,0
YE1207,Sarar,YE12,Abyan,2018,498,395.14285714285717,378.0,7,yemen,YEM,YEM.2.9_1,0.0,0
YE1207,Sarar,YE12,Abyan,2022,249,249.0,249.0,1,yemen,YEM,YEM.2.9_1,0.0,0
YE1207,Sarar,YE12,Abyan,2023,303,303.0,303.0,1,yemen,YEM,YEM.2.9_1,0.0,0
YE1207,Sarar,YE12,Abyan,2025,300,300.0,300.0,1,yemen,YEM,YEM.2.9_1,0.0,0
YE1208,Al Wadi',YE12,Abyan,2015,6897,6897.0,6897.0,1,yemen,YEM,,,0
YE1208,Al Wadi',YE12,Abyan,2016,762,684.0,678.0,3,yemen,YEM,,,0
YE1208,Al Wadi',YE12,Abyan,2017,924,768.0,696.0,7,yemen,YEM,,,0
YE1208,Al Wadi',YE12,Abyan,2018,954,906.0,954.0,7,yemen,YEM,,,0
YE1208,Al Wadi',YE12,Abyan,2022,647,647.0,647.0,1,yemen,YEM,,,0
YE1208,Al Wadi',YE12,Abyan,2023,655,655.0,655.0,1,yemen,YEM,,,0
YE1208,Al Wadi',YE12,Abyan,2025,402,402.0,402.0,1,yemen,YEM,,,0
YE1209,Ahwar,YE12,Abyan,2015,27908,27908.0,27908.0,1,yemen,YEM,YEM.2.1_1,0.0,0
YE1209,Ahwar,YE12,Abyan,2016,204,200.0,204.0,3,yemen,YEM,YEM.2.1_1,0.0,0
YE1209,Ahwar,YE12,Abyan,2017,192,150.85714285714286,150.0,7,yemen,YEM,YEM.2.1_1,0.0,0
YE1209,Ahwar,YE12,Abyan,2018,354,292.2857142857143,354.0,7,yemen,YEM,YEM.2.1_1,0.0,0
YE1209,Ahwar,YE12,Abyan,2022,456,456.0,456.0,1,yemen,YEM,YEM.2.1_1,0.0,0
YE1209,Ahwar,YE12,Abyan,2023,530,530.0,530.0,1,yemen,YEM,YEM.2.1_1,0.0,0
YE1209,Ahwar,YE12,Abyan,2025,671,671.0,671.0,1,yemen,YEM,YEM.2.1_1,0.0,0
YE1210,Zinjibar,YE12,Abyan,2015,5540,5540.0,5540.0,1,yemen,YEM,,,0
YE1210,Zinjibar,YE12,Abyan,2016,1242,1008.0,900.0,3,yemen,YEM,,,0
YE1210,Zinjibar,YE12,Abyan,2017,3714,2971.714285714286,3384.0,7,yemen,YEM,,,0
YE1210,Zinjibar,YE12,Abyan,2018,7548,6583.714285714285,6858.0,7,yemen,YEM,,,0
YE1210,Zinjibar,YE12,Abyan,2022,7380,7380.0,7380.0,1,yemen,YEM,,,0
YE1210,Zinjibar,YE12,Abyan,2023,7397,7397.0,7397.0,1,yemen,YEM,,,0
YE1210,Zinjibar,YE12,Abyan,2025,7515,7515.0,7515.0,1,yemen,YEM,,,0
YE1211,Khanfar,YE12,Abyan,2015,12196,12196.0,12196.0,1,yemen,YEM,,,0
YE1211,Khanfar,YE12,Abyan,2016,3402,3046.0,2940.0,3,yemen,YEM,,,0
YE1211,Khanfar,YE12,Abyan,2017,5334,4355.142857142857,4554.0,7,yemen,YEM,,,0
YE1211,Khanfar,YE12,Abyan,2018,20496,16058.57142857143,17832.0,7,yemen,YEM,,,0
YE1211,Khanfar,YE12,Abyan,2022,13002,13002.0,13002.0,1,yemen,YEM,,,0
YE1211,Khanfar,YE12,Abyan,2023,15775,15775.0,15775.0,1,yemen,YEM,,,0
YE1211,Khanfar,YE12,Abyan,2025,14869,14869.0,14869.0,1,yemen,YEM,,,0
YE1301,Old City,YE13,Sana'a City,2015,6,6.0,6.0,1,yemen,YEM,YEM.9.9_1,0.0,0
YE1301,Old City,YE13,Sana'a City,2016,996,882.75,915.0,4,yemen,YEM,YEM.9.9_1,0.0,0
YE1301,Old City,YE13,Sana'a City,2017,1332,1234.5,1281.0,4,yemen,YEM,YEM.9.9_1,0.0,0
YE1301,Old City,YE13,Sana'a City,2018,4296,3006.0,3006.0,2,yemen,YEM,YEM.9.9_1,0.0,0
YE1302,Shu'ub,YE13,Sana'a City,2015,5619,5619.0,5619.0,1,yemen,YEM,,,0
YE1302,Shu'ub,YE13,Sana'a City,2016,17160,15550.5,15477.0,4,yemen,YEM,,,0
YE1302,Shu'ub,YE13,Sana'a City,2017,20874,19489.5,19956.0,4,yemen,YEM,,,0
YE1302,Shu'ub,YE13,Sana'a City,2018,25314,19290.0,19290.0,2,yemen,YEM,,,0
YE1303,Azaal,YE13,Sana'a City,2015,102,102.0,102.0,1,yemen,YEM,,,0
YE1303,Azaal,YE13,Sana'a City,2016,4728,3759.0,3663.0,4,yemen,YEM,,,0
YE1303,Azaal,YE13,Sana'a City,2017,4692,4284.0,4212.0,4,yemen,YEM,,,0
YE1303,Azaal,YE13,Sana'a City,2018,5694,5607.0,5607.0,2,yemen,YEM,,,0
YE1304,As Safiyah,YE13,Sana'a City,2015,335,335.0,335.0,1,yemen,YEM,,,0
YE1304,As Safiyah,YE13,Sana'a City,2016,4086,3858.0,3945.0,4,yemen,YEM,,,0
YE1304,As Safiyah,YE13,Sana'a City,2017,3984,3915.0,3978.0,4,yemen,YEM,,,0
YE1304,As Safiyah,YE13,Sana'a City,2018,14862,10182.0,10182.0,2,yemen,YEM,,,0
YE1305,As Sab'in,YE13,Sana'a City,2015,165,165.0,165.0,1,yemen,YEM,,,0
YE1305,As Sab'in,YE13,Sana'a City,2016,45744,39498.0,40629.0,4,yemen,YEM,,,0
YE1305,As Sab'in,YE13,Sana'a City,2017,46152,41710.5,41028.0,4,yemen,YEM,,,0
YE1305,As Sab'in,YE13,Sana'a City,2018,52782,33669.0,33669.0,2,yemen,YEM,,,0
YE1306,Al Wehdah,YE13,Sana'a City,2015,1036,1036.0,1036.0,1,yemen,YEM,,,0
YE1306,Al Wehdah,YE13,Sana'a City,2016,13146,10449.5,10318.0,4,yemen,YEM,,,0
YE1306,Al Wehdah,YE13,Sana'a City,2017,8250,7840.5,8202.0,4,yemen,YEM,,,0
YE1306,Al Wehdah,YE13,Sana'a City,2018,10542,7776.0,7776.0,2,yemen,YEM,,,0
YE1307,At Tahrir,YE13,Sana'a City,2015,61,61.0,61.0,1,yemen,YEM,YEM.9.4_1,0.0,0
YE1307,At Tahrir,YE13,Sana'a City,2016,3138,2770.5,2805.0,4,yemen,YEM,YEM.9.4_1,0.0,0
YE1307,At Tahrir,YE13,Sana'a City,2017,3726,3315.0,3600.0,4,yemen,YEM,YEM.9.4_1,0.0,0
YE1307,At Tahrir,YE13,Sana'a City,2018,4932,4407.0,4407.0,2,yemen,YEM,YEM.9.4_1,0.0,0
YE1308,Ma'in,YE13,Sana'a City,2015,478,478.0,478.0,1,yemen,YEM,,,0
YE1308,Ma'in,YE13,Sana'a City,2016,35310,33191.75,33372.0,4,yemen,YEM,,,0
YE1308,Ma'in,YE13,Sana'a City,2017,32772,28650.0,27834.0,4,yemen,YEM,,,0
YE1308,Ma'in,YE13,Sana'a City,2018,51060,45306.0,45306.0,2,yemen,YEM,,,0
YE1309,Ath Thawrah,YE13,Sana'a City,2015,389,389.0,389.0,1,yemen,YEM,,,0
YE1309,Ath Thawrah,YE13,Sana'a City,2016,14798,13799.0,13593.0,4,yemen,YEM,,,0
YE1309,Ath Thawrah,YE13,Sana'a City,2017,13050,12280.5,12102.0,4,yemen,YEM,,,0
YE1309,Ath Thawrah,YE13,Sana'a City,2018,17202,14196.0,14196.0,2,yemen,YEM,,,0
YE1310,Bani Al Harith,YE13,Sana'a City,2015,1048,1048.0,1048.0,1,yemen,YEM,YEM.9.7_1,1.0,0
YE1310,Bani Al Harith,YE13,Sana'a City,2016,35526,29111.5,28281.0,4,yemen,YEM,YEM.9.7_1,1.0,0
YE1310,Bani Al Harith,YE13,Sana'a City,2017,36684,36255.0,36186.0,4,yemen,YEM,YEM.9.7_1,1.0,0
YE1310,Bani Al Harith,YE13,Sana'a City,2018,119922,86103.0,86103.0,2,yemen,YEM,YEM.9.7_1,1.0,0
YE1401,Nu'man,YE14,Al Bayda,2016,504,500.0,504.0,3,yemen,YEM,,,0
YE1401,Nu'man,YE14,Al Bayda,2017,612,519.4285714285714,504.0,7,yemen,YEM,,,0
YE1401,Nu'man,YE14,Al Bayda,2018,1986,1070.0,612.0,3,yemen,YEM,,,0
YE1401,Nu'man,YE14,Al Bayda,2023,333,333.0,333.0,1,yemen,YEM,,,0
YE1401,Nu'man,YE14,Al Bayda,2025,287,287.0,287.0,1,yemen,YEM,,,0
YE1402,Nati',YE14,Al Bayda,2016,312,312.0,312.0,3,yemen,YEM,YEM.3.16_1,0.0,0
YE1402,Nati',YE14,Al Bayda,2017,312,312.0,312.0,7,yemen,YEM,YEM.3.16_1,0.0,0
YE1402,Nati',YE14,Al Bayda,2018,2778,1134.0,312.0,3,yemen,YEM,YEM.3.16_1,0.0,0
YE1402,Nati',YE14,Al Bayda,2023,232,232.0,232.0,1,yemen,YEM,YEM.3.16_1,0.0,0
YE1402,Nati',YE14,Al Bayda,2025,231,231.0,231.0,1,yemen,YEM,YEM.3.16_1,0.0,0
YE1403,Maswarah,YE14,Al Bayda,2016,78,62.0,78.0,3,yemen,YEM,YEM.3.13_1,0.0,0
YE1403,Maswarah,YE14,Al Bayda,2017,276,145.71428571428572,78.0,7,yemen,YEM,YEM.3.13_1,0.0,0
YE1403,Maswarah,YE14,Al Bayda,2018,738,430.0,276.0,3,yemen,YEM,YEM.3.13_1,0.0,0
YE1404,As Sawma'ah,YE14,Al Bayda,2016,636,600.0,630.0,3,yemen,YEM,YEM.3.8_1,0.0,0
YE1404,As Sawma'ah,YE14,Al Bayda,2017,1974,1095.4285714285713,1026.0,7,yemen,YEM,YEM.3.8_1,0.0,0
YE1404,As Sawma'ah,YE14,Al Bayda,2018,1440,1208.0,1092.0,3,yemen,YEM,YEM.3.8_1,0.0,0
YE1405,Az Zahir,YE14,Al Bayda,2016,1440,1348.0,1302.0,3,yemen,YEM,YEM.3.11_1,0.0,0
YE1405,Az Zahir,YE14,Al Bayda,2016,1440,1348.0,1302.0,3,yemen,YEM,YEM.6.8_1,1.0,0
YE1405,Az Zahir,YE14,Al Bayda,2017,1302,1272.857142857143,1302.0,7,yemen,YEM,YEM.3.11_1,0.0,0
YE1405,Az Zahir,YE14,Al Bayda,2017,1302,1272.857142857143,1302.0,7,yemen,YEM,YEM.6.8_1,1.0,0
YE1405,Az Zahir,YE14,Al Bayda,2018,1302,1186.0,1302.0,3,yemen,YEM,YEM.3.11_1,0.0,0
YE1405,Az Zahir,YE14,Al Bayda,2018,1302,1186.0,1302.0,3,yemen,YEM,YEM.6.8_1,1.0,0
YE1406,Dhi Na'im,YE14,Al Bayda,2016,1110,1110.0,1110.0,3,yemen,YEM,YEM.3.12_1,0.0,0
YE1406,Dhi Na'im,YE14,Al Bayda,2017,1296,1168.2857142857142,1152.0,7,yemen,YEM,YEM.3.12_1,0.0,0
YE1406,Dhi Na'im,YE14,Al Bayda,2018,2928,1840.0,1296.0,3,yemen,YEM,YEM.3.12_1,0.0,0
YE1407,At Taffah,YE14,Al Bayda,2016,312,312.0,312.0,3,yemen,YEM,YEM.3.10_1,0.0,0
YE1407,At Taffah,YE14,Al Bayda,2017,366,336.0,318.0,7,yemen,YEM,YEM.3.10_1,0.0,0
YE1407,At Taffah,YE14,Al Bayda,2018,876,536.0,366.0,3,yemen,YEM,YEM.3.10_1,0.0,0
YE1408,Mukayras,YE14,Al Bayda,2016,4104,3814.0,3828.0,3,yemen,YEM,YEM.3.14_1,0.0,0
YE1408,Mukayras,YE14,Al Bayda,2017,3510,3290.5714285714284,3288.0,7,yemen,YEM,YEM.3.14_1,0.0,0
YE1408,Mukayras,YE14,Al Bayda,2018,3624,3442.0,3378.0,3,yemen,YEM,YEM.3.14_1,0.0,0
YE1409,Al Bayda City,YE14,Al Bayda,2015,5855,5855.0,5855.0,1,yemen,YEM,YEM.3.3_1,0.0,0
YE1409,Al Bayda City,YE14,Al Bayda,2016,5922,5698.0,5922.0,3,yemen,YEM,YEM.3.3_1,0.0,0
YE1409,Al Bayda City,YE14,Al Bayda,2017,6756,6175.714285714285,6132.0,7,yemen,YEM,YEM.3.3_1,0.0,0
YE1409,Al Bayda City,YE14,Al Bayda,2018,10296,8788.0,8034.0,3,yemen,YEM,YEM.3.3_1,0.0,0
YE1410,Al Bayda,YE14,Al Bayda,2016,3504,3314.0,3402.0,3,yemen,YEM,YEM.3.2_1,0.0,0
YE1410,Al Bayda,YE14,Al Bayda,2017,3522,3290.5714285714284,3396.0,7,yemen,YEM,YEM.3.2_1,0.0,0
YE1410,Al Bayda,YE14,Al Bayda,2018,6198,4426.0,4068.0,3,yemen,YEM,YEM.3.2_1,0.0,0
YE1411,As Sawadiyah,YE14,Al Bayda,2016,270,270.0,270.0,3,yemen,YEM,YEM.3.7_1,0.0,0
YE1411,As Sawadiyah,YE14,Al Bayda,2017,558,385.7142857142857,270.0,7,yemen,YEM,YEM.3.7_1,0.0,0
YE1411,As Sawadiyah,YE14,Al Bayda,2018,1740,952.0,558.0,3,yemen,YEM,YEM.3.7_1,0.0,0
YE1412,Radman,YE14,Al Bayda,2016,600,580.0,570.0,3,yemen,YEM,,,0
YE1412,Radman,YE14,Al Bayda,2017,744,600.0,570.0,7,yemen,YEM,,,0
YE1412,Radman,YE14,Al Bayda,2018,1482,1330.0,1254.0,3,yemen,YEM,,,0
YE1413,Rada',YE14,Al Bayda,2015,1820,1820.0,1820.0,1,yemen,YEM,,,0
YE1413,Rada',YE14,Al Bayda,2016,6108,5190.0,4842.0,3,yemen,YEM,,,0
YE1413,Rada',YE14,Al Bayda,2017,5604,4699.714285714285,5190.0,7,yemen,YEM,,,0
YE1413,Rada',YE14,Al Bayda,2018,8472,6270.0,5580.0,3,yemen,YEM,,,0
YE1414,Al Quraishyah,YE14,Al Bayda,2016,2118,1370.0,1170.0,3,yemen,YEM,YEM.3.5_1,0.0,0
YE1414,Al Quraishyah,YE14,Al Bayda,2017,1662,1294.2857142857142,1326.0,7,yemen,YEM,YEM.3.5_1,0.0,0
YE1414,Al Quraishyah,YE14,Al Bayda,2018,3570,2352.0,1764.0,3,yemen,YEM,YEM.3.5_1,0.0,0
YE1415,Wald Rabi',YE14,Al Bayda,2016,1458,1150.0,1092.0,3,yemen,YEM,YEM.3.20_1,0.0,0
YE1415,Wald Rabi',YE14,Al Bayda,2017,4314,3473.1428571428573,3846.0,7,yemen,YEM,YEM.3.20_1,0.0,0
YE1415,Wald Rabi',YE14,Al Bayda,2018,4416,3584.0,4122.0,3,yemen,YEM,YEM.3.20_1,0.0,0
YE1416,Al Arsh,YE14,Al Bayda,2016,2874,2378.0,2208.0,3,yemen,YEM,,,0
YE1416,Al Arsh,YE14,Al Bayda,2017,2094,1939.7142857142858,2046.0,7,yemen,YEM,,,0
YE1416,Al Arsh,YE14,Al Bayda,2018,2646,2066.0,1776.0,3,yemen,YEM,,,0
YE1417,Sabah,YE14,Al Bayda,2016,3006,2294.0,1974.0,3,yemen,YEM,YEM.3.19_1,0.0,0
YE1417,Sabah,YE14,Al Bayda,2017,1686,1469.142857142857,1512.0,7,yemen,YEM,YEM.3.19_1,0.0,0
YE1417,Sabah,YE14,Al Bayda,2018,1734,1454.0,1314.0,3,yemen,YEM,YEM.3.19_1,0.0,0
YE1418,Ar Ryashyyah,YE14,Al Bayda,2016,3048,2634.0,2550.0,3,yemen,YEM,YEM.3.6_1,0.0,0
YE1418,Ar Ryashyyah,YE14,Al Bayda,2017,2208,1770.857142857143,1980.0,7,yemen,YEM,YEM.3.6_1,0.0,0
YE1418,Ar Ryashyyah,YE14,Al Bayda,2018,4266,2692.0,1944.0,3,yemen,YEM,YEM.3.6_1,0.0,0
YE1419,Ash Sharyah,YE14,Al Bayda,2016,876,794.0,780.0,3,yemen,YEM,YEM.3.9_1,0.0,0
YE1419,Ash Sharyah,YE14,Al Bayda,2017,798,668.5714285714286,690.0,7,yemen,YEM,YEM.3.9_1,0.0,0
YE1419,Ash Sharyah,YE14,Al Bayda,2018,2478,1226.0,600.0,3,yemen,YEM,YEM.3.9_1,0.0,0
YE1420,Al Malajim,YE14,Al Bayda,2016,384,384.0,384.0,3,yemen,YEM,,,0
YE1420,Al Malajim,YE14,Al Bayda,2017,384,384.0,384.0,7,yemen,YEM,,,0
YE1420,Al Malajim,YE14,Al Bayda,2018,1788,852.0,384.0,3,yemen,YEM,,,0
YE1501,Mawiyah,YE15,Ta'iz,2016,5562,4950.0,5358.0,3,yemen,YEM,YEM.21.17_1,0.0,0
YE1501,Mawiyah,YE15,Ta'iz,2017,9960,8023.714285714285,7866.0,7,yemen,YEM,YEM.21.17_1,0.0,0
YE1501,Mawiyah,YE15,Ta'iz,2018,14562,11369.0,10845.0,6,yemen,YEM,YEM.21.17_1,0.0,0
YE1502,Shar'ab As Salam,YE15,Ta'iz,2016,31434,24602.0,31434.0,3,yemen,YEM,,,0
YE1502,Shar'ab As Salam,YE15,Ta'iz,2017,14820,12861.42857142857,13710.0,7,yemen,YEM,,,0
YE1502,Shar'ab As Salam,YE15,Ta'iz,2018,21882,15619.0,14436.0,6,yemen,YEM,,,0
YE1503,Shar'ab Ar Rawnah,YE15,Ta'iz,2016,43686,22908.0,18654.0,3,yemen,YEM,,,0
YE1503,Shar'ab Ar Rawnah,YE15,Ta'iz,2017,13500,10650.0,11910.0,7,yemen,YEM,,,0
YE1503,Shar'ab Ar Rawnah,YE15,Ta'iz,2018,20538,15196.0,14220.0,6,yemen,YEM,,,0
YE1504,Maqbanah,YE15,Ta'iz,2015,947,947.0,947.0,1,yemen,YEM,YEM.21.15_1,0.0,0
YE1504,Maqbanah,YE15,Ta'iz,2016,17262,14836.0,14724.0,3,yemen,YEM,YEM.21.15_1,0.0,0
YE1504,Maqbanah,YE15,Ta'iz,2017,17424,15837.42857142857,15948.0,7,yemen,YEM,YEM.21.15_1,0.0,0
YE1504,Maqbanah,YE15,Ta'iz,2018,26472,18429.0,17277.0,6,yemen,YEM,YEM.21.15_1,0.0,0
YE1504,Maqbanah,YE15,Ta'iz,2022,19315,19315.0,19315.0,1,yemen,YEM,YEM.21.15_1,0.0,0
YE1504,Maqbanah,YE15,Ta'iz,2023,18275,18275.0,18275.0,1,yemen,YEM,YEM.21.15_1,0.0,0
YE1504,Maqbanah,YE15,Ta'iz,2025,15500,15500.0,15500.0,1,yemen,YEM,YEM.21.15_1,0.0,0
YE1505,Al Makha,YE15,Ta'iz,2015,720,720.0,720.0,1,yemen,YEM,,,0
YE1505,Al Makha,YE15,Ta'iz,2016,882,678.0,576.0,3,yemen,YEM,,,0
YE1505,Al Makha,YE15,Ta'iz,2017,25122,13495.714285714286,12678.0,7,yemen,YEM,,,0
YE1505,Al Makha,YE15,Ta'iz,2018,29382,26996.0,27864.0,6,yemen,YEM,,,0
YE1505,Al Makha,YE15,Ta'iz,2022,15250,15250.0,15250.0,1,yemen,YEM,,,0
YE1505,Al Makha,YE15,Ta'iz,2023,19385,19385.0,19385.0,1,yemen,YEM,,,0
YE1505,Al Makha,YE15,Ta'iz,2025,21218,21218.0,21218.0,1,yemen,YEM,,,0
YE1506,Dhubab,YE15,Ta'iz,2016,34782,31106.0,32544.0,3,yemen,YEM,YEM.21.11_1,0.0,0
YE1506,Dhubab,YE15,Ta'iz,2017,34800,19633.714285714286,14832.0,7,yemen,YEM,YEM.21.11_1,0.0,0
YE1506,Dhubab,YE15,Ta'iz,2018,15816,15347.0,15651.0,6,yemen,YEM,YEM.21.11_1,0.0,0
YE1506,Dhubab,YE15,Ta'iz,2022,2951,2951.0,2951.0,1,yemen,YEM,YEM.21.11_1,0.0,0
YE1506,Dhubab,YE15,Ta'iz,2023,3829,3829.0,3829.0,1,yemen,YEM,YEM.21.11_1,0.0,0
YE1506,Dhubab,YE15,Ta'iz,2025,3870,3870.0,3870.0,1,yemen,YEM,YEM.21.11_1,0.0,0
YE1507,Mawza',YE15,Ta'iz,2016,4056,3600.0,3444.0,3,yemen,YEM,,,0
YE1507,Mawza',YE15,Ta'iz,2017,10572,3450.0,3042.0,7,yemen,YEM,,,0
YE1507,Mawza',YE15,Ta'iz,2018,6384,4347.0,4044.0,6,yemen,YEM,,,0
YE1507,Mawza',YE15,Ta'iz,2022,4497,4497.0,4497.0,1,yemen,YEM,,,0
YE1507,Mawza',YE15,Ta'iz,2023,6822,6822.0,6822.0,1,yemen,YEM,,,0
YE1507,Mawza',YE15,Ta'iz,2025,8189,8189.0,8189.0,1,yemen,YEM,,,0
YE1508,Jabal Habashi,YE15,Ta'iz,2016,17190,13522.0,15732.0,3,yemen,YEM,,,0
YE1508,Jabal Habashi,YE15,Ta'iz,2017,17730,14961.42857142857,15342.0,7,yemen,YEM,,,0
YE1508,Jabal Habashi,YE15,Ta'iz,2018,18528,17239.0,18282.0,6,yemen,YEM,,,0
YE1508,Jabal Habashi,YE15,Ta'iz,2022,19671,19671.0,19671.0,1,yemen,YEM,,,0
YE1508,Jabal Habashi,YE15,Ta'iz,2023,18593,18593.0,18593.0,1,yemen,YEM,,,0
YE1508,Jabal Habashi,YE15,Ta'iz,2025,20894,20894.0,20894.0,1,yemen,YEM,,,0
YE1509,Mashr'ah Wa Hadnan,YE15,Ta'iz,2016,3714,3614.0,3714.0,3,yemen,YEM,,,0
YE1509,Mashr'ah Wa Hadnan,YE15,Ta'iz,2017,3186,2736.8571428571427,2550.0,7,yemen,YEM,,,0
YE1509,Mashr'ah Wa Hadnan,YE15,Ta'iz,2018,3156,2541.0,2418.0,6,yemen,YEM,,,0
YE1509,Mashr'ah Wa Hadnan,YE15,Ta'iz,2022,2461,2461.0,2461.0,1,yemen,YEM,,,0
YE1509,Mashr'ah Wa Hadnan,YE15,Ta'iz,2023,2923,2923.0,2923.0,1,yemen,YEM,,,0
YE1509,Mashr'ah Wa Hadnan,YE15,Ta'iz,2025,2905,2905.0,2905.0,1,yemen,YEM,,,0
YE1510,Sabir Al Mawadim,YE15,Ta'iz,2016,10614,10322.0,10338.0,3,yemen,YEM,YEM.21.19_1,0.0,0
YE1510,Sabir Al Mawadim,YE15,Ta'iz,2017,12750,11455.714285714286,12234.0,7,yemen,YEM,YEM.21.19_1,0.0,0
YE1510,Sabir Al Mawadim,YE15,Ta'iz,2018,17568,14356.0,14289.0,6,yemen,YEM,YEM.21.19_1,0.0,0
YE1510,Sabir Al Mawadim,YE15,Ta'iz,2022,13344,13344.0,13344.0,1,yemen,YEM,YEM.21.19_1,0.0,0
YE1510,Sabir Al Mawadim,YE15,Ta'iz,2023,18151,18151.0,18151.0,1,yemen,YEM,YEM.21.19_1,0.0,0
YE1510,Sabir Al Mawadim,YE15,Ta'iz,2025,17890,17890.0,17890.0,1,yemen,YEM,YEM.21.19_1,0.0,0
YE1511,Al Misrakh,YE15,Ta'iz,2016,792,435.0,435.0,2,yemen,YEM,YEM.21.4_1,0.0,0
YE1511,Al Misrakh,YE15,Ta'iz,2017,7872,4831.714285714285,6192.0,7,yemen,YEM,YEM.21.4_1,0.0,0
YE1511,Al Misrakh,YE15,Ta'iz,2018,8670,8365.0,8463.0,6,yemen,YEM,YEM.21.4_1,0.0,0
YE1511,Al Misrakh,YE15,Ta'iz,2022,13438,13438.0,13438.0,1,yemen,YEM,YEM.21.4_1,0.0,0
YE1511,Al Misrakh,YE15,Ta'iz,2023,15211,15211.0,15211.0,1,yemen,YEM,YEM.21.4_1,0.0,0
YE1511,Al Misrakh,YE15,Ta'iz,2025,17885,17885.0,17885.0,1,yemen,YEM,YEM.21.4_1,0.0,0
YE1512,Dimnat Khadir,YE15,Ta'iz,2015,920,920.0,920.0,1,yemen,YEM,YEM.21.12_1,0.0,0
YE1512,Dimnat Khadir,YE15,Ta'iz,2016,50238,46224.0,48600.0,3,yemen,YEM,YEM.21.12_1,0.0,0
YE1512,Dimnat Khadir,YE15,Ta'iz,2017,38760,31272.0,32244.0,7,yemen,YEM,YEM.21.12_1,0.0,0
YE1512,Dimnat Khadir,YE15,Ta'iz,2018,36816,29725.0,29049.0,6,yemen,YEM,YEM.21.12_1,0.0,0
YE1513,As Silw,YE15,Ta'iz,2016,9744,7378.0,6414.0,3,yemen,YEM,YEM.21.8_1,0.0,0
YE1513,As Silw,YE15,Ta'iz,2017,9594,5782.285714285715,5064.0,7,yemen,YEM,YEM.21.8_1,0.0,0
YE1513,As Silw,YE15,Ta'iz,2018,9822,7356.0,6729.0,6,yemen,YEM,YEM.21.8_1,0.0,0
YE1513,As Silw,YE15,Ta'iz,2022,3453,3453.0,3453.0,1,yemen,YEM,YEM.21.8_1,0.0,0
YE1513,As Silw,YE15,Ta'iz,2023,5583,5583.0,5583.0,1,yemen,YEM,YEM.21.8_1,0.0,0
YE1513,As Silw,YE15,Ta'iz,2025,7278,7278.0,7278.0,1,yemen,YEM,YEM.21.8_1,0.0,0
YE1514,Ash Shamayatayn,YE15,Ta'iz,2015,447,447.0,447.0,1,yemen,YEM,YEM.21.9_1,0.0,0
YE1514,Ash Shamayatayn,YE15,Ta'iz,2016,51690,44268.0,44406.0,3,yemen,YEM,YEM.21.9_1,0.0,0
YE1514,Ash Shamayatayn,YE15,Ta'iz,2017,35460,32903.142857142855,34176.0,7,yemen,YEM,YEM.21.9_1,0.0,0
YE1514,Ash Shamayatayn,YE15,Ta'iz,2018,41232,32334.0,30552.0,6,yemen,YEM,YEM.21.9_1,0.0,0
YE1514,Ash Shamayatayn,YE15,Ta'iz,2022,48554,48554.0,48554.0,1,yemen,YEM,YEM.21.9_1,0.0,0
YE1514,Ash Shamayatayn,YE15,Ta'iz,2023,64229,64229.0,64229.0,1,yemen,YEM,YEM.21.9_1,0.0,0
YE1514,Ash Shamayatayn,YE15,Ta'iz,2025,72103,72103.0,72103.0,1,yemen,YEM,YEM.21.9_1,0.0,0
YE1515,Al Wazi'yah,YE15,Ta'iz,2016,10224,7368.0,7812.0,3,yemen,YEM,,,0
YE1515,Al Wazi'yah,YE15,Ta'iz,2017,4026,2626.285714285714,2088.0,7,yemen,YEM,,,0
YE1515,Al Wazi'yah,YE15,Ta'iz,2018,2268,2118.0,2088.0,6,yemen,YEM,,,0
YE1515,Al Wazi'yah,YE15,Ta'iz,2022,2056,2056.0,2056.0,1,yemen,YEM,,,0
YE1515,Al Wazi'yah,YE15,Ta'iz,2023,1943,1943.0,1943.0,1,yemen,YEM,,,0
YE1515,Al Wazi'yah,YE15,Ta'iz,2025,2283,2283.0,2283.0,1,yemen,YEM,,,0
YE1516,Hayfan,YE15,Ta'iz,2015,46650,46650.0,46650.0,1,yemen,YEM,YEM.21.13_1,0.0,0
YE1516,Hayfan,YE15,Ta'iz,2016,61800,49498.0,51798.0,3,yemen,YEM,YEM.21.13_1,0.0,0
YE1516,Hayfan,YE15,Ta'iz,2017,29190,21629.14285714286,21912.0,7,yemen,YEM,YEM.21.13_1,0.0,0
YE1516,Hayfan,YE15,Ta'iz,2018,18222,15917.0,15546.0,6,yemen,YEM,YEM.21.13_1,0.0,0
YE1517,Al Mudhaffar,YE15,Ta'iz,2016,29940,20398.0,23100.0,3,yemen,YEM,YEM.21.5_1,0.0,0
YE1517,Al Mudhaffar,YE15,Ta'iz,2017,14442,11938.285714285714,12630.0,7,yemen,YEM,YEM.21.5_1,0.0,0
YE1517,Al Mudhaffar,YE15,Ta'iz,2018,17766,15389.0,15135.0,6,yemen,YEM,YEM.21.5_1,0.0,0
YE1517,Al Mudhaffar,YE15,Ta'iz,2022,55700,55700.0,55700.0,1,yemen,YEM,YEM.21.5_1,0.0,0
YE1517,Al Mudhaffar,YE15,Ta'iz,2023,60974,60974.0,60974.0,1,yemen,YEM,YEM.21.5_1,0.0,0
YE1517,Al Mudhaffar,YE15,Ta'iz,2025,66898,66898.0,66898.0,1,yemen,YEM,YEM.21.5_1,0.0,0
YE1518,Al Qahirah,YE15,Ta'iz,2016,25230,15242.0,11520.0,3,yemen,YEM,YEM.21.6_1,0.0,0
YE1518,Al Qahirah,YE15,Ta'iz,2017,12072,10705.714285714286,11544.0,7,yemen,YEM,YEM.21.6_1,0.0,0
YE1518,Al Qahirah,YE15,Ta'iz,2018,13056,12626.0,12690.0,6,yemen,YEM,YEM.21.6_1,0.0,0
YE1518,Al Qahirah,YE15,Ta'iz,2022,39539,39539.0,39539.0,1,yemen,YEM,YEM.21.6_1,0.0,0
YE1518,Al Qahirah,YE15,Ta'iz,2023,45555,45555.0,45555.0,1,yemen,YEM,YEM.21.6_1,0.0,0
YE1518,Al Qahirah,YE15,Ta'iz,2025,51090,51090.0,51090.0,1,yemen,YEM,YEM.21.6_1,0.0,0
YE1519,Salah,YE15,Ta'iz,2016,36000,21448.0,17700.0,3,yemen,YEM,,,0
YE1519,Salah,YE15,Ta'iz,2017,16146,14258.57142857143,14070.0,7,yemen,YEM,,,0
YE1519,Salah,YE15,Ta'iz,2018,19992,17672.0,17238.0,6,yemen,YEM,,,0
YE1519,Salah,YE15,Ta'iz,2022,35976,35976.0,35976.0,1,yemen,YEM,,,0
YE1519,Salah,YE15,Ta'iz,2023,54453,54453.0,54453.0,1,yemen,YEM,,,0
YE1519,Salah,YE15,Ta'iz,2025,62802,62802.0,62802.0,1,yemen,YEM,,,0
YE1520,At Ta'iziyah,YE15,Ta'iz,2015,52,52.0,52.0,1,yemen,YEM,YEM.21.10_1,0.0,0
YE1520,At Ta'iziyah,YE15,Ta'iz,2016,85764,47180.0,48396.0,3,yemen,YEM,YEM.21.10_1,0.0,0
YE1520,At Ta'iziyah,YE15,Ta'iz,2017,48876,30468.0,36270.0,7,yemen,YEM,YEM.21.10_1,0.0,0
YE1520,At Ta'iziyah,YE15,Ta'iz,2018,57456,52477.0,51558.0,6,yemen,YEM,YEM.21.10_1,0.0,0
YE1521,Al Ma'afer,YE15,Ta'iz,2016,12540,9554.0,8958.0,3,yemen,YEM,YEM.21.2_1,0.0,0
YE1521,Al Ma'afer,YE15,Ta'iz,2017,19908,15738.0,18030.0,7,yemen,YEM,YEM.21.2_1,0.0,0
YE1521,Al Ma'afer,YE15,Ta'iz,2018,20106,18878.0,18900.0,6,yemen,YEM,YEM.21.2_1,0.0,0
YE1521,Al Ma'afer,YE15,Ta'iz,2022,31466,31466.0,31466.0,1,yemen,YEM,YEM.21.2_1,0.0,0
YE1521,Al Ma'afer,YE15,Ta'iz,2023,32397,32397.0,32397.0,1,yemen,YEM,YEM.21.2_1,0.0,0
YE1521,Al Ma'afer,YE15,Ta'iz,2025,35718,35718.0,35718.0,1,yemen,YEM,YEM.21.2_1,0.0,0
YE1522,Al Mawasit,YE15,Ta'iz,2016,11004,9740.0,10278.0,3,yemen,YEM,YEM.21.3_1,0.0,0
YE1522,Al Mawasit,YE15,Ta'iz,2017,12480,10310.57142857143,10356.0,7,yemen,YEM,YEM.21.3_1,0.0,0
YE1522,Al Mawasit,YE15,Ta'iz,2018,13158,12563.0,12444.0,6,yemen,YEM,YEM.21.3_1,0.0,0
YE1522,Al Mawasit,YE15,Ta'iz,2022,10641,10641.0,10641.0,1,yemen,YEM,YEM.21.3_1,0.0,0
YE1522,Al Mawasit,YE15,Ta'iz,2023,12389,12389.0,12389.0,1,yemen,YEM,YEM.21.3_1,0.0,0
YE1522,Al Mawasit,YE15,Ta'iz,2025,12545,12545.0,12545.0,1,yemen,YEM,YEM.21.3_1,0.0,0
YE1523,Sami',YE15,Ta'iz,2016,3198,2422.0,2142.0,3,yemen,YEM,,,0
YE1523,Sami',YE15,Ta'iz,2017,4788,3995.1428571428573,4122.0,7,yemen,YEM,,,0
YE1523,Sami',YE15,Ta'iz,2018,6420,5001.0,4923.0,6,yemen,YEM,,,0
YE1601,Khab wa Ash Sha'f,YE16,Al Jawf,2015,3250,3250.0,3250.0,1,yemen,YEM,,,0
YE1601,Khab wa Ash Sha'f,YE16,Al Jawf,2016,6744,5782.0,5340.0,3,yemen,YEM,,,0
YE1601,Khab wa Ash Sha'f,YE16,Al Jawf,2017,9744,8286.857142857143,8778.0,7,yemen,YEM,,,0
YE1601,Khab wa Ash Sha'f,YE16,Al Jawf,2018,12540,11212.0,10548.0,3,yemen,YEM,,,0
YE1601,Khab wa Ash Sha'f,YE16,Al Jawf,2022,14275,14275.0,14275.0,1,yemen,YEM,,,0
YE1601,Khab wa Ash Sha'f,YE16,Al Jawf,2023,18354,18354.0,18354.0,1,yemen,YEM,,,0
YE1601,Khab wa Ash Sha'f,YE16,Al Jawf,2025,19256,19256.0,19256.0,1,yemen,YEM,,,0
YE1602,Al Humaydat,YE16,Al Jawf,2016,858,834.0,828.0,3,yemen,YEM,YEM.6.3_1,1.0,0
YE1602,Al Humaydat,YE16,Al Jawf,2017,2130,1195.7142857142858,1068.0,7,yemen,YEM,YEM.6.3_1,1.0,0
YE1602,Al Humaydat,YE16,Al Jawf,2018,4014,2106.0,1152.0,3,yemen,YEM,YEM.6.3_1,1.0,0
YE1603,Al Matammah,YE16,Al Jawf,2015,3250,3250.0,3250.0,1,yemen,YEM,YEM.6.6_1,1.0,0
YE1603,Al Matammah,YE16,Al Jawf,2016,2454,2396.0,2436.0,3,yemen,YEM,YEM.6.6_1,1.0,0
YE1603,Al Matammah,YE16,Al Jawf,2017,2604,2513.1428571428573,2508.0,7,yemen,YEM,YEM.6.6_1,1.0,0
YE1603,Al Matammah,YE16,Al Jawf,2018,8370,4502.0,2568.0,3,yemen,YEM,YEM.6.6_1,1.0,0
YE1604,Az Zahir,YE16,Al Jawf,2016,2400,1965.0,1965.0,2,yemen,YEM,YEM.3.11_1,0.0,0
YE1604,Az Zahir,YE16,Al Jawf,2016,2400,1965.0,1965.0,2,yemen,YEM,YEM.6.8_1,1.0,0
YE1604,Az Zahir,YE16,Al Jawf,2017,3012,2958.0,3000.0,6,yemen,YEM,YEM.3.11_1,0.0,0
YE1604,Az Zahir,YE16,Al Jawf,2017,3012,2958.0,3000.0,6,yemen,YEM,YEM.6.8_1,1.0,0
YE1604,Az Zahir,YE16,Al Jawf,2018,3000,3000.0,3000.0,2,yemen,YEM,YEM.3.11_1,0.0,0
YE1604,Az Zahir,YE16,Al Jawf,2018,3000,3000.0,3000.0,2,yemen,YEM,YEM.6.8_1,1.0,0
YE1605,Al Hazm,YE16,Al Jawf,2015,1890,1890.0,1890.0,1,yemen,YEM,YEM.6.2_1,1.0,0
YE1605,Al Hazm,YE16,Al Jawf,2016,5160,3640.0,3360.0,3,yemen,YEM,YEM.6.2_1,1.0,0
YE1605,Al Hazm,YE16,Al Jawf,2017,5430,4135.714285714285,4080.0,7,yemen,YEM,YEM.6.2_1,1.0,0
YE1605,Al Hazm,YE16,Al Jawf,2018,38412,15644.0,4260.0,3,yemen,YEM,YEM.6.2_1,1.0,0
YE1606,Al Mutun,YE16,Al Jawf,2015,1300,1300.0,1300.0,1,yemen,YEM,,,0
YE1606,Al Mutun,YE16,Al Jawf,2016,8310,7720.0,7470.0,3,yemen,YEM,,,0
YE1606,Al Mutun,YE16,Al Jawf,2017,8700,8309.142857142857,8640.0,7,yemen,YEM,,,0
YE1606,Al Mutun,YE16,Al Jawf,2018,28500,15276.0,8664.0,3,yemen,YEM,,,0
YE1607,Al Maslub,YE16,Al Jawf,2015,42,42.0,42.0,1,yemen,YEM,YEM.6.5_1,1.0,0
YE1607,Al Maslub,YE16,Al Jawf,2016,3150,2970.0,3150.0,3,yemen,YEM,YEM.6.5_1,1.0,0
YE1607,Al Maslub,YE16,Al Jawf,2017,3228,3054.0,3150.0,7,yemen,YEM,YEM.6.5_1,1.0,0
YE1607,Al Maslub,YE16,Al Jawf,2018,4674,3474.0,2874.0,3,yemen,YEM,YEM.6.5_1,1.0,0
YE1608,Al Ghayl,YE16,Al Jawf,2015,1300,1300.0,1300.0,1,yemen,YEM,YEM.6.1_1,1.0,0
YE1608,Al Ghayl,YE16,Al Jawf,2016,1830,1370.0,1680.0,3,yemen,YEM,YEM.6.1_1,1.0,0
YE1608,Al Ghayl,YE16,Al Jawf,2017,1230,1062.857142857143,1080.0,7,yemen,YEM,YEM.6.1_1,1.0,0
YE1608,Al Ghayl,YE16,Al Jawf,2018,6360,2928.0,1212.0,3,yemen,YEM,YEM.6.1_1,1.0,0
YE1609,Al Khalaq,YE16,Al Jawf,2015,2600,2600.0,2600.0,1,yemen,YEM,,,0
YE1609,Al Khalaq,YE16,Al Jawf,2016,1260,1220.0,1200.0,3,yemen,YEM,,,0
YE1609,Al Khalaq,YE16,Al Jawf,2017,1740,1637.142857142857,1740.0,7,yemen,YEM,,,0
YE1609,Al Khalaq,YE16,Al Jawf,2018,3504,2388.0,1830.0,3,yemen,YEM,,,0
YE1610,Barat Al Anan,YE16,Al Jawf,2015,6240,6240.0,6240.0,1,yemen,YEM,,,0
YE1610,Barat Al Anan,YE16,Al Jawf,2016,6876,6476.0,6876.0,3,yemen,YEM,,,0
YE1610,Barat Al Anan,YE16,Al Jawf,2017,7686,6540.0,6876.0,7,yemen,YEM,,,0
YE1610,Barat Al Anan,YE16,Al Jawf,2018,11790,8086.0,6234.0,3,yemen,YEM,,,0
YE1611,Rajuzah,YE16,Al Jawf,2016,3690,3500.0,3660.0,3,yemen,YEM,YEM.6.12_1,1.0,0
YE1611,Rajuzah,YE16,Al Jawf,2017,4362,4068.8571428571427,4068.0,7,yemen,YEM,YEM.6.12_1,1.0,0
YE1611,Rajuzah,YE16,Al Jawf,2018,6714,5242.0,4506.0,3,yemen,YEM,YEM.6.12_1,1.0,0
YE1612,Kharab Al Marashi,YE16,Al Jawf,2016,2394,2314.0,2364.0,3,yemen,YEM,YEM.6.11_1,1.0,0
YE1612,Kharab Al Marashi,YE16,Al Jawf,2017,2556,2454.0,2430.0,7,yemen,YEM,YEM.6.11_1,1.0,0
YE1612,Kharab Al Marashi,YE16,Al Jawf,2018,25212,10084.0,2520.0,3,yemen,YEM,YEM.6.11_1,1.0,0
YE1701,Bakil Al Mir,YE17,Hajjah,2015,24468,24468.0,24468.0,1,yemen,YEM,YEM.13.11_1,1.0,0
YE1701,Bakil Al Mir,YE17,Hajjah,2016,41165,27493.25,26115.0,4,yemen,YEM,YEM.13.11_1,1.0,0
YE1701,Bakil Al Mir,YE17,Hajjah,2017,15192,11151.0,9858.0,4,yemen,YEM,YEM.13.11_1,1.0,0
YE1701,Bakil Al Mir,YE17,Hajjah,2018,13884,11871.0,11871.0,2,yemen,YEM,YEM.13.11_1,1.0,0
YE1702,Harad,YE17,Hajjah,2015,18756,18756.0,18756.0,1,yemen,YEM,YEM.13.16_1,1.0,0
YE1702,Harad,YE17,Hajjah,2016,30306,25813.75,26349.5,4,yemen,YEM,YEM.13.16_1,1.0,0
YE1702,Harad,YE17,Hajjah,2017,33684,29755.5,33324.0,4,yemen,YEM,YEM.13.16_1,1.0,0
YE1702,Harad,YE17,Hajjah,2018,33324,33324.0,33324.0,1,yemen,YEM,YEM.13.16_1,1.0,0
YE1703,Midi,YE17,Hajjah,2015,8160,8160.0,8160.0,1,yemen,YEM,YEM.13.24_1,1.0,0
YE1703,Midi,YE17,Hajjah,2016,14941,13605.25,13188.0,4,yemen,YEM,YEM.13.24_1,1.0,0
YE1703,Midi,YE17,Hajjah,2017,12744,11868.0,11658.0,4,yemen,YEM,YEM.13.24_1,1.0,0
YE1703,Midi,YE17,Hajjah,2018,11412,8706.0,8706.0,2,yemen,YEM,YEM.13.24_1,1.0,0
YE1704,Abs,YE17,Hajjah,2015,47784,47784.0,47784.0,1,yemen,YEM,YEM.13.1_1,1.0,0
YE1704,Abs,YE17,Hajjah,2016,115866,88346.75,102432.0,4,yemen,YEM,YEM.13.1_1,1.0,0
YE1704,Abs,YE17,Hajjah,2017,107724,99313.5,97416.0,4,yemen,YEM,YEM.13.1_1,1.0,0
YE1704,Abs,YE17,Hajjah,2018,158838,128127.0,128127.0,2,yemen,YEM,YEM.13.1_1,1.0,0
YE1705,Hayran,YE17,Hajjah,2015,22818,22818.0,22818.0,1,yemen,YEM,YEM.13.17_1,1.0,0
YE1705,Hayran,YE17,Hajjah,2016,15204,13008.75,13107.0,4,yemen,YEM,YEM.13.17_1,1.0,0
YE1705,Hayran,YE17,Hajjah,2017,14376,13740.0,13812.0,4,yemen,YEM,YEM.13.17_1,1.0,0
YE1705,Hayran,YE17,Hajjah,2018,14376,14376.0,14376.0,1,yemen,YEM,YEM.13.17_1,1.0,0
YE1706,Mustaba,YE17,Hajjah,2015,17385,17385.0,17385.0,1,yemen,YEM,YEM.13.25_1,1.0,0
YE1706,Mustaba,YE17,Hajjah,2016,33606,28072.0,30846.0,4,yemen,YEM,YEM.13.25_1,1.0,0
YE1706,Mustaba,YE17,Hajjah,2017,35760,34774.5,34866.0,4,yemen,YEM,YEM.13.25_1,1.0,0
YE1706,Mustaba,YE17,Hajjah,2018,44292,39579.0,39579.0,2,yemen,YEM,YEM.13.25_1,1.0,0
YE1707,Kushar,YE17,Hajjah,2015,4713,4713.0,4713.0,1,yemen,YEM,YEM.13.22_1,1.0,0
YE1707,Kushar,YE17,Hajjah,2016,29034,25206.25,26181.0,4,yemen,YEM,YEM.13.22_1,1.0,0
YE1707,Kushar,YE17,Hajjah,2017,25440,19893.0,19005.0,4,yemen,YEM,YEM.13.22_1,1.0,0
YE1707,Kushar,YE17,Hajjah,2018,16122,10890.0,10890.0,2,yemen,YEM,YEM.13.22_1,1.0,0
YE1708,Al Jamimah,YE17,Hajjah,2015,6189,6189.0,6189.0,1,yemen,YEM,YEM.13.4_1,1.0,0
YE1708,Al Jamimah,YE17,Hajjah,2016,16290,12979.5,14874.0,4,yemen,YEM,YEM.13.4_1,1.0,0
YE1708,Al Jamimah,YE17,Hajjah,2017,5724,4818.0,4578.0,4,yemen,YEM,YEM.13.4_1,1.0,0
YE1708,Al Jamimah,YE17,Hajjah,2018,4452,3030.0,3030.0,2,yemen,YEM,YEM.13.4_1,1.0,0
YE1709,Kuhlan Ash Sharaf,YE17,Hajjah,2015,1056,1056.0,1056.0,1,yemen,YEM,YEM.13.21_1,1.0,0
YE1709,Kuhlan Ash Sharaf,YE17,Hajjah,2016,18957,17315.25,17802.0,4,yemen,YEM,YEM.13.21_1,1.0,0
YE1709,Kuhlan Ash Sharaf,YE17,Hajjah,2017,6972,6463.5,6951.0,4,yemen,YEM,YEM.13.21_1,1.0,0
YE1709,Kuhlan Ash Sharaf,YE17,Hajjah,2018,6972,5853.0,5853.0,2,yemen,YEM,YEM.13.21_1,1.0,0
YE1710,Aflah Ash Sham,YE17,Hajjah,2015,876,876.0,876.0,1,yemen,YEM,,,0
YE1710,Aflah Ash Sham,YE17,Hajjah,2016,32569,16509.25,13785.0,4,yemen,YEM,,,0
YE1710,Aflah Ash Sham,YE17,Hajjah,2017,3912,2866.5,2616.0,4,yemen,YEM,,,0
YE1710,Aflah Ash Sham,YE17,Hajjah,2018,2514,2418.0,2418.0,2,yemen,YEM,,,0
YE1711,Khayran Al Muharraq,YE17,Hajjah,2015,18534,18534.0,18534.0,1,yemen,YEM,YEM.13.18_1,1.0,0
YE1711,Khayran Al Muharraq,YE17,Hajjah,2016,25968,21228.0,22248.0,4,yemen,YEM,YEM.13.18_1,1.0,0
YE1711,Khayran Al Muharraq,YE17,Hajjah,2017,27300,17332.5,14010.0,4,yemen,YEM,YEM.13.18_1,1.0,0
YE1711,Khayran Al Muharraq,YE17,Hajjah,2018,14442,14226.0,14226.0,2,yemen,YEM,YEM.13.18_1,1.0,0
YE1712,Aslam,YE17,Hajjah,2015,25332,25332.0,25332.0,1,yemen,YEM,,,0
YE1712,Aslam,YE17,Hajjah,2016,25278,13618.0,11553.0,4,yemen,YEM,,,0
YE1712,Aslam,YE17,Hajjah,2017,27066,26584.5,26829.0,4,yemen,YEM,,,0
YE1712,Aslam,YE17,Hajjah,2018,27066,22074.0,22074.0,2,yemen,YEM,,,0
YE1713,Qafl Shammar,YE17,Hajjah,2015,558,558.0,558.0,1,yemen,YEM,,,0
YE1713,Qafl Shammar,YE17,Hajjah,2016,5934,4149.5,4455.0,4,yemen,YEM,,,0
YE1713,Qafl Shammar,YE17,Hajjah,2017,3486,3330.0,3366.0,4,yemen,YEM,,,0
YE1713,Qafl Shammar,YE17,Hajjah,2018,3306,3093.0,3093.0,2,yemen,YEM,,,0
YE1714,Aflah Al Yaman,YE17,Hajjah,2015,4506,4506.0,4506.0,1,yemen,YEM,YEM.13.2_1,1.0,0
YE1714,Aflah Al Yaman,YE17,Hajjah,2016,9678,8502.25,8484.5,4,yemen,YEM,YEM.13.2_1,1.0,0
YE1714,Aflah Al Yaman,YE17,Hajjah,2017,5736,4957.5,4752.0,4,yemen,YEM,YEM.13.2_1,1.0,0
YE1714,Aflah Al Yaman,YE17,Hajjah,2018,5196,4893.0,4893.0,2,yemen,YEM,YEM.13.2_1,1.0,0
YE1715,Al Mahabishah,YE17,Hajjah,2015,1884,1884.0,1884.0,1,yemen,YEM,YEM.13.6_1,1.0,0
YE1715,Al Mahabishah,YE17,Hajjah,2016,5682,3891.25,3585.0,4,yemen,YEM,YEM.13.6_1,1.0,0
YE1715,Al Mahabishah,YE17,Hajjah,2017,5682,3888.0,3300.0,4,yemen,YEM,YEM.13.6_1,1.0,0
YE1715,Al Mahabishah,YE17,Hajjah,2018,7080,6465.0,6465.0,2,yemen,YEM,YEM.13.6_1,1.0,0
YE1716,Al Miftah,YE17,Hajjah,2015,2154,2154.0,2154.0,1,yemen,YEM,YEM.13.7_1,1.0,0
YE1716,Al Miftah,YE17,Hajjah,2016,15666,12163.5,11481.0,4,yemen,YEM,YEM.13.7_1,1.0,0
YE1716,Al Miftah,YE17,Hajjah,2017,10050,6021.0,4704.0,4,yemen,YEM,YEM.13.7_1,1.0,0
YE1716,Al Miftah,YE17,Hajjah,2018,4704,4623.0,4623.0,2,yemen,YEM,YEM.13.7_1,1.0,0
YE1717,Al Maghrabah,YE17,Hajjah,2015,1632,1632.0,1632.0,1,yemen,YEM,YEM.13.5_1,1.0,0
YE1717,Al Maghrabah,YE17,Hajjah,2016,14010,8396.75,6582.0,4,yemen,YEM,YEM.13.5_1,1.0,0
YE1717,Al Maghrabah,YE17,Hajjah,2017,6528,5788.5,5709.0,4,yemen,YEM,YEM.13.5_1,1.0,0
YE1717,Al Maghrabah,YE17,Hajjah,2018,5208,3510.0,3510.0,2,yemen,YEM,YEM.13.5_1,1.0,0
YE1718,Kuhlan Afar,YE17,Hajjah,2015,3252,3252.0,3252.0,1,yemen,YEM,,,0
YE1718,Kuhlan Afar,YE17,Hajjah,2016,12667,6394.75,5199.0,4,yemen,YEM,,,0
YE1718,Kuhlan Afar,YE17,Hajjah,2017,3828,3690.0,3723.0,4,yemen,YEM,,,0
YE1718,Kuhlan Afar,YE17,Hajjah,2018,3828,2757.0,2757.0,2,yemen,YEM,,,0
YE1719,Sharas,YE17,Hajjah,2016,6222,4682.75,5042.5,4,yemen,YEM,YEM.13.29_1,1.0,0
YE1719,Sharas,YE17,Hajjah,2017,4098,3862.5,3900.0,4,yemen,YEM,YEM.13.29_1,1.0,0
YE1719,Sharas,YE17,Hajjah,2018,3900,3126.0,3126.0,2,yemen,YEM,YEM.13.29_1,1.0,0
YE1720,Mabyan,YE17,Hajjah,2015,3300,3300.0,3300.0,1,yemen,YEM,YEM.13.23_1,1.0,0
YE1720,Mabyan,YE17,Hajjah,2016,9906,8592.75,8692.5,4,yemen,YEM,YEM.13.23_1,1.0,0
YE1720,Mabyan,YE17,Hajjah,2017,4542,4263.0,4491.0,4,yemen,YEM,YEM.13.23_1,1.0,0
YE1720,Mabyan,YE17,Hajjah,2018,3414,2703.0,2703.0,2,yemen,YEM,YEM.13.23_1,1.0,0
YE1721,Ash Shahil,YE17,Hajjah,2015,2400,2400.0,2400.0,1,yemen,YEM,YEM.13.9_1,1.0,0
YE1721,Ash Shahil,YE17,Hajjah,2016,4326,2835.0,3009.0,4,yemen,YEM,YEM.13.9_1,1.0,0
YE1721,Ash Shahil,YE17,Hajjah,2017,2166,1368.0,1116.0,4,yemen,YEM,YEM.13.9_1,1.0,0
YE1721,Ash Shahil,YE17,Hajjah,2018,1116,828.0,828.0,2,yemen,YEM,YEM.13.9_1,1.0,0
YE1722,Ku'aydinah,YE17,Hajjah,2015,6192,6192.0,6192.0,1,yemen,YEM,YEM.13.19_1,1.0,0
YE1722,Ku'aydinah,YE17,Hajjah,2016,7968,6178.25,7599.0,4,yemen,YEM,YEM.13.19_1,1.0,0
YE1722,Ku'aydinah,YE17,Hajjah,2017,7200,6678.0,6522.0,4,yemen,YEM,YEM.13.19_1,1.0,0
YE1722,Ku'aydinah,YE17,Hajjah,2018,6708,6588.0,6588.0,2,yemen,YEM,YEM.13.19_1,1.0,0
YE1723,Wadrah,YE17,Hajjah,2015,2508,2508.0,2508.0,1,yemen,YEM,,,0
YE1723,Wadrah,YE17,Hajjah,2016,3378,3039.0,3144.0,4,yemen,YEM,,,0
YE1723,Wadrah,YE17,Hajjah,2017,3438,1617.0,1029.0,4,yemen,YEM,,,0
YE1723,Wadrah,YE17,Hajjah,2018,2778,1875.0,1875.0,2,yemen,YEM,,,0
YE1724,Bani Qays,YE17,Hajjah,2015,3138,3138.0,3138.0,1,yemen,YEM,,,0
YE1724,Bani Qays,YE17,Hajjah,2016,5628,4841.0,4987.0,4,yemen,YEM,,,0
YE1724,Bani Qays,YE17,Hajjah,2017,5688,5457.0,5526.0,4,yemen,YEM,,,0
YE1724,Bani Qays,YE17,Hajjah,2018,5526,4959.0,4959.0,2,yemen,YEM,,,0
YE1725,Ash Shaghadirah,YE17,Hajjah,2015,6075,6075.0,6075.0,1,yemen,YEM,YEM.13.8_1,1.0,0
YE1725,Ash Shaghadirah,YE17,Hajjah,2016,9192,6454.25,6132.0,4,yemen,YEM,YEM.13.8_1,1.0,0
YE1725,Ash Shaghadirah,YE17,Hajjah,2017,5652,4332.0,3894.0,4,yemen,YEM,YEM.13.8_1,1.0,0
YE1725,Ash Shaghadirah,YE17,Hajjah,2018,4158,3495.0,3495.0,2,yemen,YEM,YEM.13.8_1,1.0,0
YE1726,Najrah,YE17,Hajjah,2015,14490,14490.0,14490.0,1,yemen,YEM,YEM.13.26_1,1.0,0
YE1726,Najrah,YE17,Hajjah,2016,5742,4741.75,5109.5,4,yemen,YEM,YEM.13.26_1,1.0,0
YE1726,Najrah,YE17,Hajjah,2017,2088,1875.0,1845.0,4,yemen,YEM,YEM.13.26_1,1.0,0
YE1726,Najrah,YE17,Hajjah,2018,2484,2103.0,2103.0,2,yemen,YEM,YEM.13.26_1,1.0,0
YE1727,Bani Al Awam,YE17,Hajjah,2015,6378,6378.0,6378.0,1,yemen,YEM,YEM.13.12_1,1.0,0
YE1727,Bani Al Awam,YE17,Hajjah,2016,6126,4703.0,4656.0,4,yemen,YEM,YEM.13.12_1,1.0,0
YE1727,Bani Al Awam,YE17,Hajjah,2017,5748,4288.5,3804.0,4,yemen,YEM,YEM.13.12_1,1.0,0
YE1727,Bani Al Awam,YE17,Hajjah,2018,3804,3759.0,3759.0,2,yemen,YEM,YEM.13.12_1,1.0,0
YE1728,Hajjah City,YE17,Hajjah,2015,12876,12876.0,12876.0,1,yemen,YEM,YEM.13.15_1,1.0,0
YE1728,Hajjah City,YE17,Hajjah,2016,26794,15545.5,13122.0,4,yemen,YEM,YEM.13.15_1,1.0,0
YE1728,Hajjah City,YE17,Hajjah,2017,10968,9213.0,8661.0,4,yemen,YEM,YEM.13.15_1,1.0,0
YE1728,Hajjah City,YE17,Hajjah,2018,32664,20613.0,20613.0,2,yemen,YEM,YEM.13.15_1,1.0,0
YE1729,Hajjah,YE17,Hajjah,2015,1374,1374.0,1374.0,1,yemen,YEM,YEM.13.14_1,1.0,0
YE1729,Hajjah,YE17,Hajjah,2016,1596,1315.5,1371.0,4,yemen,YEM,YEM.13.14_1,1.0,0
YE1729,Hajjah,YE17,Hajjah,2017,1188,1143.0,1134.0,4,yemen,YEM,YEM.13.14_1,1.0,0
YE1729,Hajjah,YE17,Hajjah,2018,1134,888.0,888.0,2,yemen,YEM,YEM.13.14_1,1.0,0
YE1730,Washhah,YE17,Hajjah,2015,30000,30000.0,30000.0,1,yemen,YEM,YEM.13.31_1,1.0,0
YE1730,Washhah,YE17,Hajjah,2016,28044,15750.5,15384.0,4,yemen,YEM,YEM.13.31_1,1.0,0
YE1730,Washhah,YE17,Hajjah,2017,31728,28422.0,30231.0,4,yemen,YEM,YEM.13.31_1,1.0,0
YE1730,Washhah,YE17,Hajjah,2018,31458,20088.0,20088.0,2,yemen,YEM,YEM.13.31_1,1.0,0
YE1731,Qarah,YE17,Hajjah,2016,8100,5987.0,7899.0,4,yemen,YEM,YEM.13.28_1,1.0,0
YE1731,Qarah,YE17,Hajjah,2017,8028,7195.5,7068.0,4,yemen,YEM,YEM.13.28_1,1.0,0
YE1731,Qarah,YE17,Hajjah,2018,11334,9201.0,9201.0,2,yemen,YEM,YEM.13.28_1,1.0,0
YE1801,Az Zuhrah,YE18,Al Hodeidah,2015,11200,11200.0,11200.0,1,yemen,YEM,YEM.5.19_1,1.0,0
YE1801,Az Zuhrah,YE18,Al Hodeidah,2016,36486,29167.5,35070.0,4,yemen,YEM,YEM.5.19_1,1.0,0
YE1801,Az Zuhrah,YE18,Al Hodeidah,2017,36876,36318.0,36234.0,4,yemen,YEM,YEM.5.19_1,1.0,0
YE1801,Az Zuhrah,YE18,Al Hodeidah,2018,38622,36450.0,36450.0,2,yemen,YEM,YEM.5.19_1,1.0,0
YE1802,Alluhayah,YE18,Al Hodeidah,2015,4848,4848.0,4848.0,1,yemen,YEM,,,0
YE1802,Alluhayah,YE18,Al Hodeidah,2016,10152,9177.0,9693.0,4,yemen,YEM,,,0
YE1802,Alluhayah,YE18,Al Hodeidah,2017,9696,9415.5,9414.0,4,yemen,YEM,,,0
YE1802,Alluhayah,YE18,Al Hodeidah,2018,13572,11526.0,11526.0,2,yemen,YEM,,,0
YE1803,Kamaran,YE18,Al Hodeidah,2016,24,12.0,6.0,3,yemen,YEM,YEM.5.25_1,0.0,0
YE1803,Kamaran,YE18,Al Hodeidah,2017,6,6.0,6.0,1,yemen,YEM,YEM.5.25_1,0.0,0
YE1804,As Salif,YE18,Al Hodeidah,2016,264,192.0,168.0,3,yemen,YEM,YEM.5.15_1,0.0,0
YE1804,As Salif,YE18,Al Hodeidah,2017,252,247.5,246.0,4,yemen,YEM,YEM.5.15_1,0.0,0
YE1804,As Salif,YE18,Al Hodeidah,2018,672,459.0,459.0,2,yemen,YEM,YEM.5.15_1,0.0,0
YE1805,Al Munirah,YE18,Al Hodeidah,2015,2100,2100.0,2100.0,1,yemen,YEM,YEM.5.12_1,0.0,0
YE1805,Al Munirah,YE18,Al Hodeidah,2016,2700,2205.0,2292.0,4,yemen,YEM,YEM.5.12_1,0.0,0
YE1805,Al Munirah,YE18,Al Hodeidah,2017,3138,2512.5,2346.0,4,yemen,YEM,YEM.5.12_1,0.0,0
YE1805,Al Munirah,YE18,Al Hodeidah,2018,3258,2562.0,2562.0,2,yemen,YEM,YEM.5.12_1,0.0,0
YE1806,Al Qanawis,YE18,Al Hodeidah,2016,7716,5881.5,7107.0,4,yemen,YEM,YEM.5.13_1,1.0,0
YE1806,Al Qanawis,YE18,Al Hodeidah,2017,7830,6909.0,6702.0,4,yemen,YEM,YEM.5.13_1,1.0,0
YE1806,Al Qanawis,YE18,Al Hodeidah,2018,10248,9078.0,9078.0,2,yemen,YEM,YEM.5.13_1,1.0,0
YE1807,Az Zaydiah,YE18,Al Hodeidah,2015,1162,1162.0,1162.0,1,yemen,YEM,,,0
YE1807,Az Zaydiah,YE18,Al Hodeidah,2016,6486,4245.0,5241.0,4,yemen,YEM,,,0
YE1807,Az Zaydiah,YE18,Al Hodeidah,2017,5580,5208.0,5157.0,4,yemen,YEM,,,0
YE1807,Az Zaydiah,YE18,Al Hodeidah,2018,12798,9288.0,9288.0,2,yemen,YEM,,,0
YE1808,Al Mighlaf,YE18,Al Hodeidah,2015,511,511.0,511.0,1,yemen,YEM,YEM.5.10_1,0.0,0
YE1808,Al Mighlaf,YE18,Al Hodeidah,2016,1500,1089.0,1419.0,4,yemen,YEM,YEM.5.10_1,0.0,0
YE1808,Al Mighlaf,YE18,Al Hodeidah,2017,1590,1522.5,1500.0,4,yemen,YEM,YEM.5.10_1,0.0,0
YE1808,Al Mighlaf,YE18,Al Hodeidah,2018,5166,3387.0,3387.0,2,yemen,YEM,YEM.5.10_1,0.0,0
YE1809,Ad Dohi,YE18,Al Hodeidah,2016,4068,2791.5,3324.0,4,yemen,YEM,,,0
YE1809,Ad Dohi,YE18,Al Hodeidah,2017,3288,3099.0,3213.0,4,yemen,YEM,,,0
YE1809,Ad Dohi,YE18,Al Hodeidah,2018,3474,3414.0,3414.0,2,yemen,YEM,,,0
YE1810,Bajil,YE18,Al Hodeidah,2016,3120,1869.0,1866.0,4,yemen,YEM,YEM.5.20_1,0.0,0
YE1810,Bajil,YE18,Al Hodeidah,2017,2814,1449.0,1176.0,4,yemen,YEM,YEM.5.20_1,0.0,0
YE1810,Bajil,YE18,Al Hodeidah,2018,27942,14328.0,14328.0,2,yemen,YEM,YEM.5.20_1,0.0,0
YE1811,Al Hujjaylah,YE18,Al Hodeidah,2015,1925,1925.0,1925.0,1,yemen,YEM,,,0
YE1811,Al Hujjaylah,YE18,Al Hodeidah,2016,948,850.0,834.0,3,yemen,YEM,,,0
YE1811,Al Hujjaylah,YE18,Al Hodeidah,2017,702,655.5,645.0,4,yemen,YEM,,,0
YE1811,Al Hujjaylah,YE18,Al Hodeidah,2018,2832,1734.0,1734.0,2,yemen,YEM,,,0
YE1812,Bura',YE18,Al Hodeidah,2015,2688,2688.0,2688.0,1,yemen,YEM,,,0
YE1812,Bura',YE18,Al Hodeidah,2016,1938,1782.0,1734.0,3,yemen,YEM,,,0
YE1812,Bura',YE18,Al Hodeidah,2017,1674,1420.5,1350.0,4,yemen,YEM,,,0
YE1812,Bura',YE18,Al Hodeidah,2018,5586,3465.0,3465.0,2,yemen,YEM,,,0
YE1813,Al Marawi'ah,YE18,Al Hodeidah,2016,25176,7836.0,2280.0,4,yemen,YEM,YEM.5.9_1,0.0,0
YE1813,Al Marawi'ah,YE18,Al Hodeidah,2017,2208,2154.0,2145.0,4,yemen,YEM,YEM.5.9_1,0.0,0
YE1813,Al Marawi'ah,YE18,Al Hodeidah,2018,29742,15960.0,15960.0,2,yemen,YEM,YEM.5.9_1,0.0,0
YE1814,Ad Durayhimi,YE18,Al Hodeidah,2016,6288,3250.5,2523.0,4,yemen,YEM,YEM.5.2_1,0.0,0
YE1814,Ad Durayhimi,YE18,Al Hodeidah,2017,2268,1828.5,1686.0,4,yemen,YEM,YEM.5.2_1,0.0,0
YE1814,Ad Durayhimi,YE18,Al Hodeidah,2018,11244,6540.0,6540.0,2,yemen,YEM,YEM.5.2_1,0.0,0
YE1815,As Sukhnah,YE18,Al Hodeidah,2016,864,832.0,828.0,3,yemen,YEM,YEM.5.16_1,0.0,0
YE1815,As Sukhnah,YE18,Al Hodeidah,2017,864,850.5,858.0,4,yemen,YEM,YEM.5.16_1,0.0,0
YE1815,As Sukhnah,YE18,Al Hodeidah,2018,32694,16788.0,16788.0,2,yemen,YEM,YEM.5.16_1,0.0,0
YE1816,Al Mansuriyah,YE18,Al Hodeidah,2015,2653,2653.0,2653.0,1,yemen,YEM,YEM.5.8_1,0.0,0
YE1816,Al Mansuriyah,YE18,Al Hodeidah,2016,6498,2296.5,1065.0,4,yemen,YEM,YEM.5.8_1,0.0,0
YE1816,Al Mansuriyah,YE18,Al Hodeidah,2017,984,954.0,975.0,4,yemen,YEM,YEM.5.8_1,0.0,0
YE1816,Al Mansuriyah,YE18,Al Hodeidah,2018,23010,12024.0,12024.0,2,yemen,YEM,YEM.5.8_1,0.0,0
YE1817,Bayt Al Faqih,YE18,Al Hodeidah,2015,90,90.0,90.0,1,yemen,YEM,,,0
YE1817,Bayt Al Faqih,YE18,Al Hodeidah,2016,44178,13101.0,3195.0,4,yemen,YEM,,,0
YE1817,Bayt Al Faqih,YE18,Al Hodeidah,2017,2340,2221.5,2211.0,4,yemen,YEM,,,0
YE1817,Bayt Al Faqih,YE18,Al Hodeidah,2018,16542,10248.0,10248.0,2,yemen,YEM,,,0
YE1818,Jabal Ras,YE18,Al Hodeidah,2015,2625,2625.0,2625.0,1,yemen,YEM,,,0
YE1818,Jabal Ras,YE18,Al Hodeidah,2016,2094,1658.0,1488.0,3,yemen,YEM,,,0
YE1818,Jabal Ras,YE18,Al Hodeidah,2017,1698,1189.5,1056.0,4,yemen,YEM,,,0
YE1818,Jabal Ras,YE18,Al Hodeidah,2018,1806,1722.0,1722.0,2,yemen,YEM,,,0
YE1819,Hays,YE18,Al Hodeidah,2015,6342,6342.0,6342.0,1,yemen,YEM,YEM.5.23_1,0.0,0
YE1819,Hays,YE18,Al Hodeidah,2016,1914,1058.0,714.0,3,yemen,YEM,YEM.5.23_1,0.0,0
YE1819,Hays,YE18,Al Hodeidah,2017,1566,1491.0,1542.0,4,yemen,YEM,YEM.5.23_1,0.0,0
YE1819,Hays,YE18,Al Hodeidah,2018,14922,9327.0,9327.0,2,yemen,YEM,YEM.5.23_1,0.0,0
YE1819,Hays,YE18,Al Hodeidah,2022,26053,26053.0,26053.0,1,yemen,YEM,YEM.5.23_1,0.0,0
YE1819,Hays,YE18,Al Hodeidah,2023,30243,30243.0,30243.0,1,yemen,YEM,YEM.5.23_1,0.0,0
YE1819,Hays,YE18,Al Hodeidah,2025,33268,33268.0,33268.0,1,yemen,YEM,YEM.5.23_1,0.0,0
YE1820,Al Khukhah,YE18,Al Hodeidah,2015,2016,2016.0,2016.0,1,yemen,YEM,,,0
YE1820,Al Khukhah,YE18,Al Hodeidah,2016,6888,4488.0,4710.0,3,yemen,YEM,,,0
YE1820,Al Khukhah,YE18,Al Hodeidah,2017,3036,2778.0,2997.0,4,yemen,YEM,,,0
YE1820,Al Khukhah,YE18,Al Hodeidah,2018,24492,17220.0,17220.0,2,yemen,YEM,,,0
YE1820,Al Khukhah,YE18,Al Hodeidah,2022,72627,72627.0,72627.0,1,yemen,YEM,,,0
YE1820,Al Khukhah,YE18,Al Hodeidah,2023,89730,89730.0,89730.0,1,yemen,YEM,,,0
YE1820,Al Khukhah,YE18,Al Hodeidah,2025,97605,97605.0,97605.0,1,yemen,YEM,,,0
YE1821,Al Hawak,YE18,Al Hodeidah,2016,4446,2511.0,1992.0,4,yemen,YEM,YEM.5.6_1,0.0,0
YE1821,Al Hawak,YE18,Al Hodeidah,2017,3768,2977.5,3294.0,4,yemen,YEM,YEM.5.6_1,0.0,0
YE1821,Al Hawak,YE18,Al Hodeidah,2018,3438,3036.0,3036.0,2,yemen,YEM,YEM.5.6_1,0.0,0
YE1822,Al Mina,YE18,Al Hodeidah,2016,3498,2013.0,1527.0,4,yemen,YEM,YEM.5.11_1,0.0,0
YE1822,Al Mina,YE18,Al Hodeidah,2017,3312,2469.0,2784.0,4,yemen,YEM,YEM.5.11_1,0.0,0
YE1822,Al Mina,YE18,Al Hodeidah,2018,7038,5220.0,5220.0,2,yemen,YEM,YEM.5.11_1,0.0,0
YE1823,Al Hali,YE18,Al Hodeidah,2015,105,105.0,105.0,1,yemen,YEM,YEM.5.5_1,0.0,0
YE1823,Al Hali,YE18,Al Hodeidah,2016,6444,4683.0,4764.0,4,yemen,YEM,YEM.5.5_1,0.0,0
YE1823,Al Hali,YE18,Al Hodeidah,2017,6420,5713.5,5595.0,4,yemen,YEM,YEM.5.5_1,0.0,0
YE1823,Al Hali,YE18,Al Hodeidah,2018,9804,6822.0,6822.0,2,yemen,YEM,YEM.5.5_1,0.0,0
YE1824,Zabid,YE18,Al Hodeidah,2015,385,385.0,385.0,1,yemen,YEM,YEM.5.26_1,0.0,0
YE1824,Zabid,YE18,Al Hodeidah,2016,4086,3057.0,3252.0,4,yemen,YEM,YEM.5.26_1,0.0,0
YE1824,Zabid,YE18,Al Hodeidah,2017,6822,6205.5,6732.0,4,yemen,YEM,YEM.5.26_1,0.0,0
YE1824,Zabid,YE18,Al Hodeidah,2018,49218,28521.0,28521.0,2,yemen,YEM,YEM.5.26_1,0.0,0
YE1825,Al Jarrahi,YE18,Al Hodeidah,2015,8785,8785.0,8785.0,1,yemen,YEM,,,0
YE1825,Al Jarrahi,YE18,Al Hodeidah,2016,5316,5066.0,5136.0,3,yemen,YEM,,,0
YE1825,Al Jarrahi,YE18,Al Hodeidah,2017,6114,4914.0,4626.0,4,yemen,YEM,,,0
YE1825,Al Jarrahi,YE18,Al Hodeidah,2018,8736,7698.0,7698.0,2,yemen,YEM,,,0
YE1826,At Tuhayta,YE18,Al Hodeidah,2015,1225,1225.0,1225.0,1,yemen,YEM,,,0
YE1826,At Tuhayta,YE18,Al Hodeidah,2016,624,376.5,369.0,4,yemen,YEM,,,0
YE1826,At Tuhayta,YE18,Al Hodeidah,2017,2172,1792.5,2154.0,4,yemen,YEM,,,0
YE1826,At Tuhayta,YE18,Al Hodeidah,2018,20184,11244.0,11244.0,2,yemen,YEM,,,0
YE1826,At Tuhayta,YE18,Al Hodeidah,2022,7119,7119.0,7119.0,1,yemen,YEM,,,0
YE1826,At Tuhayta,YE18,Al Hodeidah,2023,7160,7160.0,7160.0,1,yemen,YEM,,,0
YE1826,At Tuhayta,YE18,Al Hodeidah,2025,4020,4020.0,4020.0,1,yemen,YEM,,,0
YE1901,Rumah,YE19,Hadramawt,2016,366,222.0,150.0,3,yemen,YEM,YEM.12.22_1,0.0,0
YE1901,Rumah,YE19,Hadramawt,2017,150,150.0,150.0,7,yemen,YEM,YEM.12.22_1,0.0,0
YE1901,Rumah,YE19,Hadramawt,2018,672,260.57142857142856,192.0,7,yemen,YEM,YEM.12.22_1,0.0,0
YE1901,Rumah,YE19,Hadramawt,2022,582,582.0,582.0,1,yemen,YEM,YEM.12.22_1,0.0,0
YE1901,Rumah,YE19,Hadramawt,2023,1050,1050.0,1050.0,1,yemen,YEM,YEM.12.22_1,0.0,0
YE1901,Rumah,YE19,Hadramawt,2025,1085,1085.0,1085.0,1,yemen,YEM,YEM.12.22_1,0.0,0
YE1902,Thamud,YE19,Hadramawt,2016,204,160.0,138.0,3,yemen,YEM,YEM.12.27_1,0.0,0
YE1902,Thamud,YE19,Hadramawt,2017,204,204.0,204.0,7,yemen,YEM,YEM.12.27_1,0.0,0
YE1902,Thamud,YE19,Hadramawt,2018,204,204.0,204.0,7,yemen,YEM,YEM.12.27_1,0.0,0
YE1902,Thamud,YE19,Hadramawt,2022,750,750.0,750.0,1,yemen,YEM,YEM.12.27_1,0.0,0
YE1902,Thamud,YE19,Hadramawt,2023,1070,1070.0,1070.0,1,yemen,YEM,YEM.12.27_1,0.0,0
YE1902,Thamud,YE19,Hadramawt,2025,1085,1085.0,1085.0,1,yemen,YEM,YEM.12.27_1,0.0,0
YE1906,Al Abr,YE19,Hadramawt,2016,2796,2488.0,2796.0,3,yemen,YEM,YEM.12.3_1,1.0,0
YE1906,Al Abr,YE19,Hadramawt,2017,4632,4104.0,4542.0,7,yemen,YEM,YEM.12.3_1,1.0,0
YE1906,Al Abr,YE19,Hadramawt,2018,4662,4550.0,4536.0,6,yemen,YEM,YEM.12.3_1,1.0,0
YE1906,Al Abr,YE19,Hadramawt,2022,16348,16348.0,16348.0,1,yemen,YEM,YEM.12.3_1,1.0,0
YE1906,Al Abr,YE19,Hadramawt,2023,18174,18174.0,18174.0,1,yemen,YEM,YEM.12.3_1,1.0,0
YE1906,Al Abr,YE19,Hadramawt,2025,18303,18303.0,18303.0,1,yemen,YEM,YEM.12.3_1,1.0,0
YE1907,Al Qatn,YE19,Hadramawt,2015,1146,1146.0,1146.0,1,yemen,YEM,YEM.12.7_1,0.0,0
YE1907,Al Qatn,YE19,Hadramawt,2016,84,60.0,54.0,3,yemen,YEM,YEM.12.7_1,0.0,0
YE1907,Al Qatn,YE19,Hadramawt,2017,300,203.14285714285714,270.0,7,yemen,YEM,YEM.12.7_1,0.0,0
YE1907,Al Qatn,YE19,Hadramawt,2018,564,359.14285714285717,324.0,7,yemen,YEM,YEM.12.7_1,0.0,0
YE1907,Al Qatn,YE19,Hadramawt,2022,1410,1410.0,1410.0,1,yemen,YEM,YEM.12.7_1,0.0,0
YE1907,Al Qatn,YE19,Hadramawt,2023,1539,1539.0,1539.0,1,yemen,YEM,YEM.12.7_1,0.0,0
YE1907,Al Qatn,YE19,Hadramawt,2025,1696,1696.0,1696.0,1,yemen,YEM,YEM.12.7_1,0.0,0
YE1908,Shibam,YE19,Hadramawt,2016,462,446.0,444.0,3,yemen,YEM,YEM.12.25_1,0.0,0
YE1908,Shibam,YE19,Hadramawt,2017,504,484.2857142857143,486.0,7,yemen,YEM,YEM.12.25_1,0.0,0
YE1908,Shibam,YE19,Hadramawt,2018,876,748.2857142857143,720.0,7,yemen,YEM,YEM.12.25_1,0.0,0
YE1908,Shibam,YE19,Hadramawt,2022,1034,1034.0,1034.0,1,yemen,YEM,YEM.12.25_1,0.0,0
YE1908,Shibam,YE19,Hadramawt,2023,987,987.0,987.0,1,yemen,YEM,YEM.12.25_1,0.0,0
YE1908,Shibam,YE19,Hadramawt,2025,1015,1015.0,1015.0,1,yemen,YEM,YEM.12.25_1,0.0,0
YE1909,Sah,YE19,Hadramawt,2017,24,24.0,24.0,4,yemen,YEM,YEM.12.23_1,0.0,0
YE1909,Sah,YE19,Hadramawt,2018,24,24.0,24.0,6,yemen,YEM,YEM.12.23_1,0.0,0
YE1909,Sah,YE19,Hadramawt,2022,32,32.0,32.0,1,yemen,YEM,YEM.12.23_1,0.0,0
YE1909,Sah,YE19,Hadramawt,2023,86,86.0,86.0,1,yemen,YEM,YEM.12.23_1,0.0,0
YE1909,Sah,YE19,Hadramawt,2025,102,102.0,102.0,1,yemen,YEM,YEM.12.23_1,0.0,0
YE1910,Sayun,YE19,Hadramawt,2015,1069,1069.0,1069.0,1,yemen,YEM,YEM.12.24_1,0.0,0
YE1910,Sayun,YE19,Hadramawt,2016,660,566.0,624.0,3,yemen,YEM,YEM.12.24_1,0.0,0
YE1910,Sayun,YE19,Hadramawt,2017,1686,1286.5714285714287,1200.0,7,yemen,YEM,YEM.12.24_1,0.0,0
YE1910,Sayun,YE19,Hadramawt,2018,3516,2842.285714285714,2724.0,7,yemen,YEM,YEM.12.24_1,0.0,0
YE1910,Sayun,YE19,Hadramawt,2022,24014,24014.0,24014.0,1,yemen,YEM,YEM.12.24_1,0.0,0
YE1910,Sayun,YE19,Hadramawt,2023,31325,31325.0,31325.0,1,yemen,YEM,YEM.12.24_1,0.0,0
YE1910,Sayun,YE19,Hadramawt,2025,32453,32453.0,32453.0,1,yemen,YEM,YEM.12.24_1,0.0,0
YE1911,Tarim,YE19,Hadramawt,2015,668,668.0,668.0,1,yemen,YEM,YEM.12.26_1,0.0,0
YE1911,Tarim,YE19,Hadramawt,2016,510,444.0,510.0,3,yemen,YEM,YEM.12.26_1,0.0,0
YE1911,Tarim,YE19,Hadramawt,2017,1128,1042.2857142857142,1044.0,7,yemen,YEM,YEM.12.26_1,0.0,0
YE1911,Tarim,YE19,Hadramawt,2018,1680,1680.0,1680.0,7,yemen,YEM,YEM.12.26_1,0.0,0
YE1911,Tarim,YE19,Hadramawt,2022,3534,3534.0,3534.0,1,yemen,YEM,YEM.12.26_1,0.0,0
YE1911,Tarim,YE19,Hadramawt,2023,5194,5194.0,5194.0,1,yemen,YEM,YEM.12.26_1,0.0,0
YE1911,Tarim,YE19,Hadramawt,2025,5350,5350.0,5350.0,1,yemen,YEM,YEM.12.26_1,0.0,0
YE1912,As Sawm,YE19,Hadramawt,2016,18,18.0,18.0,2,yemen,YEM,YEM.12.10_1,0.0,0
YE1912,As Sawm,YE19,Hadramawt,2017,30,24.857142857142858,30.0,7,yemen,YEM,YEM.12.10_1,0.0,0
YE1912,As Sawm,YE19,Hadramawt,2018,84,76.28571428571429,84.0,7,yemen,YEM,YEM.12.10_1,0.0,0
YE1912,As Sawm,YE19,Hadramawt,2022,45,45.0,45.0,1,yemen,YEM,YEM.12.10_1,0.0,0
YE1912,As Sawm,YE19,Hadramawt,2023,71,71.0,71.0,1,yemen,YEM,YEM.12.10_1,0.0,0
YE1912,As Sawm,YE19,Hadramawt,2025,72,72.0,72.0,1,yemen,YEM,YEM.12.10_1,0.0,0
YE1913,Ar Raydah wa Qussay'ar,YE19,Hadramawt,2015,66,66.0,66.0,1,yemen,YEM,,,0
YE1913,Ar Raydah wa Qussay'ar,YE19,Hadramawt,2016,2088,1276.0,1020.0,3,yemen,YEM,,,0
YE1913,Ar Raydah wa Qussay'ar,YE19,Hadramawt,2017,816,671.1428571428571,642.0,7,yemen,YEM,,,0
YE1913,Ar Raydah wa Qussay'ar,YE19,Hadramawt,2018,1350,901.7142857142857,720.0,7,yemen,YEM,,,0
YE1913,Ar Raydah wa Qussay'ar,YE19,Hadramawt,2022,1611,1611.0,1611.0,1,yemen,YEM,,,0
YE1913,Ar Raydah wa Qussay'ar,YE19,Hadramawt,2023,1737,1737.0,1737.0,1,yemen,YEM,,,0
YE1913,Ar Raydah wa Qussay'ar,YE19,Hadramawt,2025,1743,1743.0,1743.0,1,yemen,YEM,,,0
YE1914,Ad Dis,YE19,Hadramawt,2015,3383,3383.0,3383.0,1,yemen,YEM,YEM.12.1_1,0.0,0
YE1914,Ad Dis,YE19,Hadramawt,2016,546,512.0,534.0,3,yemen,YEM,YEM.12.1_1,0.0,0
YE1914,Ad Dis,YE19,Hadramawt,2017,546,420.85714285714283,444.0,7,yemen,YEM,YEM.12.1_1,0.0,0
YE1914,Ad Dis,YE19,Hadramawt,2018,450,158.0,75.0,6,yemen,YEM,YEM.12.1_1,0.0,0
YE1914,Ad Dis,YE19,Hadramawt,2022,483,483.0,483.0,1,yemen,YEM,YEM.12.1_1,0.0,0
YE1914,Ad Dis,YE19,Hadramawt,2023,544,544.0,544.0,1,yemen,YEM,YEM.12.1_1,0.0,0
YE1914,Ad Dis,YE19,Hadramawt,2025,553,553.0,553.0,1,yemen,YEM,YEM.12.1_1,0.0,0
YE1915,Ash Shihr,YE19,Hadramawt,2015,8000,8000.0,8000.0,1,yemen,YEM,YEM.12.11_1,0.0,0
YE1915,Ash Shihr,YE19,Hadramawt,2016,288,270.0,282.0,3,yemen,YEM,YEM.12.11_1,0.0,0
YE1915,Ash Shihr,YE19,Hadramawt,2017,354,339.42857142857144,342.0,7,yemen,YEM,YEM.12.11_1,0.0,0
YE1915,Ash Shihr,YE19,Hadramawt,2018,396,368.0,369.0,6,yemen,YEM,YEM.12.11_1,0.0,0
YE1915,Ash Shihr,YE19,Hadramawt,2022,2621,2621.0,2621.0,1,yemen,YEM,YEM.12.11_1,0.0,0
YE1915,Ash Shihr,YE19,Hadramawt,2023,3503,3503.0,3503.0,1,yemen,YEM,YEM.12.11_1,0.0,0
YE1915,Ash Shihr,YE19,Hadramawt,2025,4891,4891.0,4891.0,1,yemen,YEM,YEM.12.11_1,0.0,0
YE1916,Ghayl bin Yamin,YE19,Hadramawt,2023,369,369.0,369.0,1,yemen,YEM,YEM.12.15_1,0.0,0
YE1917,Ghayl Bawazir,YE19,Hadramawt,2015,1600,1600.0,1600.0,1,yemen,YEM,,,0
YE1917,Ghayl Bawazir,YE19,Hadramawt,2016,504,424.0,396.0,3,yemen,YEM,,,0
YE1917,Ghayl Bawazir,YE19,Hadramawt,2017,444,416.57142857142856,414.0,7,yemen,YEM,,,0
YE1917,Ghayl Bawazir,YE19,Hadramawt,2018,480,462.0,462.0,7,yemen,YEM,,,0
YE1917,Ghayl Bawazir,YE19,Hadramawt,2022,543,543.0,543.0,1,yemen,YEM,,,0
YE1917,Ghayl Bawazir,YE19,Hadramawt,2023,1583,1583.0,1583.0,1,yemen,YEM,,,0
YE1917,Ghayl Bawazir,YE19,Hadramawt,2025,1708,1708.0,1708.0,1,yemen,YEM,,,0
YE1918,Daw'an,YE19,Hadramawt,2015,1527,1527.0,1527.0,1,yemen,YEM,YEM.12.13_1,0.0,0
YE1918,Daw'an,YE19,Hadramawt,2016,156,138.0,150.0,3,yemen,YEM,YEM.12.13_1,0.0,0
YE1918,Daw'an,YE19,Hadramawt,2017,180,102.0,60.0,7,yemen,YEM,YEM.12.13_1,0.0,0
YE1918,Daw'an,YE19,Hadramawt,2018,72,56.57142857142857,54.0,7,yemen,YEM,YEM.12.13_1,0.0,0
YE1918,Daw'an,YE19,Hadramawt,2022,132,132.0,132.0,1,yemen,YEM,YEM.12.13_1,0.0,0
YE1918,Daw'an,YE19,Hadramawt,2023,111,111.0,111.0,1,yemen,YEM,YEM.12.13_1,0.0,0
YE1918,Daw'an,YE19,Hadramawt,2025,117,117.0,117.0,1,yemen,YEM,YEM.12.13_1,0.0,0
YE1919,Wadi Al Ayn,YE19,Hadramawt,2018,24,24.0,24.0,1,yemen,YEM,YEM.12.28_1,0.0,0
YE1919,Wadi Al Ayn,YE19,Hadramawt,2022,841,841.0,841.0,1,yemen,YEM,YEM.12.28_1,0.0,0
YE1919,Wadi Al Ayn,YE19,Hadramawt,2023,954,954.0,954.0,1,yemen,YEM,YEM.12.28_1,0.0,0
YE1919,Wadi Al Ayn,YE19,Hadramawt,2025,1159,1159.0,1159.0,1,yemen,YEM,YEM.12.28_1,0.0,0
YE1920,Rakhyah,YE19,Hadramawt,2016,6,6.0,6.0,2,yemen,YEM,YEM.12.21_1,0.0,0
YE1920,Rakhyah,YE19,Hadramawt,2017,36,14.571428571428571,6.0,7,yemen,YEM,YEM.12.21_1,0.0,0
YE1920,Rakhyah,YE19,Hadramawt,2018,60,55.714285714285715,60.0,7,yemen,YEM,YEM.12.21_1,0.0,0
YE1920,Rakhyah,YE19,Hadramawt,2022,43,43.0,43.0,1,yemen,YEM,YEM.12.21_1,0.0,0
YE1920,Rakhyah,YE19,Hadramawt,2023,51,51.0,51.0,1,yemen,YEM,YEM.12.21_1,0.0,0
YE1920,Rakhyah,YE19,Hadramawt,2025,124,124.0,124.0,1,yemen,YEM,YEM.12.21_1,0.0,0
YE1921,Amd,YE19,Hadramawt,2016,30,28.0,30.0,3,yemen,YEM,YEM.12.8_1,0.0,0
YE1921,Amd,YE19,Hadramawt,2017,36,29.142857142857142,24.0,7,yemen,YEM,YEM.12.8_1,0.0,0
YE1921,Amd,YE19,Hadramawt,2018,108,71.14285714285714,72.0,7,yemen,YEM,YEM.12.8_1,0.0,0
YE1921,Amd,YE19,Hadramawt,2022,522,522.0,522.0,1,yemen,YEM,YEM.12.8_1,0.0,0
YE1921,Amd,YE19,Hadramawt,2023,201,201.0,201.0,1,yemen,YEM,YEM.12.8_1,0.0,0
YE1921,Amd,YE19,Hadramawt,2025,266,266.0,266.0,1,yemen,YEM,YEM.12.8_1,0.0,0
YE1923,Yab'uth,YE19,Hadramawt,2016,54,54.0,54.0,3,yemen,YEM,,,0
YE1923,Yab'uth,YE19,Hadramawt,2017,54,43.714285714285715,36.0,7,yemen,YEM,,,0
YE1923,Yab'uth,YE19,Hadramawt,2018,36,30.0,30.0,7,yemen,YEM,,,0
YE1923,Yab'uth,YE19,Hadramawt,2022,22,22.0,22.0,1,yemen,YEM,,,0
YE1923,Yab'uth,YE19,Hadramawt,2023,35,35.0,35.0,1,yemen,YEM,,,0
YE1923,Yab'uth,YE19,Hadramawt,2025,36,36.0,36.0,1,yemen,YEM,,,0
YE1924,Hajar,YE19,Hadramawt,2015,167,167.0,167.0,1,yemen,YEM,,,0
YE1924,Hajar,YE19,Hadramawt,2016,528,376.0,474.0,3,yemen,YEM,,,0
YE1924,Hajar,YE19,Hadramawt,2017,576,491.14285714285717,516.0,7,yemen,YEM,,,0
YE1924,Hajar,YE19,Hadramawt,2018,384,330.85714285714283,324.0,7,yemen,YEM,,,0
YE1924,Hajar,YE19,Hadramawt,2022,178,178.0,178.0,1,yemen,YEM,,,0
YE1924,Hajar,YE19,Hadramawt,2023,401,401.0,401.0,1,yemen,YEM,,,0
YE1924,Hajar,YE19,Hadramawt,2025,571,571.0,571.0,1,yemen,YEM,,,0
YE1925,Brum Mayf'ah,YE19,Hadramawt,2015,214,214.0,214.0,1,yemen,YEM,,,0
YE1925,Brum Mayf'ah,YE19,Hadramawt,2016,558,534.0,552.0,3,yemen,YEM,,,0
YE1925,Brum Mayf'ah,YE19,Hadramawt,2017,540,327.42857142857144,318.0,7,yemen,YEM,,,0
YE1925,Brum Mayf'ah,YE19,Hadramawt,2018,258,186.0,162.0,7,yemen,YEM,,,0
YE1925,Brum Mayf'ah,YE19,Hadramawt,2022,182,182.0,182.0,1,yemen,YEM,,,0
YE1925,Brum Mayf'ah,YE19,Hadramawt,2023,336,336.0,336.0,1,yemen,YEM,,,0
YE1925,Brum Mayf'ah,YE19,Hadramawt,2025,253,253.0,253.0,1,yemen,YEM,,,0
YE1926,Al Mukalla,YE19,Hadramawt,2015,19176,19176.0,19176.0,1,yemen,YEM,YEM.12.4_1,0.0,0
YE1926,Al Mukalla,YE19,Hadramawt,2016,162,156.0,162.0,3,yemen,YEM,YEM.12.4_1,0.0,0
YE1926,Al Mukalla,YE19,Hadramawt,2017,1050,791.1428571428571,1032.0,7,yemen,YEM,YEM.12.4_1,0.0,0
YE1926,Al Mukalla,YE19,Hadramawt,2018,1050,1050.0,1050.0,7,yemen,YEM,YEM.12.4_1,0.0,0
YE1926,Al Mukalla,YE19,Hadramawt,2022,1252,1252.0,1252.0,1,yemen,YEM,YEM.12.4_1,0.0,0
YE1926,Al Mukalla,YE19,Hadramawt,2023,1210,1210.0,1210.0,1,yemen,YEM,YEM.12.4_1,0.0,0
YE1926,Al Mukalla,YE19,Hadramawt,2025,1388,1388.0,1388.0,1,yemen,YEM,YEM.12.4_1,0.0,0
YE1927,Al Mukalla City,YE19,Hadramawt,2016,4488,4406.0,4470.0,3,yemen,YEM,YEM.12.5_1,0.0,0
YE1927,Al Mukalla City,YE19,Hadramawt,2017,3516,3276.0,3252.0,7,yemen,YEM,YEM.12.5_1,0.0,0
YE1927,Al Mukalla City,YE19,Hadramawt,2018,4128,3816.8571428571427,3936.0,7,yemen,YEM,YEM.12.5_1,0.0,0
YE1927,Al Mukalla City,YE19,Hadramawt,2022,6228,6228.0,6228.0,1,yemen,YEM,YEM.12.5_1,0.0,0
YE1927,Al Mukalla City,YE19,Hadramawt,2023,18718,18718.0,18718.0,1,yemen,YEM,YEM.12.5_1,0.0,0
YE1927,Al Mukalla City,YE19,Hadramawt,2025,26316,26316.0,26316.0,1,yemen,YEM,YEM.12.5_1,0.0,0
YE1928,Haridah,YE19,Hadramawt,2018,42,15.0,6.0,4,yemen,YEM,,,0
YE1928,Haridah,YE19,Hadramawt,2022,594,594.0,594.0,1,yemen,YEM,,,0
YE1928,Haridah,YE19,Hadramawt,2023,411,411.0,411.0,1,yemen,YEM,,,0
YE1928,Haridah,YE19,Hadramawt,2025,459,459.0,459.0,1,yemen,YEM,,,0
YE2001,Al Hada,YE20,Dhamar,2016,6486,6058.5,6087.0,4,yemen,YEM,YEM.11.1_1,0.0,0
YE2001,Al Hada,YE20,Dhamar,2017,5898,5515.5,5424.0,4,yemen,YEM,YEM.11.1_1,0.0,0
YE2001,Al Hada,YE20,Dhamar,2018,6234,5775.0,5775.0,2,yemen,YEM,YEM.11.1_1,0.0,0
YE2002,Jahran,YE20,Dhamar,2015,910,910.0,910.0,1,yemen,YEM,YEM.11.7_1,0.0,0
YE2002,Jahran,YE20,Dhamar,2016,4308,3924.0,4032.0,4,yemen,YEM,YEM.11.7_1,0.0,0
YE2002,Jahran,YE20,Dhamar,2017,4998,4281.0,4437.0,4,yemen,YEM,YEM.11.7_1,0.0,0
YE2002,Jahran,YE20,Dhamar,2018,20154,12576.0,12576.0,2,yemen,YEM,YEM.11.7_1,0.0,0
YE2003,Jabal Ash sharq,YE20,Dhamar,2016,6546,5678.25,5964.0,4,yemen,YEM,YEM.11.6_1,0.0,0
YE2003,Jabal Ash sharq,YE20,Dhamar,2017,6330,6307.5,6300.0,4,yemen,YEM,YEM.11.6_1,0.0,0
YE2003,Jabal Ash sharq,YE20,Dhamar,2018,6300,5280.0,5280.0,2,yemen,YEM,YEM.11.6_1,0.0,0
YE2004,Maghrib Ans,YE20,Dhamar,2015,2485,2485.0,2485.0,1,yemen,YEM,,,0
YE2004,Maghrib Ans,YE20,Dhamar,2016,4692,3390.25,3105.0,4,yemen,YEM,,,0
YE2004,Maghrib Ans,YE20,Dhamar,2017,5760,5550.0,5733.0,4,yemen,YEM,,,0
YE2004,Maghrib Ans,YE20,Dhamar,2018,5760,5439.0,5439.0,2,yemen,YEM,,,0
YE2005,Otmah,YE20,Dhamar,2015,4578,4578.0,4578.0,1,yemen,YEM,,,0
YE2005,Otmah,YE20,Dhamar,2016,25176,18579.0,21102.0,4,yemen,YEM,,,0
YE2005,Otmah,YE20,Dhamar,2017,24972,23811.0,23493.0,4,yemen,YEM,,,0
YE2005,Otmah,YE20,Dhamar,2018,23286,22419.0,22419.0,2,yemen,YEM,,,0
YE2006,Wusab Al Aali,YE20,Dhamar,2015,3500,3500.0,3500.0,1,yemen,YEM,,,0
YE2006,Wusab Al Aali,YE20,Dhamar,2016,30330,24857.0,26268.0,4,yemen,YEM,,,0
YE2006,Wusab Al Aali,YE20,Dhamar,2017,29718,23866.5,21972.0,4,yemen,YEM,,,0
YE2006,Wusab Al Aali,YE20,Dhamar,2018,21972,21846.0,21846.0,2,yemen,YEM,,,0
YE2007,Wusab As Safil,YE20,Dhamar,2015,18249,18249.0,18249.0,1,yemen,YEM,YEM.11.12_1,0.0,0
YE2007,Wusab As Safil,YE20,Dhamar,2016,36840,31044.75,34257.0,4,yemen,YEM,YEM.11.12_1,0.0,0
YE2007,Wusab As Safil,YE20,Dhamar,2017,33792,25963.5,23466.0,4,yemen,YEM,YEM.11.12_1,0.0,0
YE2007,Wusab As Safil,YE20,Dhamar,2018,41046,32256.0,32256.0,2,yemen,YEM,YEM.11.12_1,0.0,0
YE2008,Dhamar City,YE20,Dhamar,2015,2937,2937.0,2937.0,1,yemen,YEM,YEM.11.5_1,0.0,0
YE2008,Dhamar City,YE20,Dhamar,2016,14610,12182.75,13134.0,4,yemen,YEM,YEM.11.5_1,0.0,0
YE2008,Dhamar City,YE20,Dhamar,2017,14940,14725.5,14670.0,4,yemen,YEM,YEM.11.5_1,0.0,0
YE2008,Dhamar City,YE20,Dhamar,2018,48780,31725.0,31725.0,2,yemen,YEM,YEM.11.5_1,0.0,0
YE2009,Mayfa'at Ans,YE20,Dhamar,2015,182,182.0,182.0,1,yemen,YEM,,,0
YE2009,Mayfa'at Ans,YE20,Dhamar,2016,3264,2348.25,2403.0,4,yemen,YEM,,,0
YE2009,Mayfa'at Ans,YE20,Dhamar,2017,2418,1639.5,1446.0,4,yemen,YEM,,,0
YE2009,Mayfa'at Ans,YE20,Dhamar,2018,2610,1929.0,1929.0,2,yemen,YEM,,,0
YE2010,Ans,YE20,Dhamar,2015,2142,2142.0,2142.0,1,yemen,YEM,,,0
YE2010,Ans,YE20,Dhamar,2016,4434,3999.0,4176.0,4,yemen,YEM,,,0
YE2010,Ans,YE20,Dhamar,2017,4188,3438.0,3255.0,4,yemen,YEM,,,0
YE2010,Ans,YE20,Dhamar,2018,3054,3036.0,3036.0,2,yemen,YEM,,,0
YE2011,Dawran Anis,YE20,Dhamar,2015,1778,1778.0,1778.0,1,yemen,YEM,,,0
YE2011,Dawran Anis,YE20,Dhamar,2016,9174,8063.75,8310.0,4,yemen,YEM,,,0
YE2011,Dawran Anis,YE20,Dhamar,2017,8658,8278.5,8226.0,4,yemen,YEM,,,0
YE2011,Dawran Anis,YE20,Dhamar,2018,9396,8811.0,8811.0,2,yemen,YEM,,,0
YE2012,Al Manar,YE20,Dhamar,2016,4224,3815.5,3837.0,4,yemen,YEM,YEM.11.2_1,0.0,0
YE2012,Al Manar,YE20,Dhamar,2017,3744,3222.0,3120.0,4,yemen,YEM,YEM.11.2_1,0.0,0
YE2012,Al Manar,YE20,Dhamar,2018,3120,3003.0,3003.0,2,yemen,YEM,YEM.11.2_1,0.0,0
YE2101,Dahr,YE21,Shabwah,2016,882,848.0,834.0,3,yemen,YEM,,,0
YE2101,Dahr,YE21,Shabwah,2017,810,785.1428571428571,780.0,7,yemen,YEM,,,0
YE2101,Dahr,YE21,Shabwah,2018,726,642.0,696.0,7,yemen,YEM,,,0
YE2101,Dahr,YE21,Shabwah,2022,309,309.0,309.0,1,yemen,YEM,,,0
YE2101,Dahr,YE21,Shabwah,2023,234,234.0,234.0,1,yemen,YEM,,,0
YE2101,Dahr,YE21,Shabwah,2025,238,238.0,238.0,1,yemen,YEM,,,0
YE2102,At Talh,YE21,Shabwah,2015,33,33.0,33.0,1,yemen,YEM,,,0
YE2102,At Talh,YE21,Shabwah,2016,948,922.0,924.0,3,yemen,YEM,,,0
YE2102,At Talh,YE21,Shabwah,2017,834,682.2857142857143,660.0,7,yemen,YEM,,,0
YE2102,At Talh,YE21,Shabwah,2018,612,582.8571428571429,582.0,7,yemen,YEM,,,0
YE2102,At Talh,YE21,Shabwah,2022,338,338.0,338.0,1,yemen,YEM,,,0
YE2102,At Talh,YE21,Shabwah,2023,249,249.0,249.0,1,yemen,YEM,,,0
YE2102,At Talh,YE21,Shabwah,2025,252,252.0,252.0,1,yemen,YEM,,,0
YE2103,Jardan,YE21,Shabwah,2015,2130,2130.0,2130.0,1,yemen,YEM,YEM.20.11_1,0.0,0
YE2103,Jardan,YE21,Shabwah,2016,258,234.0,234.0,3,yemen,YEM,YEM.20.11_1,0.0,0
YE2103,Jardan,YE21,Shabwah,2017,240,194.57142857142858,186.0,7,yemen,YEM,YEM.20.11_1,0.0,0
YE2103,Jardan,YE21,Shabwah,2018,282,258.0,252.0,7,yemen,YEM,YEM.20.11_1,0.0,0
YE2103,Jardan,YE21,Shabwah,2022,891,891.0,891.0,1,yemen,YEM,YEM.20.11_1,0.0,0
YE2103,Jardan,YE21,Shabwah,2023,1109,1109.0,1109.0,1,yemen,YEM,YEM.20.11_1,0.0,0
YE2103,Jardan,YE21,Shabwah,2025,455,455.0,455.0,1,yemen,YEM,YEM.20.11_1,0.0,0
YE2104,Arma'a,YE21,Shabwah,2015,345,345.0,345.0,1,yemen,YEM,,,0
YE2104,Arma'a,YE21,Shabwah,2016,90,86.0,84.0,3,yemen,YEM,,,0
YE2104,Arma'a,YE21,Shabwah,2017,198,146.57142857142858,192.0,7,yemen,YEM,,,0
YE2104,Arma'a,YE21,Shabwah,2018,198,198.0,198.0,6,yemen,YEM,,,0
YE2104,Arma'a,YE21,Shabwah,2022,628,628.0,628.0,1,yemen,YEM,,,0
YE2104,Arma'a,YE21,Shabwah,2023,1234,1234.0,1234.0,1,yemen,YEM,,,0
YE2104,Arma'a,YE21,Shabwah,2025,1239,1239.0,1239.0,1,yemen,YEM,,,0
YE2105,Osaylan,YE21,Shabwah,2016,3486,3268.0,3240.0,3,yemen,YEM,,,0
YE2105,Osaylan,YE21,Shabwah,2017,5688,5050.285714285715,5196.0,7,yemen,YEM,,,0
YE2105,Osaylan,YE21,Shabwah,2018,9738,9003.42857142857,9012.0,7,yemen,YEM,,,0
YE2105,Osaylan,YE21,Shabwah,2022,3766,3766.0,3766.0,1,yemen,YEM,,,0
YE2105,Osaylan,YE21,Shabwah,2023,5001,5001.0,5001.0,1,yemen,YEM,,,0
YE2105,Osaylan,YE21,Shabwah,2025,5334,5334.0,5334.0,1,yemen,YEM,,,0
YE2106,Ayn,YE21,Shabwah,2015,7975,7975.0,7975.0,1,yemen,YEM,,,0
YE2106,Ayn,YE21,Shabwah,2016,1602,1434.0,1596.0,3,yemen,YEM,,,0
YE2106,Ayn,YE21,Shabwah,2017,1908,1613.142857142857,1626.0,7,yemen,YEM,,,0
YE2106,Ayn,YE21,Shabwah,2018,1506,1430.5714285714287,1410.0,7,yemen,YEM,,,0
YE2106,Ayn,YE21,Shabwah,2022,2370,2370.0,2370.0,1,yemen,YEM,,,0
YE2106,Ayn,YE21,Shabwah,2023,1026,1026.0,1026.0,1,yemen,YEM,,,0
YE2106,Ayn,YE21,Shabwah,2025,1477,1477.0,1477.0,1,yemen,YEM,,,0
YE2107,Bayhan,YE21,Shabwah,2015,390,390.0,390.0,1,yemen,YEM,YEM.20.7_1,0.0,0
YE2107,Bayhan,YE21,Shabwah,2016,576,522.0,558.0,3,yemen,YEM,YEM.20.7_1,0.0,0
YE2107,Bayhan,YE21,Shabwah,2017,2382,1836.0,1842.0,7,yemen,YEM,YEM.20.7_1,0.0,0
YE2107,Bayhan,YE21,Shabwah,2018,3510,2955.4285714285716,2928.0,7,yemen,YEM,YEM.20.7_1,0.0,0
YE2107,Bayhan,YE21,Shabwah,2022,5634,5634.0,5634.0,1,yemen,YEM,YEM.20.7_1,0.0,0
YE2107,Bayhan,YE21,Shabwah,2023,8702,8702.0,8702.0,1,yemen,YEM,YEM.20.7_1,0.0,0
YE2107,Bayhan,YE21,Shabwah,2025,10808,10808.0,10808.0,1,yemen,YEM,YEM.20.7_1,0.0,0
YE2108,Markhah Al Olya,YE21,Shabwah,2016,414,366.0,342.0,3,yemen,YEM,,,0
YE2108,Markhah Al Olya,YE21,Shabwah,2017,432,392.57142857142856,390.0,7,yemen,YEM,,,0
YE2108,Markhah Al Olya,YE21,Shabwah,2018,552,449.14285714285717,432.0,7,yemen,YEM,,,0
YE2108,Markhah Al Olya,YE21,Shabwah,2022,812,812.0,812.0,1,yemen,YEM,,,0
YE2108,Markhah Al Olya,YE21,Shabwah,2023,2376,2376.0,2376.0,1,yemen,YEM,,,0
YE2108,Markhah Al Olya,YE21,Shabwah,2025,2590,2590.0,2590.0,1,yemen,YEM,,,0
YE2109,Markhah As Sufla,YE21,Shabwah,2015,555,555.0,555.0,1,yemen,YEM,,,0
YE2109,Markhah As Sufla,YE21,Shabwah,2016,1014,972.0,996.0,3,yemen,YEM,,,0
YE2109,Markhah As Sufla,YE21,Shabwah,2017,1290,1165.7142857142858,1248.0,7,yemen,YEM,,,0
YE2109,Markhah As Sufla,YE21,Shabwah,2018,1296,1282.2857142857142,1278.0,7,yemen,YEM,,,0
YE2109,Markhah As Sufla,YE21,Shabwah,2022,1261,1261.0,1261.0,1,yemen,YEM,,,0
YE2109,Markhah As Sufla,YE21,Shabwah,2023,1329,1329.0,1329.0,1,yemen,YEM,,,0
YE2109,Markhah As Sufla,YE21,Shabwah,2025,1786,1786.0,1786.0,1,yemen,YEM,,,0
YE2110,Nisab,YE21,Shabwah,2015,682,682.0,682.0,1,yemen,YEM,YEM.20.15_1,0.0,0
YE2110,Nisab,YE21,Shabwah,2016,336,292.0,336.0,3,yemen,YEM,YEM.20.15_1,0.0,0
YE2110,Nisab,YE21,Shabwah,2017,570,466.2857142857143,558.0,7,yemen,YEM,YEM.20.15_1,0.0,0
YE2110,Nisab,YE21,Shabwah,2018,888,617.1428571428571,588.0,7,yemen,YEM,YEM.20.15_1,0.0,0
YE2110,Nisab,YE21,Shabwah,2022,1245,1245.0,1245.0,1,yemen,YEM,YEM.20.15_1,0.0,0
YE2110,Nisab,YE21,Shabwah,2023,1077,1077.0,1077.0,1,yemen,YEM,YEM.20.15_1,0.0,0
YE2110,Nisab,YE21,Shabwah,2025,1134,1134.0,1134.0,1,yemen,YEM,YEM.20.15_1,0.0,0
YE2111,Hatib,YE21,Shabwah,2015,702,702.0,702.0,1,yemen,YEM,YEM.20.10_1,0.0,0
YE2111,Hatib,YE21,Shabwah,2016,210,210.0,210.0,3,yemen,YEM,YEM.20.10_1,0.0,0
YE2111,Hatib,YE21,Shabwah,2017,210,196.28571428571428,198.0,7,yemen,YEM,YEM.20.10_1,0.0,0
YE2111,Hatib,YE21,Shabwah,2018,228,222.85714285714286,222.0,7,yemen,YEM,YEM.20.10_1,0.0,0
YE2111,Hatib,YE21,Shabwah,2022,47,47.0,47.0,1,yemen,YEM,YEM.20.10_1,0.0,0
YE2111,Hatib,YE21,Shabwah,2023,157,157.0,157.0,1,yemen,YEM,YEM.20.10_1,0.0,0
YE2111,Hatib,YE21,Shabwah,2025,161,161.0,161.0,1,yemen,YEM,YEM.20.10_1,0.0,0
YE2112,As Sa'id,YE21,Shabwah,2015,17589,17589.0,17589.0,1,yemen,YEM,,,0
YE2112,As Sa'id,YE21,Shabwah,2016,708,666.0,708.0,3,yemen,YEM,,,0
YE2112,As Sa'id,YE21,Shabwah,2017,1314,960.0,900.0,7,yemen,YEM,,,0
YE2112,As Sa'id,YE21,Shabwah,2018,900,835.0,828.0,6,yemen,YEM,,,0
YE2112,As Sa'id,YE21,Shabwah,2022,363,363.0,363.0,1,yemen,YEM,,,0
YE2112,As Sa'id,YE21,Shabwah,2023,496,496.0,496.0,1,yemen,YEM,,,0
YE2112,As Sa'id,YE21,Shabwah,2025,546,546.0,546.0,1,yemen,YEM,,,0
YE2113,Ataq,YE21,Shabwah,2015,2861,2861.0,2861.0,1,yemen,YEM,YEM.20.6_1,0.0,0
YE2113,Ataq,YE21,Shabwah,2016,3282,3068.0,3252.0,3,yemen,YEM,YEM.20.6_1,0.0,0
YE2113,Ataq,YE21,Shabwah,2017,4044,3718.285714285714,3594.0,7,yemen,YEM,YEM.20.6_1,0.0,0
YE2113,Ataq,YE21,Shabwah,2018,5286,4506.0,4362.0,7,yemen,YEM,YEM.20.6_1,0.0,0
YE2113,Ataq,YE21,Shabwah,2022,25046,25046.0,25046.0,1,yemen,YEM,YEM.20.6_1,0.0,0
YE2113,Ataq,YE21,Shabwah,2023,18104,18104.0,18104.0,1,yemen,YEM,YEM.20.6_1,0.0,0
YE2113,Ataq,YE21,Shabwah,2025,20139,20139.0,20139.0,1,yemen,YEM,YEM.20.6_1,0.0,0
YE2114,Habban,YE21,Shabwah,2015,1750,1750.0,1750.0,1,yemen,YEM,YEM.20.9_1,0.0,0
YE2114,Habban,YE21,Shabwah,2016,810,622.0,750.0,3,yemen,YEM,YEM.20.9_1,0.0,0
YE2114,Habban,YE21,Shabwah,2017,768,731.1428571428571,726.0,7,yemen,YEM,YEM.20.9_1,0.0,0
YE2114,Habban,YE21,Shabwah,2018,786,774.8571428571429,774.0,7,yemen,YEM,YEM.20.9_1,0.0,0
YE2114,Habban,YE21,Shabwah,2022,812,812.0,812.0,1,yemen,YEM,YEM.20.9_1,0.0,0
YE2114,Habban,YE21,Shabwah,2023,924,924.0,924.0,1,yemen,YEM,YEM.20.9_1,0.0,0
YE2114,Habban,YE21,Shabwah,2025,931,931.0,931.0,1,yemen,YEM,YEM.20.9_1,0.0,0
YE2115,Ar Rawdah,YE21,Shabwah,2015,195,195.0,195.0,1,yemen,YEM,YEM.20.3_1,0.0,0
YE2115,Ar Rawdah,YE21,Shabwah,2016,156,154.0,156.0,3,yemen,YEM,YEM.20.3_1,0.0,0
YE2115,Ar Rawdah,YE21,Shabwah,2017,354,284.57142857142856,306.0,7,yemen,YEM,YEM.20.3_1,0.0,0
YE2115,Ar Rawdah,YE21,Shabwah,2018,480,375.0,354.0,6,yemen,YEM,YEM.20.3_1,0.0,0
YE2115,Ar Rawdah,YE21,Shabwah,2022,976,976.0,976.0,1,yemen,YEM,YEM.20.3_1,0.0,0
YE2115,Ar Rawdah,YE21,Shabwah,2023,1460,1460.0,1460.0,1,yemen,YEM,YEM.20.3_1,0.0,0
YE2115,Ar Rawdah,YE21,Shabwah,2025,1477,1477.0,1477.0,1,yemen,YEM,YEM.20.3_1,0.0,0
YE2116,Mayfa'ah,YE21,Shabwah,2015,277,277.0,277.0,1,yemen,YEM,,,0
YE2116,Mayfa'ah,YE21,Shabwah,2016,630,478.0,606.0,3,yemen,YEM,,,0
YE2116,Mayfa'ah,YE21,Shabwah,2017,3930,1331.142857142857,816.0,7,yemen,YEM,,,0
YE2116,Mayfa'ah,YE21,Shabwah,2018,3948,2377.714285714286,2088.0,7,yemen,YEM,,,0
YE2116,Mayfa'ah,YE21,Shabwah,2022,1355,1355.0,1355.0,1,yemen,YEM,,,0
YE2116,Mayfa'ah,YE21,Shabwah,2023,1332,1332.0,1332.0,1,yemen,YEM,,,0
YE2116,Mayfa'ah,YE21,Shabwah,2025,1694,1694.0,1694.0,1,yemen,YEM,,,0
YE2117,Radum,YE21,Shabwah,2015,1170,1170.0,1170.0,1,yemen,YEM,,,0
YE2117,Radum,YE21,Shabwah,2016,1410,1330.0,1308.0,3,yemen,YEM,,,0
YE2117,Radum,YE21,Shabwah,2017,1320,1302.857142857143,1308.0,7,yemen,YEM,,,0
YE2117,Radum,YE21,Shabwah,2018,1656,1494.0,1458.0,7,yemen,YEM,,,0
YE2117,Radum,YE21,Shabwah,2022,1184,1184.0,1184.0,1,yemen,YEM,,,0
YE2117,Radum,YE21,Shabwah,2023,1071,1071.0,1071.0,1,yemen,YEM,,,0
YE2117,Radum,YE21,Shabwah,2025,1029,1029.0,1029.0,1,yemen,YEM,,,0
YE2201,Baqim,YE22,Sa'dah,2016,2106,1151.0,1128.0,4,yemen,YEM,YEM.18.4_1,1.0,0
YE2201,Baqim,YE22,Sa'dah,2017,1764,1644.0,1605.0,4,yemen,YEM,YEM.18.4_1,1.0,0
YE2201,Baqim,YE22,Sa'dah,2018,14250,7995.0,7995.0,2,yemen,YEM,YEM.18.4_1,1.0,0
YE2202,Qatabir,YE22,Sa'dah,2018,2304,1467.0,1467.0,2,yemen,YEM,YEM.18.10_1,1.0,0
YE2203,Monabbih,YE22,Sa'dah,2016,1272,1272.0,1272.0,1,yemen,YEM,YEM.18.9_1,1.0,0
YE2203,Monabbih,YE22,Sa'dah,2018,14172,7440.0,7440.0,2,yemen,YEM,YEM.18.9_1,1.0,0
YE2204,Ghamr,YE22,Sa'dah,2018,3150,3150.0,3150.0,1,yemen,YEM,YEM.18.5_1,1.0,0
YE2205,Razih,YE22,Sa'dah,2016,3138,2076.0,1614.0,3,yemen,YEM,YEM.18.11_1,1.0,0
YE2205,Razih,YE22,Sa'dah,2017,3336,3322.5,3336.0,4,yemen,YEM,YEM.18.11_1,1.0,0
YE2205,Razih,YE22,Sa'dah,2018,9798,7986.0,7986.0,2,yemen,YEM,YEM.18.11_1,1.0,0
YE2206,Shada'a,YE22,Sa'dah,2018,174,93.0,93.0,2,yemen,YEM,YEM.18.15_1,1.0,0
YE2207,Adh Dhahir,YE22,Sa'dah,2018,4200,2502.0,2502.0,2,yemen,YEM,,,0
YE2208,Haydan,YE22,Sa'dah,2018,8310,4158.0,4158.0,2,yemen,YEM,YEM.18.6_1,1.0,0
YE2209,Saqin,YE22,Sa'dah,2015,5500,5500.0,5500.0,1,yemen,YEM,,,0
YE2209,Saqin,YE22,Sa'dah,2016,41917,19566.25,16818.0,4,yemen,YEM,,,0
YE2209,Saqin,YE22,Sa'dah,2017,23562,23514.0,23538.0,4,yemen,YEM,,,0
YE2209,Saqin,YE22,Sa'dah,2018,24702,14292.0,14292.0,2,yemen,YEM,,,0
YE2210,Majz,YE22,Sa'dah,2015,8050,8050.0,8050.0,1,yemen,YEM,YEM.18.8_1,1.0,0
YE2210,Majz,YE22,Sa'dah,2016,50517,19184.25,9135.0,4,yemen,YEM,YEM.18.8_1,1.0,0
YE2210,Majz,YE22,Sa'dah,2017,11964,11256.0,11931.0,4,yemen,YEM,YEM.18.8_1,1.0,0
YE2210,Majz,YE22,Sa'dah,2018,14208,14136.0,14136.0,2,yemen,YEM,YEM.18.8_1,1.0,0
YE2211,Sahar,YE22,Sa'dah,2015,3250,3250.0,3250.0,1,yemen,YEM,YEM.18.13_1,1.0,0
YE2211,Sahar,YE22,Sa'dah,2016,29778,20536.0,22251.0,4,yemen,YEM,YEM.18.13_1,1.0,0
YE2211,Sahar,YE22,Sa'dah,2017,30150,27480.0,26643.0,4,yemen,YEM,YEM.18.13_1,1.0,0
YE2211,Sahar,YE22,Sa'dah,2018,43896,35556.0,35556.0,2,yemen,YEM,YEM.18.13_1,1.0,0
YE2212,As Safra,YE22,Sa'dah,2015,3370,3370.0,3370.0,1,yemen,YEM,YEM.18.3_1,1.0,0
YE2212,As Safra,YE22,Sa'dah,2016,14250,7472.25,5835.0,4,yemen,YEM,YEM.18.3_1,1.0,0
YE2212,As Safra,YE22,Sa'dah,2017,14454,11958.0,11154.0,4,yemen,YEM,YEM.18.3_1,1.0,0
YE2212,As Safra,YE22,Sa'dah,2018,16548,15240.0,15240.0,2,yemen,YEM,YEM.18.3_1,1.0,0
YE2213,Al Hashwah,YE22,Sa'dah,2016,4020,2596.5,2787.0,4,yemen,YEM,YEM.18.2_1,1.0,0
YE2213,Al Hashwah,YE22,Sa'dah,2017,4506,4224.0,4359.0,4,yemen,YEM,YEM.18.2_1,1.0,0
YE2213,Al Hashwah,YE22,Sa'dah,2018,4506,2793.0,2793.0,2,yemen,YEM,YEM.18.2_1,1.0,0
YE2214,Kitaf wa Al Boqa',YE22,Sa'dah,2016,31036,12551.5,7608.0,4,yemen,YEM,,,0
YE2214,Kitaf wa Al Boqa',YE22,Sa'dah,2017,9048,7470.0,7032.0,4,yemen,YEM,,,0
YE2214,Kitaf wa Al Boqa',YE22,Sa'dah,2018,16032,11406.0,11406.0,2,yemen,YEM,,,0
YE2215,Sa'dah,YE22,Sa'dah,2015,3000,3000.0,3000.0,1,yemen,YEM,,,0
YE2215,Sa'dah,YE22,Sa'dah,2016,7926,7371.25,7515.0,4,yemen,YEM,,,0
YE2215,Sa'dah,YE22,Sa'dah,2017,16632,14185.5,16032.0,4,yemen,YEM,,,0
YE2215,Sa'dah,YE22,Sa'dah,2018,20118,19482.0,19482.0,2,yemen,YEM,,,0
YE2301,Hamdan,YE23,Sana'a,2015,921,921.0,921.0,1,yemen,YEM,YEM.19.10_1,1.0,0
YE2301,Hamdan,YE23,Sana'a,2016,29268,20989.75,20703.5,4,yemen,YEM,YEM.19.10_1,1.0,0
YE2301,Hamdan,YE23,Sana'a,2017,12108,11841.0,12078.0,4,yemen,YEM,YEM.19.10_1,1.0,0
YE2301,Hamdan,YE23,Sana'a,2018,38652,25380.0,25380.0,2,yemen,YEM,YEM.19.10_1,1.0,0
YE2302,Arhab,YE23,Sana'a,2016,28668,21313.5,19665.0,4,yemen,YEM,YEM.19.4_1,1.0,0
YE2302,Arhab,YE23,Sana'a,2017,13512,12688.5,12438.0,4,yemen,YEM,YEM.19.4_1,1.0,0
YE2302,Arhab,YE23,Sana'a,2018,12438,6948.0,6948.0,2,yemen,YEM,YEM.19.4_1,1.0,0
YE2303,Nihm,YE23,Sana'a,2015,921,921.0,921.0,1,yemen,YEM,YEM.19.14_1,1.0,0
YE2303,Nihm,YE23,Sana'a,2016,27668,22109.0,23736.0,4,yemen,YEM,YEM.19.14_1,1.0,0
YE2303,Nihm,YE23,Sana'a,2017,11796,9744.0,9159.0,4,yemen,YEM,YEM.19.14_1,1.0,0
YE2303,Nihm,YE23,Sana'a,2018,8862,6615.0,6615.0,2,yemen,YEM,YEM.19.14_1,1.0,0
YE2304,Bani Hushaysh,YE23,Sana'a,2015,1311,1311.0,1311.0,1,yemen,YEM,YEM.19.7_1,1.0,0
YE2304,Bani Hushaysh,YE23,Sana'a,2016,10548,8969.75,9885.0,4,yemen,YEM,YEM.19.7_1,1.0,0
YE2304,Bani Hushaysh,YE23,Sana'a,2017,10794,10635.0,10794.0,4,yemen,YEM,YEM.19.7_1,1.0,0
YE2304,Bani Hushaysh,YE23,Sana'a,2018,10794,6705.0,6705.0,2,yemen,YEM,YEM.19.7_1,1.0,0
YE2305,Sanhan wa Bani Bahlul,YE23,Sana'a,2015,72,72.0,72.0,1,yemen,YEM,,,0
YE2305,Sanhan wa Bani Bahlul,YE23,Sana'a,2016,20586,14830.0,15828.0,4,yemen,YEM,,,0
YE2305,Sanhan wa Bani Bahlul,YE23,Sana'a,2017,13182,8172.0,6762.0,4,yemen,YEM,,,0
YE2305,Sanhan wa Bani Bahlul,YE23,Sana'a,2018,23340,14661.0,14661.0,2,yemen,YEM,,,0
YE2306,Bilad Ar Rus,YE23,Sana'a,2016,2426,1575.5,1362.0,4,yemen,YEM,YEM.19.9_1,0.0,0
YE2306,Bilad Ar Rus,YE23,Sana'a,2017,1338,1260.0,1302.0,4,yemen,YEM,YEM.19.9_1,0.0,0
YE2306,Bilad Ar Rus,YE23,Sana'a,2018,1338,1245.0,1245.0,2,yemen,YEM,YEM.19.9_1,0.0,0
YE2307,Bani Matar,YE23,Sana'a,2016,34134,25524.0,27318.0,4,yemen,YEM,YEM.19.8_1,0.0,0
YE2307,Bani Matar,YE23,Sana'a,2017,12282,10452.0,9888.0,4,yemen,YEM,YEM.19.8_1,0.0,0
YE2307,Bani Matar,YE23,Sana'a,2018,9888,7215.0,7215.0,2,yemen,YEM,YEM.19.8_1,0.0,0
YE2308,Al Haymah Ad Dakhiliyah,YE23,Sana'a,2016,14268,10719.0,12909.0,4,yemen,YEM,YEM.19.1_1,0.0,0
YE2308,Al Haymah Ad Dakhiliyah,YE23,Sana'a,2017,11100,9450.0,8946.0,4,yemen,YEM,YEM.19.1_1,0.0,0
YE2308,Al Haymah Ad Dakhiliyah,YE23,Sana'a,2018,8946,4809.0,4809.0,2,yemen,YEM,YEM.19.1_1,0.0,0
YE2309,Al Haymah Al Kharijiyah,YE23,Sana'a,2015,921,921.0,921.0,1,yemen,YEM,YEM.19.2_1,0.0,0
YE2309,Al Haymah Al Kharijiyah,YE23,Sana'a,2016,8142,6838.0,7518.0,4,yemen,YEM,YEM.19.2_1,0.0,0
YE2309,Al Haymah Al Kharijiyah,YE23,Sana'a,2017,7668,6583.5,6234.0,4,yemen,YEM,YEM.19.2_1,0.0,0
YE2309,Al Haymah Al Kharijiyah,YE23,Sana'a,2018,6234,3744.0,3744.0,2,yemen,YEM,YEM.19.2_1,0.0,0
YE2310,Manakhah,YE23,Sana'a,2016,15960,14543.25,14502.0,4,yemen,YEM,YEM.19.13_1,0.0,0
YE2310,Manakhah,YE23,Sana'a,2017,16500,15883.5,15933.0,4,yemen,YEM,YEM.19.13_1,0.0,0
YE2310,Manakhah,YE23,Sana'a,2018,16500,10779.0,10779.0,2,yemen,YEM,YEM.19.13_1,0.0,0
YE2311,Sa'fan,YE23,Sana'a,2016,3396,3094.5,3315.0,4,yemen,YEM,YEM.19.15_1,0.0,0
YE2311,Sa'fan,YE23,Sana'a,2017,3402,3073.5,2964.0,4,yemen,YEM,YEM.19.15_1,0.0,0
YE2311,Sa'fan,YE23,Sana'a,2018,4032,3498.0,3498.0,2,yemen,YEM,YEM.19.15_1,0.0,0
YE2312,Khawlan,YE23,Sana'a,2016,7686,6945.5,6981.0,4,yemen,YEM,,,0
YE2312,Khawlan,YE23,Sana'a,2017,6666,5938.5,5724.0,4,yemen,YEM,,,0
YE2312,Khawlan,YE23,Sana'a,2018,5724,3912.0,3912.0,2,yemen,YEM,,,0
YE2313,At Tyal,YE23,Sana'a,2016,8046,7504.75,7446.5,4,yemen,YEM,,,0
YE2313,At Tyal,YE23,Sana'a,2017,8466,8233.5,8289.0,4,yemen,YEM,,,0
YE2313,At Tyal,YE23,Sana'a,2018,8466,6990.0,6990.0,2,yemen,YEM,,,0
YE2314,Bani Dabyan,YE23,Sana'a,2016,9372,8726.75,8864.5,4,yemen,YEM,,,0
YE2314,Bani Dabyan,YE23,Sana'a,2017,10998,10311.0,10437.0,4,yemen,YEM,,,0
YE2314,Bani Dabyan,YE23,Sana'a,2018,10998,5844.0,5844.0,2,yemen,YEM,,,0
YE2315,Al Hissn,YE23,Sana'a,2016,13535,8653.25,8349.0,4,yemen,YEM,,,0
YE2315,Al Hissn,YE23,Sana'a,2017,3438,3070.5,3033.0,4,yemen,YEM,,,0
YE2315,Al Hissn,YE23,Sana'a,2018,2778,1593.0,1593.0,2,yemen,YEM,,,0
YE2316,Jihanah,YE23,Sana'a,2016,6702,3865.0,3476.0,4,yemen,YEM,YEM.19.11_1,0.0,0
YE2316,Jihanah,YE23,Sana'a,2017,2004,1894.5,1953.0,4,yemen,YEM,YEM.19.11_1,0.0,0
YE2316,Jihanah,YE23,Sana'a,2018,2610,2307.0,2307.0,2,yemen,YEM,YEM.19.11_1,0.0,0
YE2401,Dar Sa'd,YE24,Aden,2015,30779,30779.0,30779.0,1,yemen,YEM,,,0
YE2401,Dar Sa'd,YE24,Aden,2016,7326,4724.0,3996.0,3,yemen,YEM,,,0
YE2401,Dar Sa'd,YE24,Aden,2017,9660,9159.42857142857,9306.0,7,yemen,YEM,,,0
YE2401,Dar Sa'd,YE24,Aden,2018,13302,10920.0,10638.0,7,yemen,YEM,,,0
YE2401,Dar Sa'd,YE24,Aden,2022,37350,37350.0,37350.0,1,yemen,YEM,,,0
YE2401,Dar Sa'd,YE24,Aden,2023,68237,68237.0,68237.0,1,yemen,YEM,,,0
YE2401,Dar Sa'd,YE24,Aden,2025,68890,68890.0,68890.0,1,yemen,YEM,,,0
YE2402,Ash Shaykh Othman,YE24,Aden,2015,43302,43302.0,43302.0,1,yemen,YEM,,,0
YE2402,Ash Shaykh Othman,YE24,Aden,2016,2982,2832.0,2886.0,3,yemen,YEM,,,0
YE2402,Ash Shaykh Othman,YE24,Aden,2017,4596,4319.142857142857,4278.0,7,yemen,YEM,,,0
YE2402,Ash Shaykh Othman,YE24,Aden,2018,8370,5880.857142857143,5586.0,7,yemen,YEM,,,0
YE2402,Ash Shaykh Othman,YE24,Aden,2022,12904,12904.0,12904.0,1,yemen,YEM,,,0
YE2402,Ash Shaykh Othman,YE24,Aden,2023,59095,59095.0,59095.0,1,yemen,YEM,,,0
YE2402,Ash Shaykh Othman,YE24,Aden,2025,59095,59095.0,59095.0,1,yemen,YEM,,,0
YE2403,Al Mansurah,YE24,Aden,2015,33376,33376.0,33376.0,1,yemen,YEM,,,0
YE2403,Al Mansurah,YE24,Aden,2016,612,550.0,600.0,3,yemen,YEM,,,0
YE2403,Al Mansurah,YE24,Aden,2017,1236,928.2857142857143,882.0,7,yemen,YEM,,,0
YE2403,Al Mansurah,YE24,Aden,2018,2172,1440.0,1350.0,7,yemen,YEM,,,0
YE2403,Al Mansurah,YE24,Aden,2022,8778,8778.0,8778.0,1,yemen,YEM,,,0
YE2403,Al Mansurah,YE24,Aden,2023,63656,63656.0,63656.0,1,yemen,YEM,,,0
YE2403,Al Mansurah,YE24,Aden,2025,64404,64404.0,64404.0,1,yemen,YEM,,,0
YE2404,Al Burayqah,YE24,Aden,2015,76643,76643.0,76643.0,1,yemen,YEM,,,0
YE2404,Al Burayqah,YE24,Aden,2016,16440,15630.0,16440.0,3,yemen,YEM,,,0
YE2404,Al Burayqah,YE24,Aden,2017,19386,17672.571428571428,17616.0,7,yemen,YEM,,,0
YE2404,Al Burayqah,YE24,Aden,2018,22650,21745.714285714286,21558.0,7,yemen,YEM,,,0
YE2404,Al Burayqah,YE24,Aden,2022,25991,25991.0,25991.0,1,yemen,YEM,,,0
YE2404,Al Burayqah,YE24,Aden,2023,40636,40636.0,40636.0,1,yemen,YEM,,,0
YE2404,Al Burayqah,YE24,Aden,2025,41565,41565.0,41565.0,1,yemen,YEM,,,0
YE2405,At Tawahi,YE24,Aden,2016,2814,2798.0,2814.0,3,yemen,YEM,,,0
YE2405,At Tawahi,YE24,Aden,2017,2934,2884.285714285714,2898.0,7,yemen,YEM,,,0
YE2405,At Tawahi,YE24,Aden,2018,4098,3213.4285714285716,3072.0,7,yemen,YEM,,,0
YE2405,At Tawahi,YE24,Aden,2022,2017,2017.0,2017.0,1,yemen,YEM,,,0
YE2405,At Tawahi,YE24,Aden,2023,11025,11025.0,11025.0,1,yemen,YEM,,,0
YE2405,At Tawahi,YE24,Aden,2025,11175,11175.0,11175.0,1,yemen,YEM,,,0
YE2406,Al Mu'alla,YE24,Aden,2016,624,594.0,624.0,3,yemen,YEM,,,0
YE2406,Al Mu'alla,YE24,Aden,2017,864,756.0,780.0,7,yemen,YEM,,,0
YE2406,Al Mu'alla,YE24,Aden,2018,2154,1112.5714285714287,1008.0,7,yemen,YEM,,,0
YE2406,Al Mu'alla,YE24,Aden,2022,5129,5129.0,5129.0,1,yemen,YEM,,,0
YE2406,Al Mu'alla,YE24,Aden,2023,21875,21875.0,21875.0,1,yemen,YEM,,,0
YE2406,Al Mu'alla,YE24,Aden,2025,21640,21640.0,21640.0,1,yemen,YEM,,,0
YE2407,Kritar - Sirah,YE24,Aden,2016,1140,1040.0,990.0,3,yemen,YEM,,,0
YE2407,Kritar - Sirah,YE24,Aden,2017,2556,2048.5714285714284,2100.0,7,yemen,YEM,,,0
YE2407,Kritar - Sirah,YE24,Aden,2018,5304,4229.142857142857,4350.0,7,yemen,YEM,,,0
YE2407,Kritar - Sirah,YE24,Aden,2022,3222,3222.0,3222.0,1,yemen,YEM,,,0
YE2407,Kritar - Sirah,YE24,Aden,2023,26556,26556.0,26556.0,1,yemen,YEM,,,0
YE2407,Kritar - Sirah,YE24,Aden,2025,26479,26479.0,26479.0,1,yemen,YEM,,,0
YE2408,Khur Maksar,YE24,Aden,2016,2172,2166.0,2172.0,3,yemen,YEM,YEM.1.8_1,0.0,0
YE2408,Khur Maksar,YE24,Aden,2017,2388,1856.5714285714287,1752.0,7,yemen,YEM,YEM.1.8_1,0.0,0
YE2408,Khur Maksar,YE24,Aden,2018,1914,1604.5714285714287,1536.0,7,yemen,YEM,YEM.1.8_1,0.0,0
YE2408,Khur Maksar,YE24,Aden,2022,4620,4620.0,4620.0,1,yemen,YEM,YEM.1.8_1,0.0,0
YE2408,Khur Maksar,YE24,Aden,2023,9763,9763.0,9763.0,1,yemen,YEM,YEM.1.8_1,0.0,0
YE2408,Khur Maksar,YE24,Aden,2025,9805,9805.0,9805.0,1,yemen,YEM,YEM.1.8_1,0.0,0
YE2501,Al Had,YE25,Lahj,2016,2664,2450.0,2664.0,3,yemen,YEM,YEM.15.2_1,0.0,0
YE2501,Al Had,YE25,Lahj,2017,2814,2518.285714285714,2556.0,7,yemen,YEM,YEM.15.2_1,0.0,0
YE2501,Al Had,YE25,Lahj,2018,2706,2578.285714285714,2682.0,7,yemen,YEM,YEM.15.2_1,0.0,0
YE2501,Al Had,YE25,Lahj,2022,3660,3660.0,3660.0,1,yemen,YEM,YEM.15.2_1,0.0,0
YE2501,Al Had,YE25,Lahj,2023,3823,3823.0,3823.0,1,yemen,YEM,YEM.15.2_1,0.0,0
YE2501,Al Had,YE25,Lahj,2025,3764,3764.0,3764.0,1,yemen,YEM,YEM.15.2_1,0.0,0
YE2502,Yafi',YE25,Lahj,2016,600,494.0,486.0,3,yemen,YEM,,,0
YE2502,Yafi',YE25,Lahj,2017,666,528.8571428571429,462.0,7,yemen,YEM,,,0
YE2502,Yafi',YE25,Lahj,2018,558,483.42857142857144,468.0,7,yemen,YEM,,,0
YE2502,Yafi',YE25,Lahj,2022,798,798.0,798.0,1,yemen,YEM,,,0
YE2502,Yafi',YE25,Lahj,2023,903,903.0,903.0,1,yemen,YEM,,,0
YE2502,Yafi',YE25,Lahj,2025,721,721.0,721.0,1,yemen,YEM,,,0
YE2503,Al Maflahi,YE25,Lahj,2016,1344,1208.0,1308.0,3,yemen,YEM,,,0
YE2503,Al Maflahi,YE25,Lahj,2017,1224,1164.0,1158.0,7,yemen,YEM,,,0
YE2503,Al Maflahi,YE25,Lahj,2018,1140,1129.7142857142858,1128.0,7,yemen,YEM,,,0
YE2503,Al Maflahi,YE25,Lahj,2022,304,304.0,304.0,1,yemen,YEM,,,0
YE2503,Al Maflahi,YE25,Lahj,2023,405,405.0,405.0,1,yemen,YEM,,,0
YE2503,Al Maflahi,YE25,Lahj,2025,432,432.0,432.0,1,yemen,YEM,,,0
YE2504,Yahr,YE25,Lahj,2016,360,344.0,348.0,3,yemen,YEM,YEM.15.15_1,0.0,0
YE2504,Yahr,YE25,Lahj,2017,720,492.85714285714283,420.0,7,yemen,YEM,YEM.15.15_1,0.0,0
YE2504,Yahr,YE25,Lahj,2018,570,549.4285714285714,570.0,7,yemen,YEM,YEM.15.15_1,0.0,0
YE2504,Yahr,YE25,Lahj,2022,733,733.0,733.0,1,yemen,YEM,YEM.15.15_1,0.0,0
YE2504,Yahr,YE25,Lahj,2023,585,585.0,585.0,1,yemen,YEM,YEM.15.15_1,0.0,0
YE2504,Yahr,YE25,Lahj,2025,393,393.0,393.0,1,yemen,YEM,YEM.15.15_1,0.0,0
YE2505,Habil Jabr,YE25,Lahj,2016,300,262.0,276.0,3,yemen,YEM,YEM.15.9_1,0.0,0
YE2505,Habil Jabr,YE25,Lahj,2017,312,296.57142857142856,300.0,7,yemen,YEM,YEM.15.9_1,0.0,0
YE2505,Habil Jabr,YE25,Lahj,2018,354,294.0,276.0,7,yemen,YEM,YEM.15.9_1,0.0,0
YE2505,Habil Jabr,YE25,Lahj,2022,609,609.0,609.0,1,yemen,YEM,YEM.15.9_1,0.0,0
YE2505,Habil Jabr,YE25,Lahj,2023,639,639.0,639.0,1,yemen,YEM,YEM.15.9_1,0.0,0
YE2505,Habil Jabr,YE25,Lahj,2025,638,638.0,638.0,1,yemen,YEM,YEM.15.9_1,0.0,0
YE2506,Halmin,YE25,Lahj,2015,347,347.0,347.0,1,yemen,YEM,,,0
YE2506,Halmin,YE25,Lahj,2016,210,194.0,210.0,3,yemen,YEM,,,0
YE2506,Halmin,YE25,Lahj,2017,318,258.85714285714283,228.0,7,yemen,YEM,,,0
YE2506,Halmin,YE25,Lahj,2018,360,353.14285714285717,360.0,7,yemen,YEM,,,0
YE2506,Halmin,YE25,Lahj,2022,350,350.0,350.0,1,yemen,YEM,,,0
YE2506,Halmin,YE25,Lahj,2023,1544,1544.0,1544.0,1,yemen,YEM,,,0
YE2506,Halmin,YE25,Lahj,2025,1591,1591.0,1591.0,1,yemen,YEM,,,0
YE2507,Radfan,YE25,Lahj,2015,1750,1750.0,1750.0,1,yemen,YEM,YEM.15.11_1,0.0,0
YE2507,Radfan,YE25,Lahj,2016,882,858.0,864.0,3,yemen,YEM,YEM.15.11_1,0.0,0
YE2507,Radfan,YE25,Lahj,2017,984,915.4285714285714,894.0,7,yemen,YEM,YEM.15.11_1,0.0,0
YE2507,Radfan,YE25,Lahj,2018,1098,1038.857142857143,1056.0,7,yemen,YEM,YEM.15.11_1,0.0,0
YE2507,Radfan,YE25,Lahj,2022,3325,3325.0,3325.0,1,yemen,YEM,YEM.15.11_1,0.0,0
YE2507,Radfan,YE25,Lahj,2023,3426,3426.0,3426.0,1,yemen,YEM,YEM.15.11_1,0.0,0
YE2507,Radfan,YE25,Lahj,2025,3466,3466.0,3466.0,1,yemen,YEM,YEM.15.11_1,0.0,0
YE2508,Al Malah,YE25,Lahj,2016,702,660.0,660.0,3,yemen,YEM,,,0
YE2508,Al Malah,YE25,Lahj,2017,756,658.2857142857143,606.0,7,yemen,YEM,,,0
YE2508,Al Malah,YE25,Lahj,2018,738,724.2857142857143,714.0,7,yemen,YEM,,,0
YE2508,Al Malah,YE25,Lahj,2022,475,475.0,475.0,1,yemen,YEM,,,0
YE2508,Al Malah,YE25,Lahj,2023,692,692.0,692.0,1,yemen,YEM,,,0
YE2508,Al Malah,YE25,Lahj,2025,1043,1043.0,1043.0,1,yemen,YEM,,,0
YE2509,Al Musaymir,YE25,Lahj,2016,624,568.0,570.0,3,yemen,YEM,YEM.15.7_1,0.0,0
YE2509,Al Musaymir,YE25,Lahj,2017,582,531.4285714285714,552.0,7,yemen,YEM,YEM.15.7_1,0.0,0
YE2509,Al Musaymir,YE25,Lahj,2018,912,542.5714285714286,486.0,7,yemen,YEM,YEM.15.7_1,0.0,0
YE2509,Al Musaymir,YE25,Lahj,2022,1171,1171.0,1171.0,1,yemen,YEM,YEM.15.7_1,0.0,0
YE2509,Al Musaymir,YE25,Lahj,2023,2107,2107.0,2107.0,1,yemen,YEM,YEM.15.7_1,0.0,0
YE2509,Al Musaymir,YE25,Lahj,2025,5127,5127.0,5127.0,1,yemen,YEM,YEM.15.7_1,0.0,0
YE2510,Al Qubaytah,YE25,Lahj,2016,20292,18914.0,18510.0,3,yemen,YEM,,,0
YE2510,Al Qubaytah,YE25,Lahj,2017,16686,15236.57142857143,14898.0,7,yemen,YEM,,,0
YE2510,Al Qubaytah,YE25,Lahj,2018,16524,14927.142857142857,14820.0,7,yemen,YEM,,,0
YE2510,Al Qubaytah,YE25,Lahj,2022,2505,2505.0,2505.0,1,yemen,YEM,,,0
YE2510,Al Qubaytah,YE25,Lahj,2023,5082,5082.0,5082.0,1,yemen,YEM,,,0
YE2510,Al Qubaytah,YE25,Lahj,2025,4995,4995.0,4995.0,1,yemen,YEM,,,0
YE2511,Tur Al Bahah,YE25,Lahj,2015,7875,7875.0,7875.0,1,yemen,YEM,YEM.15.13_1,0.0,0
YE2511,Tur Al Bahah,YE25,Lahj,2016,4128,3648.0,3738.0,3,yemen,YEM,YEM.15.13_1,0.0,0
YE2511,Tur Al Bahah,YE25,Lahj,2017,5586,3420.0,3768.0,7,yemen,YEM,YEM.15.13_1,0.0,0
YE2511,Tur Al Bahah,YE25,Lahj,2018,5994,5620.285714285715,5904.0,7,yemen,YEM,YEM.15.13_1,0.0,0
YE2511,Tur Al Bahah,YE25,Lahj,2022,2341,2341.0,2341.0,1,yemen,YEM,YEM.15.13_1,0.0,0
YE2511,Tur Al Bahah,YE25,Lahj,2023,2648,2648.0,2648.0,1,yemen,YEM,YEM.15.13_1,0.0,0
YE2511,Tur Al Bahah,YE25,Lahj,2025,2760,2760.0,2760.0,1,yemen,YEM,YEM.15.13_1,0.0,0
YE2512,Al Maqatirah,YE25,Lahj,2016,12840,12702.0,12768.0,3,yemen,YEM,YEM.15.5_1,0.0,0
YE2512,Al Maqatirah,YE25,Lahj,2017,12654,10588.285714285714,10104.0,7,yemen,YEM,YEM.15.5_1,0.0,0
YE2512,Al Maqatirah,YE25,Lahj,2018,9216,8507.142857142857,8382.0,7,yemen,YEM,YEM.15.5_1,0.0,0
YE2512,Al Maqatirah,YE25,Lahj,2022,3785,3785.0,3785.0,1,yemen,YEM,YEM.15.5_1,0.0,0
YE2512,Al Maqatirah,YE25,Lahj,2023,3786,3786.0,3786.0,1,yemen,YEM,YEM.15.5_1,0.0,0
YE2512,Al Maqatirah,YE25,Lahj,2025,3484,3484.0,3484.0,1,yemen,YEM,YEM.15.5_1,0.0,0
YE2513,Al Madaribah Wa Al Aarah,YE25,Lahj,2016,8988,7994.0,7596.0,3,yemen,YEM,,,0
YE2513,Al Madaribah Wa Al Aarah,YE25,Lahj,2017,12042,10476.857142857143,10482.0,7,yemen,YEM,,,0
YE2513,Al Madaribah Wa Al Aarah,YE25,Lahj,2018,13836,12078.857142857143,13362.0,7,yemen,YEM,,,0
YE2513,Al Madaribah Wa Al Aarah,YE25,Lahj,2022,2425,2425.0,2425.0,1,yemen,YEM,,,0
YE2513,Al Madaribah Wa Al Aarah,YE25,Lahj,2023,3098,3098.0,3098.0,1,yemen,YEM,,,0
YE2513,Al Madaribah Wa Al Aarah,YE25,Lahj,2025,2894,2894.0,2894.0,1,yemen,YEM,,,0
YE2514,Al Hawtah,YE25,Lahj,2016,624,610.0,612.0,3,yemen,YEM,YEM.15.1_1,0.0,0
YE2514,Al Hawtah,YE25,Lahj,2017,738,648.0,642.0,7,yemen,YEM,YEM.15.1_1,0.0,0
YE2514,Al Hawtah,YE25,Lahj,2018,1638,1294.2857142857142,1236.0,7,yemen,YEM,YEM.15.1_1,0.0,0
YE2514,Al Hawtah,YE25,Lahj,2022,1881,1881.0,1881.0,1,yemen,YEM,YEM.15.1_1,0.0,0
YE2514,Al Hawtah,YE25,Lahj,2023,2020,2020.0,2020.0,1,yemen,YEM,YEM.15.1_1,0.0,0
YE2514,Al Hawtah,YE25,Lahj,2025,1920,1920.0,1920.0,1,yemen,YEM,YEM.15.1_1,0.0,0
YE2515,Tuban,YE25,Lahj,2015,28512,28512.0,28512.0,1,yemen,YEM,YEM.15.12_1,0.0,0
YE2515,Tuban,YE25,Lahj,2016,6804,5688.0,5292.0,3,yemen,YEM,YEM.15.12_1,0.0,0
YE2515,Tuban,YE25,Lahj,2017,14460,10393.714285714286,9984.0,7,yemen,YEM,YEM.15.12_1,0.0,0
YE2515,Tuban,YE25,Lahj,2018,27810,22305.428571428572,22140.0,7,yemen,YEM,YEM.15.12_1,0.0,0
YE2515,Tuban,YE25,Lahj,2022,27971,27971.0,27971.0,1,yemen,YEM,YEM.15.12_1,0.0,0
YE2515,Tuban,YE25,Lahj,2023,33701,33701.0,33701.0,1,yemen,YEM,YEM.15.12_1,0.0,0
YE2515,Tuban,YE25,Lahj,2025,33682,33682.0,33682.0,1,yemen,YEM,YEM.15.12_1,0.0,0
YE2601,Majzar,YE26,Ma'rib,2015,2875,2875.0,2875.0,1,yemen,YEM,YEM.16.8_1,1.0,0
YE2601,Majzar,YE26,Ma'rib,2016,1746,1135.75,1137.0,4,yemen,YEM,YEM.16.8_1,1.0,0
YE2601,Majzar,YE26,Ma'rib,2017,6480,5274.0,6423.0,4,yemen,YEM,YEM.16.8_1,1.0,0
YE2601,Majzar,YE26,Ma'rib,2018,18540,12510.0,12510.0,2,yemen,YEM,YEM.16.8_1,1.0,0
YE2602,Raghwan,YE26,Ma'rib,2016,768,625.75,699.0,4,yemen,YEM,YEM.16.12_1,1.0,0
YE2602,Raghwan,YE26,Ma'rib,2017,786,781.5,786.0,4,yemen,YEM,YEM.16.12_1,1.0,0
YE2602,Raghwan,YE26,Ma'rib,2018,8484,4635.0,4635.0,2,yemen,YEM,YEM.16.12_1,1.0,0
YE2602,Raghwan,YE26,Ma'rib,2022,20981,20981.0,20981.0,1,yemen,YEM,YEM.16.12_1,1.0,0
YE2602,Raghwan,YE26,Ma'rib,2023,20470,20470.0,20470.0,1,yemen,YEM,YEM.16.12_1,1.0,0
YE2602,Raghwan,YE26,Ma'rib,2025,21157,21157.0,21157.0,1,yemen,YEM,YEM.16.12_1,1.0,0
YE2603,Madghal Al Jid'an,YE26,Ma'rib,2015,2875,2875.0,2875.0,1,yemen,YEM,,,0
YE2603,Madghal Al Jid'an,YE26,Ma'rib,2016,4122,2278.5,2382.0,4,yemen,YEM,,,0
YE2603,Madghal Al Jid'an,YE26,Ma'rib,2017,3942,3838.5,3921.0,4,yemen,YEM,,,0
YE2603,Madghal Al Jid'an,YE26,Ma'rib,2018,16188,10065.0,10065.0,2,yemen,YEM,,,0
YE2604,Harib Al Qaramish,YE26,Ma'rib,2016,1560,1425.0,1548.0,4,yemen,YEM,YEM.16.5_1,1.0,0
YE2604,Harib Al Qaramish,YE26,Ma'rib,2017,2370,2160.0,2355.0,4,yemen,YEM,YEM.16.5_1,1.0,0
YE2604,Harib Al Qaramish,YE26,Ma'rib,2018,6858,5190.0,5190.0,2,yemen,YEM,YEM.16.5_1,1.0,0
YE2605,Bidbadah,YE26,Ma'rib,2016,648,393.75,331.5,4,yemen,YEM,YEM.16.3_1,0.0,0
YE2605,Bidbadah,YE26,Ma'rib,2017,384,357.0,378.0,4,yemen,YEM,YEM.16.3_1,0.0,0
YE2605,Bidbadah,YE26,Ma'rib,2018,5154,2868.0,2868.0,2,yemen,YEM,YEM.16.3_1,0.0,0
YE2606,Sirwah,YE26,Ma'rib,2015,6780,6780.0,6780.0,1,yemen,YEM,YEM.16.14_1,0.0,0
YE2606,Sirwah,YE26,Ma'rib,2016,7896,6963.5,7515.0,4,yemen,YEM,YEM.16.14_1,0.0,0
YE2606,Sirwah,YE26,Ma'rib,2017,11148,10090.5,10746.0,4,yemen,YEM,YEM.16.14_1,0.0,0
YE2606,Sirwah,YE26,Ma'rib,2018,29154,20835.0,20835.0,2,yemen,YEM,YEM.16.14_1,0.0,0
YE2607,Al Jubah,YE26,Ma'rib,2016,3464,2220.5,1833.0,4,yemen,YEM,YEM.16.2_1,0.0,0
YE2607,Al Jubah,YE26,Ma'rib,2017,1854,1794.0,1782.0,4,yemen,YEM,YEM.16.2_1,0.0,0
YE2607,Al Jubah,YE26,Ma'rib,2018,6900,4320.0,4320.0,2,yemen,YEM,YEM.16.2_1,0.0,0
YE2608,Rahabah,YE26,Ma'rib,2016,884,738.5,744.0,4,yemen,YEM,YEM.16.13_1,0.0,0
YE2608,Rahabah,YE26,Ma'rib,2017,1794,1563.0,1794.0,4,yemen,YEM,YEM.16.13_1,0.0,0
YE2608,Rahabah,YE26,Ma'rib,2018,2646,2220.0,2220.0,2,yemen,YEM,YEM.16.13_1,0.0,0
YE2609,Harib,YE26,Ma'rib,2016,1248,1150.5,1173.0,4,yemen,YEM,YEM.16.4_1,0.0,0
YE2609,Harib,YE26,Ma'rib,2017,3054,2596.5,3042.0,4,yemen,YEM,YEM.16.4_1,0.0,0
YE2609,Harib,YE26,Ma'rib,2018,7386,5214.0,5214.0,2,yemen,YEM,YEM.16.4_1,0.0,0
YE2609,Harib,YE26,Ma'rib,2022,98949,98949.0,98949.0,1,yemen,YEM,YEM.16.4_1,0.0,0
YE2609,Harib,YE26,Ma'rib,2023,100571,100571.0,100571.0,1,yemen,YEM,YEM.16.4_1,0.0,0
YE2609,Harib,YE26,Ma'rib,2025,105487,105487.0,105487.0,1,yemen,YEM,YEM.16.4_1,0.0,0
YE2610,Mahliyah,YE26,Ma'rib,2016,1482,1205.75,1374.0,4,yemen,YEM,YEM.16.7_1,0.0,0
YE2610,Mahliyah,YE26,Ma'rib,2017,3846,3241.5,3822.0,4,yemen,YEM,YEM.16.7_1,0.0,0
YE2610,Mahliyah,YE26,Ma'rib,2018,3822,3132.0,3132.0,2,yemen,YEM,YEM.16.7_1,0.0,0
YE2611,Al Abdiyah,YE26,Ma'rib,2016,444,338.75,341.5,4,yemen,YEM,YEM.16.1_1,0.0,0
YE2611,Al Abdiyah,YE26,Ma'rib,2017,720,601.5,720.0,4,yemen,YEM,YEM.16.1_1,0.0,0
YE2611,Al Abdiyah,YE26,Ma'rib,2018,14826,7836.0,7836.0,2,yemen,YEM,YEM.16.1_1,0.0,0
YE2611,Al Abdiyah,YE26,Ma'rib,2022,1837,1837.0,1837.0,1,yemen,YEM,YEM.16.1_1,0.0,0
YE2611,Al Abdiyah,YE26,Ma'rib,2023,3424,3424.0,3424.0,1,yemen,YEM,YEM.16.1_1,0.0,0
YE2611,Al Abdiyah,YE26,Ma'rib,2025,4062,4062.0,4062.0,1,yemen,YEM,YEM.16.1_1,0.0,0
YE2612,Ma'rib City,YE26,Ma'rib,2015,1962,1962.0,1962.0,1,yemen,YEM,,,0
YE2612,Ma'rib City,YE26,Ma'rib,2016,13722,10404.75,11256.0,4,yemen,YEM,,,0
YE2612,Ma'rib City,YE26,Ma'rib,2017,25320,22275.0,23757.0,4,yemen,YEM,,,0
YE2612,Ma'rib City,YE26,Ma'rib,2018,577854,301587.0,301587.0,2,yemen,YEM,,,0
YE2612,Ma'rib City,YE26,Ma'rib,2022,1096000,1096000.0,1096000.0,1,yemen,YEM,,,0
YE2612,Ma'rib City,YE26,Ma'rib,2023,1130367,1130367.0,1130367.0,1,yemen,YEM,,,0
YE2612,Ma'rib City,YE26,Ma'rib,2025,1261730,1261730.0,1261730.0,1,yemen,YEM,,,0
YE2613,Ma'rib,YE26,Ma'rib,2016,12462,10140.5,11721.0,4,yemen,YEM,,,0
YE2613,Ma'rib,YE26,Ma'rib,2017,12246,11007.0,10656.0,4,yemen,YEM,,,0
YE2613,Ma'rib,YE26,Ma'rib,2018,71742,41220.0,41220.0,2,yemen,YEM,,,0
YE2613,Ma'rib,YE26,Ma'rib,2022,254467,254467.0,254467.0,1,yemen,YEM,,,0
YE2613,Ma'rib,YE26,Ma'rib,2023,351128,351128.0,351128.0,1,yemen,YEM,,,0
YE2613,Ma'rib,YE26,Ma'rib,2025,399586,399586.0,399586.0,1,yemen,YEM,,,0
YE2614,Jabal Murad,YE26,Ma'rib,2016,894,789.0,834.0,4,yemen,YEM,YEM.16.6_1,0.0,0
YE2614,Jabal Murad,YE26,Ma'rib,2017,1788,1560.0,1779.0,4,yemen,YEM,YEM.16.6_1,0.0,0
YE2614,Jabal Murad,YE26,Ma'rib,2018,1854,1821.0,1821.0,2,yemen,YEM,YEM.16.6_1,0.0,0
YE2701,Shibam Kawkaban,YE27,Al Mahwit,2015,2700,2700.0,2700.0,1,yemen,YEM,YEM.8.9_1,1.0,0
YE2701,Shibam Kawkaban,YE27,Al Mahwit,2016,2286,1698.0,1575.0,4,yemen,YEM,YEM.8.9_1,1.0,0
YE2701,Shibam Kawkaban,YE27,Al Mahwit,2017,1260,1203.0,1248.0,4,yemen,YEM,YEM.8.9_1,1.0,0
YE2701,Shibam Kawkaban,YE27,Al Mahwit,2018,4272,2778.0,2778.0,2,yemen,YEM,YEM.8.9_1,1.0,0
YE2702,At Tawilah,YE27,Al Mahwit,2015,3000,3000.0,3000.0,1,yemen,YEM,YEM.8.5_1,1.0,0
YE2702,At Tawilah,YE27,Al Mahwit,2016,6468,4823.5,4893.0,4,yemen,YEM,YEM.8.5_1,1.0,0
YE2702,At Tawilah,YE27,Al Mahwit,2017,4458,3834.0,3642.0,4,yemen,YEM,YEM.8.5_1,1.0,0
YE2702,At Tawilah,YE27,Al Mahwit,2018,3642,2934.0,2934.0,2,yemen,YEM,YEM.8.5_1,1.0,0
YE2703,Ar Rujum,YE27,Al Mahwit,2015,4200,4200.0,4200.0,1,yemen,YEM,YEM.8.4_1,1.0,0
YE2703,Ar Rujum,YE27,Al Mahwit,2016,7170,5666.75,6351.0,4,yemen,YEM,YEM.8.4_1,1.0,0
YE2703,Ar Rujum,YE27,Al Mahwit,2017,6354,6228.0,6312.0,4,yemen,YEM,YEM.8.4_1,1.0,0
YE2703,Ar Rujum,YE27,Al Mahwit,2018,6360,4479.0,4479.0,2,yemen,YEM,YEM.8.4_1,1.0,0
YE2704,Al Khabt,YE27,Al Mahwit,2015,1064,1064.0,1064.0,1,yemen,YEM,YEM.8.1_1,1.0,0
YE2704,Al Khabt,YE27,Al Mahwit,2016,5094,3806.25,3580.5,4,yemen,YEM,YEM.8.1_1,1.0,0
YE2704,Al Khabt,YE27,Al Mahwit,2017,3372,3277.5,3252.0,4,yemen,YEM,YEM.8.1_1,1.0,0
YE2704,Al Khabt,YE27,Al Mahwit,2018,7086,6213.0,6213.0,2,yemen,YEM,YEM.8.1_1,1.0,0
YE2705,Melhan,YE27,Al Mahwit,2015,3600,3600.0,3600.0,1,yemen,YEM,,,0
YE2705,Melhan,YE27,Al Mahwit,2016,6792,5522.5,6012.0,4,yemen,YEM,,,0
YE2705,Melhan,YE27,Al Mahwit,2017,7650,7356.0,7479.0,4,yemen,YEM,,,0
YE2705,Melhan,YE27,Al Mahwit,2018,7662,5214.0,5214.0,2,yemen,YEM,,,0
YE2706,Hufash,YE27,Al Mahwit,2015,1986,1986.0,1986.0,1,yemen,YEM,YEM.8.7_1,0.0,0
YE2706,Hufash,YE27,Al Mahwit,2016,6936,5429.0,5137.0,4,yemen,YEM,YEM.8.7_1,0.0,0
YE2706,Hufash,YE27,Al Mahwit,2017,4194,3871.5,3774.0,4,yemen,YEM,YEM.8.7_1,0.0,0
YE2706,Hufash,YE27,Al Mahwit,2018,3774,3561.0,3561.0,2,yemen,YEM,YEM.8.7_1,0.0,0
YE2707,Bani Sa'd,YE27,Al Mahwit,2015,4200,4200.0,4200.0,1,yemen,YEM,YEM.8.6_1,0.0,0
YE2707,Bani Sa'd,YE27,Al Mahwit,2016,16758,13471.25,12785.5,4,yemen,YEM,YEM.8.6_1,0.0,0
YE2707,Bani Sa'd,YE27,Al Mahwit,2017,11952,9592.5,9114.0,4,yemen,YEM,YEM.8.6_1,0.0,0
YE2707,Bani Sa'd,YE27,Al Mahwit,2018,9210,7008.0,7008.0,2,yemen,YEM,YEM.8.6_1,0.0,0
YE2708,Al Mahwit City,YE27,Al Mahwit,2015,4800,4800.0,4800.0,1,yemen,YEM,,,0
YE2708,Al Mahwit City,YE27,Al Mahwit,2016,3967,3006.25,2844.0,4,yemen,YEM,,,0
YE2708,Al Mahwit City,YE27,Al Mahwit,2017,2220,1611.0,1488.0,4,yemen,YEM,,,0
YE2708,Al Mahwit City,YE27,Al Mahwit,2018,4968,3291.0,3291.0,2,yemen,YEM,,,0
YE2709,Al Mahwit,YE27,Al Mahwit,2015,6700,6700.0,6700.0,1,yemen,YEM,,,0
YE2709,Al Mahwit,YE27,Al Mahwit,2016,4002,3347.75,3509.5,4,yemen,YEM,,,0
YE2709,Al Mahwit,YE27,Al Mahwit,2017,3966,3660.0,3648.0,4,yemen,YEM,,,0
YE2709,Al Mahwit,YE27,Al Mahwit,2018,9462,6534.0,6534.0,2,yemen,YEM,,,0
YE2801,Shahin,YE28,Al Maharah,2016,270,232.0,270.0,3,yemen,YEM,,,0
YE2801,Shahin,YE28,Al Maharah,2017,174,132.85714285714286,102.0,7,yemen,YEM,,,0
YE2801,Shahin,YE28,Al Maharah,2018,180,144.0,138.0,7,yemen,YEM,,,0
YE2801,Shahin,YE28,Al Maharah,2022,2302,2302.0,2302.0,1,yemen,YEM,,,0
YE2801,Shahin,YE28,Al Maharah,2023,3035,3035.0,3035.0,1,yemen,YEM,,,0
YE2801,Shahin,YE28,Al Maharah,2025,4844,4844.0,4844.0,1,yemen,YEM,,,0
YE2802,Hat,YE28,Al Maharah,2016,36,24.0,18.0,3,yemen,YEM,YEM.7.3_1,0.0,0
YE2802,Hat,YE28,Al Maharah,2017,72,59.142857142857146,60.0,7,yemen,YEM,YEM.7.3_1,0.0,0
YE2802,Hat,YE28,Al Maharah,2018,60,60.0,60.0,7,yemen,YEM,YEM.7.3_1,0.0,0
YE2802,Hat,YE28,Al Maharah,2022,249,249.0,249.0,1,yemen,YEM,YEM.7.3_1,0.0,0
YE2802,Hat,YE28,Al Maharah,2023,130,130.0,130.0,1,yemen,YEM,YEM.7.3_1,0.0,0
YE2802,Hat,YE28,Al Maharah,2025,386,386.0,386.0,1,yemen,YEM,YEM.7.3_1,0.0,0
YE2803,Hawf,YE28,Al Maharah,2016,108,100.0,102.0,3,yemen,YEM,YEM.7.4_1,0.0,0
YE2803,Hawf,YE28,Al Maharah,2017,126,120.85714285714286,126.0,7,yemen,YEM,YEM.7.4_1,0.0,0
YE2803,Hawf,YE28,Al Maharah,2018,168,146.57142857142858,168.0,7,yemen,YEM,YEM.7.4_1,0.0,0
YE2803,Hawf,YE28,Al Maharah,2022,327,327.0,327.0,1,yemen,YEM,YEM.7.4_1,0.0,0
YE2803,Hawf,YE28,Al Maharah,2023,414,414.0,414.0,1,yemen,YEM,YEM.7.4_1,0.0,0
YE2803,Hawf,YE28,Al Maharah,2025,427,427.0,427.0,1,yemen,YEM,YEM.7.4_1,0.0,0
YE2804,Al Ghaydhah,YE28,Al Maharah,2015,110,110.0,110.0,1,yemen,YEM,,,0
YE2804,Al Ghaydhah,YE28,Al Maharah,2016,2358,2084.0,2112.0,3,yemen,YEM,,,0
YE2804,Al Ghaydhah,YE28,Al Maharah,2017,3126,2652.8571428571427,2634.0,7,yemen,YEM,,,0
YE2804,Al Ghaydhah,YE28,Al Maharah,2018,6318,5506.285714285715,5766.0,7,yemen,YEM,,,0
YE2804,Al Ghaydhah,YE28,Al Maharah,2022,14017,14017.0,14017.0,1,yemen,YEM,,,0
YE2804,Al Ghaydhah,YE28,Al Maharah,2023,18929,18929.0,18929.0,1,yemen,YEM,,,0
YE2804,Al Ghaydhah,YE28,Al Maharah,2025,33739,33739.0,33739.0,1,yemen,YEM,,,0
YE2805,Man'ar,YE28,Al Maharah,2022,106,106.0,106.0,1,yemen,YEM,YEM.7.6_1,0.0,0
YE2805,Man'ar,YE28,Al Maharah,2023,18,18.0,18.0,1,yemen,YEM,YEM.7.6_1,0.0,0
YE2805,Man'ar,YE28,Al Maharah,2025,137,137.0,137.0,1,yemen,YEM,YEM.7.6_1,0.0,0
YE2806,Al Masilah,YE28,Al Maharah,2016,1728,580.0,6.0,3,yemen,YEM,YEM.7.2_1,0.0,0
YE2806,Al Masilah,YE28,Al Maharah,2017,6,6.0,6.0,7,yemen,YEM,YEM.7.2_1,0.0,0
YE2806,Al Masilah,YE28,Al Maharah,2018,1374,201.42857142857142,6.0,7,yemen,YEM,YEM.7.2_1,0.0,0
YE2806,Al Masilah,YE28,Al Maharah,2022,720,720.0,720.0,1,yemen,YEM,YEM.7.2_1,0.0,0
YE2806,Al Masilah,YE28,Al Maharah,2023,963,963.0,963.0,1,yemen,YEM,YEM.7.2_1,0.0,0
YE2806,Al Masilah,YE28,Al Maharah,2025,886,886.0,886.0,1,yemen,YEM,YEM.7.2_1,0.0,0
YE2807,Sayhut,YE28,Al Maharah,2016,3018,1078.0,108.0,3,yemen,YEM,YEM.7.8_1,0.0,0
YE2807,Sayhut,YE28,Al Maharah,2017,114,114.0,114.0,7,yemen,YEM,YEM.7.8_1,0.0,0
YE2807,Sayhut,YE28,Al Maharah,2018,540,486.0,516.0,7,yemen,YEM,YEM.7.8_1,0.0,0
YE2807,Sayhut,YE28,Al Maharah,2022,590,590.0,590.0,1,yemen,YEM,YEM.7.8_1,0.0,0
YE2807,Sayhut,YE28,Al Maharah,2023,721,721.0,721.0,1,yemen,YEM,YEM.7.8_1,0.0,0
YE2807,Sayhut,YE28,Al Maharah,2025,2281,2281.0,2281.0,1,yemen,YEM,YEM.7.8_1,0.0,0
YE2808,Qishn,YE28,Al Maharah,2016,378,324.0,312.0,3,yemen,YEM,YEM.7.7_1,0.0,0
YE2808,Qishn,YE28,Al Maharah,2017,432,354.85714285714283,378.0,7,yemen,YEM,YEM.7.7_1,0.0,0
YE2808,Qishn,YE28,Al Maharah,2018,1122,1012.2857142857143,1008.0,7,yemen,YEM,YEM.7.7_1,0.0,0
YE2808,Qishn,YE28,Al Maharah,2022,823,823.0,823.0,1,yemen,YEM,YEM.7.7_1,0.0,0
YE2808,Qishn,YE28,Al Maharah,2023,706,706.0,706.0,1,yemen,YEM,YEM.7.7_1,0.0,0
YE2808,Qishn,YE28,Al Maharah,2025,875,875.0,875.0,1,yemen,YEM,YEM.7.7_1,0.0,0
YE2809,Haswin,YE28,Al Maharah,2016,222,196.0,192.0,3,yemen,YEM,,,0
YE2809,Haswin,YE28,Al Maharah,2017,258,236.57142857142858,234.0,7,yemen,YEM,,,0
YE2809,Haswin,YE28,Al Maharah,2018,540,412.2857142857143,414.0,7,yemen,YEM,,,0
YE2809,Haswin,YE28,Al Maharah,2022,585,585.0,585.0,1,yemen,YEM,,,0
YE2809,Haswin,YE28,Al Maharah,2023,940,940.0,940.0,1,yemen,YEM,,,0
YE2809,Haswin,YE28,Al Maharah,2025,3071,3071.0,3071.0,1,yemen,YEM,,,0
YE2901,Harf Sufyan,YE29,Amran,2016,9003,8690.25,8676.0,4,yemen,YEM,YEM.10.10_1,1.0,0
YE2901,Harf Sufyan,YE29,Amran,2017,9978,9807.0,9900.0,4,yemen,YEM,YEM.10.10_1,1.0,0
YE2901,Harf Sufyan,YE29,Amran,2018,15510,12705.0,12705.0,2,yemen,YEM,YEM.10.10_1,1.0,0
YE2902,Huth,YE29,Amran,2015,5,5.0,5.0,1,yemen,YEM,YEM.10.11_1,1.0,0
YE2902,Huth,YE29,Amran,2016,4626,3357.25,3447.5,4,yemen,YEM,YEM.10.11_1,1.0,0
YE2902,Huth,YE29,Amran,2017,8382,7468.5,8301.0,4,yemen,YEM,YEM.10.11_1,1.0,0
YE2902,Huth,YE29,Amran,2018,9960,9171.0,9171.0,2,yemen,YEM,YEM.10.11_1,1.0,0
YE2903,Al Ashah,YE29,Amran,2016,8193,6681.75,6318.0,4,yemen,YEM,YEM.10.1_1,1.0,0
YE2903,Al Ashah,YE29,Amran,2017,5850,5001.0,4728.0,4,yemen,YEM,YEM.10.1_1,1.0,0
YE2903,Al Ashah,YE29,Amran,2018,6738,5733.0,5733.0,2,yemen,YEM,YEM.10.1_1,1.0,0
YE2904,Qaflat Odhar,YE29,Amran,2016,3930,3399.25,3555.0,4,yemen,YEM,,,0
YE2904,Qaflat Odhar,YE29,Amran,2017,4068,3979.5,4059.0,4,yemen,YEM,,,0
YE2904,Qaflat Odhar,YE29,Amran,2018,5454,4761.0,4761.0,2,yemen,YEM,,,0
YE2905,Shaharah,YE29,Amran,2015,1164,1164.0,1164.0,1,yemen,YEM,YEM.10.18_1,1.0,0
YE2905,Shaharah,YE29,Amran,2016,9618,6608.75,7158.0,4,yemen,YEM,YEM.10.18_1,1.0,0
YE2905,Shaharah,YE29,Amran,2017,9606,9475.5,9438.0,4,yemen,YEM,YEM.10.18_1,1.0,0
YE2905,Shaharah,YE29,Amran,2018,15720,12579.0,12579.0,2,yemen,YEM,YEM.10.18_1,1.0,0
YE2906,Al Madan,YE29,Amran,2016,4332,3812.0,3795.0,4,yemen,YEM,YEM.10.2_1,1.0,0
YE2906,Al Madan,YE29,Amran,2017,4350,4089.0,4002.0,4,yemen,YEM,YEM.10.2_1,1.0,0
YE2906,Al Madan,YE29,Amran,2018,7734,5868.0,5868.0,2,yemen,YEM,YEM.10.2_1,1.0,0
YE2907,Suwayr,YE29,Amran,2015,1164,1164.0,1164.0,1,yemen,YEM,YEM.10.19_1,1.0,0
YE2907,Suwayr,YE29,Amran,2016,8886,4667.75,4209.0,4,yemen,YEM,YEM.10.19_1,1.0,0
YE2907,Suwayr,YE29,Amran,2017,13920,12790.5,13806.0,4,yemen,YEM,YEM.10.19_1,1.0,0
YE2907,Suwayr,YE29,Amran,2018,13920,12300.0,12300.0,2,yemen,YEM,YEM.10.19_1,1.0,0
YE2908,Dhulaymat Habur,YE29,Amran,2016,4320,3329.5,3017.0,4,yemen,YEM,,,0
YE2908,Dhulaymat Habur,YE29,Amran,2017,5268,5011.5,5247.0,4,yemen,YEM,,,0
YE2908,Dhulaymat Habur,YE29,Amran,2018,11790,8529.0,8529.0,2,yemen,YEM,,,0
YE2909,Dhibain,YE29,Amran,2016,6186,4396.25,3861.0,4,yemen,YEM,,,0
YE2909,Dhibain,YE29,Amran,2017,6036,4926.0,4584.0,4,yemen,YEM,,,0
YE2909,Dhibain,YE29,Amran,2018,5232,4908.0,4908.0,2,yemen,YEM,,,0
YE2910,Kharif,YE29,Amran,2015,1164,1164.0,1164.0,1,yemen,YEM,YEM.10.15_1,1.0,0
YE2910,Kharif,YE29,Amran,2016,6582,4384.75,4419.0,4,yemen,YEM,YEM.10.15_1,1.0,0
YE2910,Kharif,YE29,Amran,2017,8802,6825.0,6168.0,4,yemen,YEM,YEM.10.15_1,1.0,0
YE2910,Kharif,YE29,Amran,2018,8010,7944.0,7944.0,2,yemen,YEM,YEM.10.15_1,1.0,0
YE2911,Raydah,YE29,Amran,2015,1191,1191.0,1191.0,1,yemen,YEM,YEM.10.17_1,1.0,0
YE2911,Raydah,YE29,Amran,2016,8310,7292.0,7285.0,4,yemen,YEM,YEM.10.17_1,1.0,0
YE2911,Raydah,YE29,Amran,2017,8664,8040.0,8658.0,4,yemen,YEM,YEM.10.17_1,1.0,0
YE2911,Raydah,YE29,Amran,2018,12750,9849.0,9849.0,2,yemen,YEM,YEM.10.17_1,1.0,0
YE2912,Jabal Eyal Yazid,YE29,Amran,2015,42,42.0,42.0,1,yemen,YEM,,,0
YE2912,Jabal Eyal Yazid,YE29,Amran,2016,12672,10588.75,10263.5,4,yemen,YEM,,,0
YE2912,Jabal Eyal Yazid,YE29,Amran,2017,13566,13287.0,13494.0,4,yemen,YEM,,,0
YE2912,Jabal Eyal Yazid,YE29,Amran,2018,22626,18096.0,18096.0,2,yemen,YEM,,,0
YE2913,As Sudah,YE29,Amran,2016,2944,2611.0,2571.0,4,yemen,YEM,YEM.10.6_1,1.0,0
YE2913,As Sudah,YE29,Amran,2017,3096,2983.5,3057.0,4,yemen,YEM,YEM.10.6_1,1.0,0
YE2913,As Sudah,YE29,Amran,2018,6006,4551.0,4551.0,2,yemen,YEM,YEM.10.6_1,1.0,0
YE2914,As Sawd,YE29,Amran,2015,1569,1569.0,1569.0,1,yemen,YEM,YEM.10.5_1,1.0,0
YE2914,As Sawd,YE29,Amran,2016,3534,2458.0,2139.0,4,yemen,YEM,YEM.10.5_1,1.0,0
YE2914,As Sawd,YE29,Amran,2017,3774,2949.0,2712.0,4,yemen,YEM,YEM.10.5_1,1.0,0
YE2914,As Sawd,YE29,Amran,2018,9654,6183.0,6183.0,2,yemen,YEM,YEM.10.5_1,1.0,0
YE2915,Amran,YE29,Amran,2015,27155,27155.0,27155.0,1,yemen,YEM,YEM.10.4_1,1.0,0
YE2915,Amran,YE29,Amran,2016,26321,18920.75,18240.0,4,yemen,YEM,YEM.10.4_1,1.0,0
YE2915,Amran,YE29,Amran,2017,25518,24846.0,25041.0,4,yemen,YEM,YEM.10.4_1,1.0,0
YE2915,Amran,YE29,Amran,2018,59388,42453.0,42453.0,2,yemen,YEM,YEM.10.4_1,1.0,0
YE2916,Maswar,YE29,Amran,2015,1164,1164.0,1164.0,1,yemen,YEM,YEM.10.16_1,1.0,0
YE2916,Maswar,YE29,Amran,2016,6690,5998.0,5915.0,4,yemen,YEM,YEM.10.16_1,1.0,0
YE2916,Maswar,YE29,Amran,2017,6792,6723.0,6738.0,4,yemen,YEM,YEM.10.16_1,1.0,0
YE2916,Maswar,YE29,Amran,2018,9930,8361.0,8361.0,2,yemen,YEM,YEM.10.16_1,1.0,0
YE2917,Thula,YE29,Amran,2015,1164,1164.0,1164.0,1,yemen,YEM,YEM.10.20_1,1.0,0
YE2917,Thula,YE29,Amran,2016,2772,2038.0,2006.0,4,yemen,YEM,YEM.10.20_1,1.0,0
YE2917,Thula,YE29,Amran,2017,3054,2850.0,2793.0,4,yemen,YEM,YEM.10.20_1,1.0,0
YE2917,Thula,YE29,Amran,2018,7386,5214.0,5214.0,2,yemen,YEM,YEM.10.20_1,1.0,0
YE2918,Eyal Surayh,YE29,Amran,2015,58,58.0,58.0,1,yemen,YEM,,,0
YE2918,Eyal Surayh,YE29,Amran,2016,5856,3922.75,3378.5,4,yemen,YEM,,,0
YE2918,Eyal Surayh,YE29,Amran,2017,6000,5799.0,5844.0,4,yemen,YEM,,,0
YE2918,Eyal Surayh,YE29,Amran,2018,7128,6423.0,6423.0,2,yemen,YEM,,,0
YE2919,Khamir,YE29,Amran,2015,12707,12707.0,12707.0,1,yemen,YEM,YEM.10.14_1,1.0,0
YE2919,Khamir,YE29,Amran,2016,13806,12433.5,12300.0,4,yemen,YEM,YEM.10.14_1,1.0,0
YE2919,Khamir,YE29,Amran,2017,14094,13990.5,14031.0,4,yemen,YEM,YEM.10.14_1,1.0,0
YE2919,Khamir,YE29,Amran,2018,14604,14349.0,14349.0,2,yemen,YEM,YEM.10.14_1,1.0,0
YE2920,Bani Surim,YE29,Amran,2015,1164,1164.0,1164.0,1,yemen,YEM,,,0
YE2920,Bani Surim,YE29,Amran,2016,4824,2707.0,2030.0,4,yemen,YEM,,,0
YE2920,Bani Surim,YE29,Amran,2017,4728,4206.0,4158.0,4,yemen,YEM,,,0
YE2920,Bani Surim,YE29,Amran,2018,5946,5052.0,5052.0,2,yemen,YEM,,,0
YE3001,Juban,YE30,Ad Dali',2016,2880,2520.0,2454.0,3,yemen,YEM,YEM.4.8_1,0.0,0
YE3001,Juban,YE30,Ad Dali',2017,2178,1854.0,1758.0,7,yemen,YEM,YEM.4.8_1,0.0,0
YE3001,Juban,YE30,Ad Dali',2018,1950,1829.142857142857,1800.0,7,yemen,YEM,YEM.4.8_1,0.0,0
YE3002,Damt,YE30,Ad Dali',2015,11901,11901.0,11901.0,1,yemen,YEM,YEM.4.6_1,0.0,0
YE3002,Damt,YE30,Ad Dali',2016,5106,4752.0,4836.0,3,yemen,YEM,YEM.4.6_1,0.0,0
YE3002,Damt,YE30,Ad Dali',2017,5778,5449.714285714285,5430.0,7,yemen,YEM,YEM.4.6_1,0.0,0
YE3002,Damt,YE30,Ad Dali',2018,6084,5962.285714285715,5946.0,7,yemen,YEM,YEM.4.6_1,0.0,0
YE3003,Qa'tabah,YE30,Ad Dali',2015,79254,79254.0,79254.0,1,yemen,YEM,,,0
YE3003,Qa'tabah,YE30,Ad Dali',2016,3528,3348.0,3264.0,3,yemen,YEM,,,0
YE3003,Qa'tabah,YE30,Ad Dali',2017,4566,4454.571428571428,4488.0,7,yemen,YEM,,,0
YE3003,Qa'tabah,YE30,Ad Dali',2018,6918,5007.428571428572,4668.0,7,yemen,YEM,,,0
YE3003,Qa'tabah,YE30,Ad Dali',2022,22575,22575.0,22575.0,1,yemen,YEM,,,0
YE3003,Qa'tabah,YE30,Ad Dali',2023,37984,37984.0,37984.0,1,yemen,YEM,,,0
YE3003,Qa'tabah,YE30,Ad Dali',2025,31106,31106.0,31106.0,1,yemen,YEM,,,0
YE3004,Ash Shu'ayb,YE30,Ad Dali',2015,840,840.0,840.0,1,yemen,YEM,YEM.4.5_1,0.0,0
YE3004,Ash Shu'ayb,YE30,Ad Dali',2016,1458,1318.0,1296.0,3,yemen,YEM,YEM.4.5_1,0.0,0
YE3004,Ash Shu'ayb,YE30,Ad Dali',2017,1116,938.5714285714286,870.0,7,yemen,YEM,YEM.4.5_1,0.0,0
YE3004,Ash Shu'ayb,YE30,Ad Dali',2018,912,798.8571428571429,774.0,7,yemen,YEM,YEM.4.5_1,0.0,0
YE3004,Ash Shu'ayb,YE30,Ad Dali',2022,1060,1060.0,1060.0,1,yemen,YEM,YEM.4.5_1,0.0,0
YE3004,Ash Shu'ayb,YE30,Ad Dali',2023,2715,2715.0,2715.0,1,yemen,YEM,YEM.4.5_1,0.0,0
YE3004,Ash Shu'ayb,YE30,Ad Dali',2025,4299,4299.0,4299.0,1,yemen,YEM,YEM.4.5_1,0.0,0
YE3005,Al Hasayn,YE30,Ad Dali',2015,6300,6300.0,6300.0,1,yemen,YEM,,,0
YE3005,Al Hasayn,YE30,Ad Dali',2016,2364,2174.0,2358.0,3,yemen,YEM,,,0
YE3005,Al Hasayn,YE30,Ad Dali',2017,1824,1756.2857142857142,1776.0,7,yemen,YEM,,,0
YE3005,Al Hasayn,YE30,Ad Dali',2018,2244,1912.2857142857142,1866.0,7,yemen,YEM,,,0
YE3005,Al Hasayn,YE30,Ad Dali',2022,4122,4122.0,4122.0,1,yemen,YEM,,,0
YE3005,Al Hasayn,YE30,Ad Dali',2023,3763,3763.0,3763.0,1,yemen,YEM,,,0
YE3005,Al Hasayn,YE30,Ad Dali',2025,5278,5278.0,5278.0,1,yemen,YEM,,,0
YE3006,Ad Dali',YE30,Ad Dali',2015,101232,101232.0,101232.0,1,yemen,YEM,,,0
YE3006,Ad Dali',YE30,Ad Dali',2016,3462,3266.0,3222.0,3,yemen,YEM,,,0
YE3006,Ad Dali',YE30,Ad Dali',2017,3666,3186.0,3120.0,7,yemen,YEM,,,0
YE3006,Ad Dali',YE30,Ad Dali',2018,4530,3589.714285714286,3480.0,7,yemen,YEM,,,0
YE3006,Ad Dali',YE30,Ad Dali',2022,21096,21096.0,21096.0,1,yemen,YEM,,,0
YE3006,Ad Dali',YE30,Ad Dali',2023,23223,23223.0,23223.0,1,yemen,YEM,,,0
YE3006,Ad Dali',YE30,Ad Dali',2025,26984,26984.0,26984.0,1,yemen,YEM,,,0
YE3007,Jahaf,YE30,Ad Dali',2015,12075,12075.0,12075.0,1,yemen,YEM,YEM.4.7_1,0.0,0
YE3007,Jahaf,YE30,Ad Dali',2016,3540,3100.0,2952.0,3,yemen,YEM,YEM.4.7_1,0.0,0
YE3007,Jahaf,YE30,Ad Dali',2017,2778,2736.0,2742.0,7,yemen,YEM,YEM.4.7_1,0.0,0
YE3007,Jahaf,YE30,Ad Dali',2018,2982,2696.5714285714284,2664.0,7,yemen,YEM,YEM.4.7_1,0.0,0
YE3007,Jahaf,YE30,Ad Dali',2022,5781,5781.0,5781.0,1,yemen,YEM,YEM.4.7_1,0.0,0
YE3007,Jahaf,YE30,Ad Dali',2023,3727,3727.0,3727.0,1,yemen,YEM,YEM.4.7_1,0.0,0
YE3007,Jahaf,YE30,Ad Dali',2025,3568,3568.0,3568.0,1,yemen,YEM,YEM.4.7_1,0.0,0
YE3008,Al Azariq,YE30,Ad Dali',2015,12950,12950.0,12950.0,1,yemen,YEM,YEM.4.2_1,0.0,0
YE3008,Al Azariq,YE30,Ad Dali',2016,2670,2610.0,2646.0,3,yemen,YEM,YEM.4.2_1,0.0,0
YE3008,Al Azariq,YE30,Ad Dali',2017,3630,3387.4285714285716,3486.0,7,yemen,YEM,YEM.4.2_1,0.0,0
YE3008,Al Azariq,YE30,Ad Dali',2018,3678,3587.0,3594.0,6,yemen,YEM,YEM.4.2_1,0.0,0
YE3008,Al Azariq,YE30,Ad Dali',2022,2589,2589.0,2589.0,1,yemen,YEM,YEM.4.2_1,0.0,0
YE3008,Al Azariq,YE30,Ad Dali',2023,6010,6010.0,6010.0,1,yemen,YEM,YEM.4.2_1,0.0,0
YE3008,Al Azariq,YE30,Ad Dali',2025,6809,6809.0,6809.0,1,yemen,YEM,YEM.4.2_1,0.0,0
YE3009,Al Husha,YE30,Ad Dali',2015,2863,2863.0,2863.0,1,yemen,YEM,YEM.4.3_1,0.0,0
YE3009,Al Husha,YE30,Ad Dali',2016,4380,4186.0,4122.0,3,yemen,YEM,YEM.4.3_1,0.0,0
YE3009,Al Husha,YE30,Ad Dali',2017,3858,3563.1428571428573,3702.0,7,yemen,YEM,YEM.4.3_1,0.0,0
YE3009,Al Husha,YE30,Ad Dali',2018,4260,3519.0,3402.0,6,yemen,YEM,YEM.4.3_1,0.0,0
YE3101,Bilad Atta'am,YE31,Raymah,2015,1253,1253.0,1253.0,1,yemen,YEM,,,0
YE3101,Bilad Atta'am,YE31,Raymah,2016,4056,3586.75,3591.5,4,yemen,YEM,,,0
YE3101,Bilad Atta'am,YE31,Raymah,2017,4050,3954.0,3924.0,4,yemen,YEM,,,0
YE3101,Bilad Atta'am,YE31,Raymah,2018,6030,4977.0,4977.0,2,yemen,YEM,,,0
YE3102,As Salafiyyah,YE31,Raymah,2015,5684,5684.0,5684.0,1,yemen,YEM,,,0
YE3102,As Salafiyyah,YE31,Raymah,2016,10278,8545.0,9627.0,4,yemen,YEM,,,0
YE3102,As Salafiyyah,YE31,Raymah,2017,10722,10092.0,9885.0,4,yemen,YEM,,,0
YE3102,As Salafiyyah,YE31,Raymah,2018,9786,8886.0,8886.0,2,yemen,YEM,,,0
YE3103,Al Jabin,YE31,Raymah,2015,8295,8295.0,8295.0,1,yemen,YEM,YEM.17.1_1,0.0,0
YE3103,Al Jabin,YE31,Raymah,2016,11664,9914.0,10734.0,4,yemen,YEM,YEM.17.1_1,0.0,0
YE3103,Al Jabin,YE31,Raymah,2017,11154,9384.0,8826.0,4,yemen,YEM,YEM.17.1_1,0.0,0
YE3103,Al Jabin,YE31,Raymah,2018,10416,9639.0,9639.0,2,yemen,YEM,YEM.17.1_1,0.0,0
YE3104,Mazhar,YE31,Raymah,2015,15918,15918.0,15918.0,1,yemen,YEM,YEM.17.6_1,0.0,0
YE3104,Mazhar,YE31,Raymah,2016,11076,8808.0,8808.0,2,yemen,YEM,YEM.17.6_1,0.0,0
YE3104,Mazhar,YE31,Raymah,2017,9852,8380.5,7986.0,4,yemen,YEM,YEM.17.6_1,0.0,0
YE3104,Mazhar,YE31,Raymah,2018,11130,9582.0,9582.0,2,yemen,YEM,YEM.17.6_1,0.0,0
YE3105,Kusmah,YE31,Raymah,2015,4627,4627.0,4627.0,1,yemen,YEM,YEM.17.5_1,0.0,0
YE3105,Kusmah,YE31,Raymah,2016,13050,9788.5,9137.0,4,yemen,YEM,YEM.17.5_1,0.0,0
YE3105,Kusmah,YE31,Raymah,2017,7122,3459.0,2256.0,4,yemen,YEM,YEM.17.5_1,0.0,0
YE3105,Kusmah,YE31,Raymah,2018,4530,3393.0,3393.0,2,yemen,YEM,YEM.17.5_1,0.0,0
YE3106,Al Ja'fariyyah,YE31,Raymah,2015,1036,1036.0,1036.0,1,yemen,YEM,,,0
YE3106,Al Ja'fariyyah,YE31,Raymah,2016,11334,8883.75,8683.5,4,yemen,YEM,,,0
YE3106,Al Ja'fariyyah,YE31,Raymah,2017,9678,9429.0,9513.0,4,yemen,YEM,,,0
YE3106,Al Ja'fariyyah,YE31,Raymah,2018,16362,13041.0,13041.0,2,yemen,YEM,,,0
YE3201,Hadibu,YE32,Socotra,2015,355,355.0,355.0,1,yemen,YEM,,,0
YE3201,Hadibu,YE32,Socotra,2016,1320,1280.0,1260.0,3,yemen,YEM,,,0
YE3201,Hadibu,YE32,Socotra,2017,1170,1118.5714285714287,1140.0,7,yemen,YEM,,,0
YE3201,Hadibu,YE32,Socotra,2018,2976,1350.857142857143,1080.0,7,yemen,YEM,,,0
YE3201,Hadibu,YE32,Socotra,2022,6677,6677.0,6677.0,1,yemen,YEM,,,0
YE3201,Hadibu,YE32,Socotra,2023,8692,8692.0,8692.0,1,yemen,YEM,,,0
YE3201,Hadibu,YE32,Socotra,2025,8513,8513.0,8513.0,1,yemen,YEM,,,0
YE3202,Qalansiyah wa Abd Al Kuri,YE32,Socotra,2015,2614,2614.0,2614.0,1,yemen,YEM,,,0
YE3202,Qalansiyah wa Abd Al Kuri,YE32,Socotra,2016,1140,816.0,1140.0,3,yemen,YEM,,,0
YE3202,Qalansiyah wa Abd Al Kuri,YE32,Socotra,2017,1140,1081.7142857142858,1038.0,7,yemen,YEM,,,0
YE3202,Qalansiyah wa Abd Al Kuri,YE32,Socotra,2018,1038,1038.0,1038.0,7,yemen,YEM,,,0
YE3202,Qalansiyah wa Abd Al Kuri,YE32,Socotra,2022,2452,2452.0,2452.0,1,yemen,YEM,,,0
YE3202,Qalansiyah wa Abd Al Kuri,YE32,Socotra,2023,2574,2574.0,2574.0,1,yemen,YEM,,,0
YE3202,Qalansiyah wa Abd Al Kuri,YE32,Socotra,2025,2646,2646.0,2646.0,1,yemen,YEM,,,0
