admin2_code,admin2_name,admin1_code,admin1_name,year,idp_max,idp_mean,idp_median,n_rounds_in_year,country,iso3,GID_2,in_polygon,atrocity_count_first_pass
SD01001,Jebel Awlia,SD01,Khartoum,2023,9890,6338.894736842105,6920.0,33,sudan,SDN,,,0
SD01001,Jebel Awlia,SD01,Khartoum,2024,14020,7210.470588235294,4982.0,30,sudan,SDN,,,0
SD01001,Jebel Awlia,SD01,Khartoum,2025,28773,20493.833333333332,19799.0,12,sudan,SDN,,,0
SD01002,Um Bada,SD01,Khartoum,2023,5245,3846.7837837837837,4550.0,33,sudan,SDN,,,0
SD01002,Um Bada,SD01,Khartoum,2024,10209,7607.029411764706,7142.0,30,sudan,SDN,,,0
SD01002,Um Bada,SD01,Khartoum,2025,75481,37870.75,35919.5,12,sudan,SDN,,,0
SD01003,Bahri,SD01,Khartoum,2023,10110,5831.973684210527,4450.0,33,sudan,SDN,,,0
SD01003,Bahri,SD01,Khartoum,2024,33634,20174.20588235294,16392.5,30,sudan,SDN,,,0
SD01003,Bahri,SD01,Khartoum,2025,27003,25021.416666666668,25093.5,12,sudan,SDN,,,0
SD01004,Sharg An Neel,SD01,Khartoum,2023,13830,7774.473684210527,8765.0,33,sudan,SDN,,,0
SD01004,Sharg An Neel,SD01,Khartoum,2024,26860,15554.264705882353,17287.5,30,sudan,SDN,,,0
SD01004,Sharg An Neel,SD01,Khartoum,2025,30439,25310.583333333332,25505.5,12,sudan,SDN,,,0
SD01005,Karrari,SD01,Khartoum,2023,10230,7377.605263157895,9365.0,33,sudan,SDN,,,0
SD01005,Karrari,SD01,Khartoum,2024,20776,15677.411764705883,15171.0,30,sudan,SDN,,,0
SD01005,Karrari,SD01,Khartoum,2025,146729,79372.91666666667,99592.5,12,sudan,SDN,,,0
SD01006,Um Durman,SD01,Khartoum,2023,12685,5885.263157894737,4497.5,33,sudan,SDN,,,0
SD01006,Um Durman,SD01,Khartoum,2024,13351,8468.088235294117,7911.0,30,sudan,SDN,,,0
SD01006,Um Durman,SD01,Khartoum,2025,70218,39255.0,51226.0,12,sudan,SDN,,,0
SD01007,Khartoum,SD01,Khartoum,2023,5300,3082.2368421052633,3187.5,33,sudan,SDN,SDN.7.3_1,0.0,0
SD01007,Khartoum,SD01,Khartoum,2024,7190,3799.176470588235,3275.0,30,sudan,SDN,SDN.7.3_1,0.0,0
SD01007,Khartoum,SD01,Khartoum,2025,6746,6604.75,6716.0,8,sudan,SDN,SDN.7.3_1,0.0,0
SD02113,Dar As Salam,SD02,North Darfur,2012,27625,27625.0,27625.0,5,sudan,SDN,,,0
SD02113,Dar As Salam,SD02,North Darfur,2013,27625,27625.0,27625.0,7,sudan,SDN,,,0
SD02113,Dar As Salam,SD02,North Darfur,2014,27625,27625.0,27625.0,10,sudan,SDN,,,0
SD02113,Dar As Salam,SD02,North Darfur,2015,27625,27625.0,27625.0,12,sudan,SDN,,,0
SD02113,Dar As Salam,SD02,North Darfur,2016,27625,27625.0,27625.0,10,sudan,SDN,,,0
SD02113,Dar As Salam,SD02,North Darfur,2017,32709,30167.0,30167.0,10,sudan,SDN,,,0
SD02113,Dar As Salam,SD02,North Darfur,2018,32709,32709.0,32709.0,4,sudan,SDN,,,0
SD02113,Dar As Salam,SD02,North Darfur,2019,32709,32709.0,32709.0,1,sudan,SDN,,,0
SD02113,Dar As Salam,SD02,North Darfur,2020,42466,42466.0,42466.0,1,sudan,SDN,,,0
SD02113,Dar As Salam,SD02,North Darfur,2021,52504,47708.5,47708.5,2,sudan,SDN,,,0
SD02113,Dar As Salam,SD02,North Darfur,2022,46651,46441.0,46441.0,2,sudan,SDN,,,0
SD02113,Dar As Salam,SD02,North Darfur,2023,62326,11794.131578947368,9985.0,33,sudan,SDN,,,0
SD02113,Dar As Salam,SD02,North Darfur,2024,181448,72426.82352941176,48011.5,30,sudan,SDN,,,0
SD02113,Dar As Salam,SD02,North Darfur,2025,239399,207919.0,205073.5,12,sudan,SDN,,,0
SD02114,Al Fasher,SD02,North Darfur,2011,80083,80083.0,80083.0,4,sudan,SDN,SDN.8.1_1,1.0,0
SD02114,Al Fasher,SD02,North Darfur,2012,114936,95020.0,80083.0,7,sudan,SDN,SDN.8.1_1,1.0,0
SD02114,Al Fasher,SD02,North Darfur,2013,114936,114936.0,114936.0,7,sudan,SDN,SDN.8.1_1,1.0,0
SD02114,Al Fasher,SD02,North Darfur,2014,168435,157735.2,168435.0,10,sudan,SDN,SDN.8.1_1,1.0,0
SD02114,Al Fasher,SD02,North Darfur,2015,221237,211043.41666666666,220297.0,12,sudan,SDN,SDN.8.1_1,1.0,0
SD02114,Al Fasher,SD02,North Darfur,2016,221237,221237.0,221237.0,10,sudan,SDN,SDN.8.1_1,1.0,0
SD02114,Al Fasher,SD02,North Darfur,2017,221237,221237.0,221237.0,10,sudan,SDN,SDN.8.1_1,1.0,0
SD02114,Al Fasher,SD02,North Darfur,2018,221237,221237.0,221237.0,4,sudan,SDN,SDN.8.1_1,1.0,0
SD02114,Al Fasher,SD02,North Darfur,2019,221237,221237.0,221237.0,1,sudan,SDN,SDN.8.1_1,1.0,0
SD02114,Al Fasher,SD02,North Darfur,2020,195821,195821.0,195821.0,1,sudan,SDN,SDN.8.1_1,1.0,0
SD02114,Al Fasher,SD02,North Darfur,2021,587075,498717.0,498717.0,2,sudan,SDN,SDN.8.1_1,1.0,0
SD02114,Al Fasher,SD02,North Darfur,2022,483075,483075.0,483075.0,2,sudan,SDN,SDN.8.1_1,1.0,0
SD02114,Al Fasher,SD02,North Darfur,2023,555749,103949.52631578948,88867.5,33,sudan,SDN,SDN.8.1_1,1.0,0
SD02114,Al Fasher,SD02,North Darfur,2024,737896,430313.73529411765,399879.5,30,sudan,SDN,SDN.8.1_1,1.0,0
SD02114,Al Fasher,SD02,North Darfur,2025,698865,338775.4166666667,240034.0,12,sudan,SDN,SDN.8.1_1,1.0,0
SD02116,Al Koma,SD02,North Darfur,2023,4590,2175.9210526315787,1750.0,33,sudan,SDN,,,0
SD02116,Al Koma,SD02,North Darfur,2024,49170,10966.323529411764,10045.0,30,sudan,SDN,,,0
SD02116,Al Koma,SD02,North Darfur,2025,49440,49386.25,49440.0,12,sudan,SDN,,,0
SD02117,Al Malha,SD02,North Darfur,2023,4860,3381.0526315789475,3990.0,33,sudan,SDN,,,0
SD02117,Al Malha,SD02,North Darfur,2024,6330,6098.970588235294,6225.0,30,sudan,SDN,,,0
SD02117,Al Malha,SD02,North Darfur,2025,106246,78961.75,100555.0,12,sudan,SDN,,,0
SD02118,As Serief,SD02,North Darfur,2020,95,95.0,95.0,1,sudan,SDN,,,0
SD02118,As Serief,SD02,North Darfur,2021,95,95.0,95.0,1,sudan,SDN,,,0
SD02118,As Serief,SD02,North Darfur,2022,4805,4805.0,4805.0,2,sudan,SDN,,,0
SD02118,As Serief,SD02,North Darfur,2023,11766,2329.7894736842104,2145.0,33,sudan,SDN,,,0
SD02118,As Serief,SD02,North Darfur,2024,16367,7814.235294117647,7050.5,30,sudan,SDN,,,0
SD02118,As Serief,SD02,North Darfur,2025,20467,18366.416666666668,19892.0,12,sudan,SDN,,,0
SD02119,At Tawisha,SD02,North Darfur,2023,1715,528.3783783783783,350.0,33,sudan,SDN,,,0
SD02119,At Tawisha,SD02,North Darfur,2024,2815,2051.470588235294,1835.0,30,sudan,SDN,,,0
SD02119,At Tawisha,SD02,North Darfur,2025,3007,2904.75,2954.0,12,sudan,SDN,,,0
SD02120,Um Baru,SD02,North Darfur,2015,7222,7222.0,7222.0,11,sudan,SDN,,,0
SD02120,Um Baru,SD02,North Darfur,2016,7222,7222.0,7222.0,10,sudan,SDN,,,0
SD02120,Um Baru,SD02,North Darfur,2017,7222,7222.0,7222.0,10,sudan,SDN,,,0
SD02120,Um Baru,SD02,North Darfur,2018,7222,7222.0,7222.0,4,sudan,SDN,,,0
SD02120,Um Baru,SD02,North Darfur,2019,7222,7222.0,7222.0,1,sudan,SDN,,,0
SD02120,Um Baru,SD02,North Darfur,2020,10010,10010.0,10010.0,1,sudan,SDN,,,0
SD02120,Um Baru,SD02,North Darfur,2021,10100,5072.5,5072.5,2,sudan,SDN,,,0
SD02120,Um Baru,SD02,North Darfur,2022,342,342.0,342.0,2,sudan,SDN,,,0
SD02120,Um Baru,SD02,North Darfur,2023,1417,690.8260869565217,515.0,21,sudan,SDN,,,0
SD02120,Um Baru,SD02,North Darfur,2024,15557,3776.794117647059,1232.5,30,sudan,SDN,,,0
SD02120,Um Baru,SD02,North Darfur,2025,17067,16069.916666666666,16094.5,12,sudan,SDN,,,0
SD02124,Kebkabiya,SD02,North Darfur,2020,10926,10926.0,10926.0,1,sudan,SDN,,,0
SD02124,Kebkabiya,SD02,North Darfur,2021,17000,13963.0,13963.0,2,sudan,SDN,,,0
SD02124,Kebkabiya,SD02,North Darfur,2022,71610,71610.0,71610.0,2,sudan,SDN,,,0
SD02124,Kebkabiya,SD02,North Darfur,2023,85365,11721.578947368422,11235.0,33,sudan,SDN,,,0
SD02124,Kebkabiya,SD02,North Darfur,2024,91890,49561.617647058825,48055.0,30,sudan,SDN,,,0
SD02124,Kebkabiya,SD02,North Darfur,2025,124325,106480.41666666667,102191.0,12,sudan,SDN,,,0
SD02126,Kelemando,SD02,North Darfur,2020,1664,1664.0,1664.0,1,sudan,SDN,,,0
SD02126,Kelemando,SD02,North Darfur,2021,1664,1664.0,1664.0,1,sudan,SDN,,,0
SD02126,Kelemando,SD02,North Darfur,2022,1189,1189.0,1189.0,2,sudan,SDN,,,0
SD02126,Kelemando,SD02,North Darfur,2023,10863,6126.378378378378,6600.0,33,sudan,SDN,,,0
SD02126,Kelemando,SD02,North Darfur,2024,15072,11701.20588235294,10413.5,30,sudan,SDN,,,0
SD02126,Kelemando,SD02,North Darfur,2025,25676,21420.666666666668,21252.0,12,sudan,SDN,,,0
SD02128,Kutum,SD02,North Darfur,2011,25633,25633.0,25633.0,5,sudan,SDN,SDN.8.3_1,1.0,0
SD02128,Kutum,SD02,North Darfur,2012,25633,25633.0,25633.0,7,sudan,SDN,SDN.8.3_1,1.0,0
SD02128,Kutum,SD02,North Darfur,2013,25633,25633.0,25633.0,7,sudan,SDN,SDN.8.3_1,1.0,0
SD02128,Kutum,SD02,North Darfur,2014,25997,25815.0,25815.0,10,sudan,SDN,SDN.8.3_1,1.0,0
SD02128,Kutum,SD02,North Darfur,2015,25997,25997.0,25997.0,12,sudan,SDN,SDN.8.3_1,1.0,0
SD02128,Kutum,SD02,North Darfur,2016,25997,25997.0,25997.0,10,sudan,SDN,SDN.8.3_1,1.0,0
SD02128,Kutum,SD02,North Darfur,2017,25997,25997.0,25997.0,10,sudan,SDN,SDN.8.3_1,1.0,0
SD02128,Kutum,SD02,North Darfur,2018,25997,25997.0,25997.0,4,sudan,SDN,SDN.8.3_1,1.0,0
SD02128,Kutum,SD02,North Darfur,2019,25997,25997.0,25997.0,1,sudan,SDN,SDN.8.3_1,1.0,0
SD02128,Kutum,SD02,North Darfur,2020,111133,111133.0,111133.0,1,sudan,SDN,SDN.8.3_1,1.0,0
SD02128,Kutum,SD02,North Darfur,2021,111303,80094.5,80094.5,2,sudan,SDN,SDN.8.3_1,1.0,0
SD02128,Kutum,SD02,North Darfur,2022,55769,55769.0,55769.0,2,sudan,SDN,SDN.8.3_1,1.0,0
SD02128,Kutum,SD02,North Darfur,2023,145360,65082.94736842105,76540.0,33,sudan,SDN,SDN.8.3_1,1.0,0
SD02128,Kutum,SD02,North Darfur,2024,182794,134321.0,128355.5,30,sudan,SDN,SDN.8.3_1,1.0,0
SD02128,Kutum,SD02,North Darfur,2025,203200,197120.75,202899.0,12,sudan,SDN,SDN.8.3_1,1.0,0
SD02129,Melit,SD02,North Darfur,2011,4818,4818.0,4818.0,6,sudan,SDN,,,0
SD02129,Melit,SD02,North Darfur,2012,4818,4818.0,4818.0,7,sudan,SDN,,,0
SD02129,Melit,SD02,North Darfur,2013,4818,4818.0,4818.0,7,sudan,SDN,,,0
SD02129,Melit,SD02,North Darfur,2014,4818,4818.0,4818.0,10,sudan,SDN,,,0
SD02129,Melit,SD02,North Darfur,2015,35864,17013.916666666668,4818.0,12,sudan,SDN,,,0
SD02129,Melit,SD02,North Darfur,2016,35864,35864.0,35864.0,10,sudan,SDN,,,0
SD02129,Melit,SD02,North Darfur,2017,35864,35864.0,35864.0,10,sudan,SDN,,,0
SD02129,Melit,SD02,North Darfur,2018,35864,35864.0,35864.0,4,sudan,SDN,,,0
SD02129,Melit,SD02,North Darfur,2019,35864,35864.0,35864.0,1,sudan,SDN,,,0
SD02129,Melit,SD02,North Darfur,2020,25401,25401.0,25401.0,1,sudan,SDN,,,0
SD02129,Melit,SD02,North Darfur,2021,25401,19070.5,19070.5,2,sudan,SDN,,,0
SD02129,Melit,SD02,North Darfur,2022,14749,14749.0,14749.0,2,sudan,SDN,,,0
SD02129,Melit,SD02,North Darfur,2023,45054,9783.5,7097.5,33,sudan,SDN,,,0
SD02129,Melit,SD02,North Darfur,2024,55009,40806.55882352941,39527.0,30,sudan,SDN,,,0
SD02129,Melit,SD02,North Darfur,2025,66943,59550.833333333336,60096.0,12,sudan,SDN,,,0
SD02133,Saraf Omra,SD02,North Darfur,2020,4629,4629.0,4629.0,1,sudan,SDN,,,0
SD02133,Saraf Omra,SD02,North Darfur,2021,4629,3681.5,3681.5,2,sudan,SDN,,,0
SD02133,Saraf Omra,SD02,North Darfur,2022,55920,55920.0,55920.0,2,sudan,SDN,,,0
SD02133,Saraf Omra,SD02,North Darfur,2023,83704,14938.594594594595,12550.0,33,sudan,SDN,,,0
SD02133,Saraf Omra,SD02,North Darfur,2024,77432,43000.41176470588,41021.0,30,sudan,SDN,,,0
SD02133,Saraf Omra,SD02,North Darfur,2025,80382,77939.16666666667,78982.0,12,sudan,SDN,,,0
SD02136,Um Kadadah,SD02,North Darfur,2023,1420,816.0526315789474,750.0,33,sudan,SDN,,,0
SD02136,Um Kadadah,SD02,North Darfur,2024,39215,29537.058823529413,37920.0,30,sudan,SDN,,,0
SD02136,Um Kadadah,SD02,North Darfur,2025,44017,42678.25,43625.0,12,sudan,SDN,,,0
SD02168,Kernoi,SD02,North Darfur,2020,106,106.0,106.0,1,sudan,SDN,,,0
SD02168,Kernoi,SD02,North Darfur,2021,106,106.0,106.0,1,sudan,SDN,,,0
SD02168,Kernoi,SD02,North Darfur,2023,1165,666.8518518518518,600.0,25,sudan,SDN,,,0
SD02168,Kernoi,SD02,North Darfur,2024,2840,1867.7941176470588,1567.5,30,sudan,SDN,,,0
SD02168,Kernoi,SD02,North Darfur,2025,14140,5562.916666666667,2800.0,12,sudan,SDN,,,0
SD02169,Al Lait,SD02,North Darfur,2017,7683,7683.0,7683.0,8,sudan,SDN,,,0
SD02169,Al Lait,SD02,North Darfur,2018,7683,7683.0,7683.0,4,sudan,SDN,,,0
SD02169,Al Lait,SD02,North Darfur,2019,7683,7683.0,7683.0,1,sudan,SDN,,,0
SD02169,Al Lait,SD02,North Darfur,2020,9818,9818.0,9818.0,1,sudan,SDN,,,0
SD02169,Al Lait,SD02,North Darfur,2021,9818,8339.0,8339.0,2,sudan,SDN,,,0
SD02169,Al Lait,SD02,North Darfur,2022,5578,5578.0,5578.0,2,sudan,SDN,,,0
SD02169,Al Lait,SD02,North Darfur,2023,13033,4936.722222222223,4612.0,33,sudan,SDN,,,0
SD02169,Al Lait,SD02,North Darfur,2024,15554,11101.029411764706,10571.5,30,sudan,SDN,,,0
SD02169,Al Lait,SD02,North Darfur,2025,17491,16861.416666666668,17358.5,12,sudan,SDN,,,0
SD02170,Tawila,SD02,North Darfur,2012,32583,32583.0,32583.0,7,sudan,SDN,,,0
SD02170,Tawila,SD02,North Darfur,2013,32583,32583.0,32583.0,7,sudan,SDN,,,0
SD02170,Tawila,SD02,North Darfur,2014,32583,32583.0,32583.0,10,sudan,SDN,,,0
SD02170,Tawila,SD02,North Darfur,2015,32583,32583.0,32583.0,12,sudan,SDN,,,0
SD02170,Tawila,SD02,North Darfur,2016,69141,67244.3,69141.0,10,sudan,SDN,,,0
SD02170,Tawila,SD02,North Darfur,2017,93361,85843.0,92521.0,10,sudan,SDN,,,0
SD02170,Tawila,SD02,North Darfur,2018,93361,93361.0,93361.0,4,sudan,SDN,,,0
SD02170,Tawila,SD02,North Darfur,2019,93361,93361.0,93361.0,1,sudan,SDN,,,0
SD02170,Tawila,SD02,North Darfur,2020,85645,85645.0,85645.0,1,sudan,SDN,,,0
SD02170,Tawila,SD02,North Darfur,2021,123804,117572.5,117572.5,2,sudan,SDN,,,0
SD02170,Tawila,SD02,North Darfur,2022,126847,126637.0,126637.0,2,sudan,SDN,,,0
SD02170,Tawila,SD02,North Darfur,2023,128238,64081.07894736842,78925.0,33,sudan,SDN,,,0
SD02170,Tawila,SD02,North Darfur,2024,233852,156636.79411764705,131689.5,30,sudan,SDN,,,0
SD02170,Tawila,SD02,North Darfur,2025,664243,512452.5,566684.5,12,sudan,SDN,,,0
SD02171,At Tina,SD02,North Darfur,2020,5486,5486.0,5486.0,1,sudan,SDN,,,0
SD02171,At Tina,SD02,North Darfur,2021,5486,4617.0,4617.0,2,sudan,SDN,,,0
SD02171,At Tina,SD02,North Darfur,2022,4600,4600.0,4600.0,2,sudan,SDN,,,0
SD02171,At Tina,SD02,North Darfur,2023,5385,1576.6666666666667,570.0,9,sudan,SDN,,,0
SD02171,At Tina,SD02,North Darfur,2024,6145,3165.0,2977.5,30,sudan,SDN,,,0
SD02171,At Tina,SD02,North Darfur,2025,8210,6576.5,6145.0,10,sudan,SDN,,,0
SD03141,Al Radoum,SD03,South Darfur,2022,35100,35100.0,35100.0,2,sudan,SDN,,,0
SD03141,Al Radoum,SD03,South Darfur,2023,34870,34870.0,34870.0,2,sudan,SDN,,,0
SD03141,Al Radoum,SD03,South Darfur,2024,37790,20974.375,37790.0,28,sudan,SDN,,,0
SD03141,Al Radoum,SD03,South Darfur,2025,41345,38659.75,37790.0,12,sudan,SDN,,,0
SD03143,Ed Al Fursan,SD03,South Darfur,2014,6847,6847.0,6847.0,9,sudan,SDN,,,0
SD03143,Ed Al Fursan,SD03,South Darfur,2015,6847,6847.0,6847.0,12,sudan,SDN,,,0
SD03143,Ed Al Fursan,SD03,South Darfur,2016,6847,6847.0,6847.0,10,sudan,SDN,,,0
SD03143,Ed Al Fursan,SD03,South Darfur,2017,6847,6847.0,6847.0,10,sudan,SDN,,,0
SD03143,Ed Al Fursan,SD03,South Darfur,2018,6847,6847.0,6847.0,4,sudan,SDN,,,0
SD03143,Ed Al Fursan,SD03,South Darfur,2019,6847,6847.0,6847.0,1,sudan,SDN,,,0
SD03143,Ed Al Fursan,SD03,South Darfur,2020,9490,9490.0,9490.0,1,sudan,SDN,,,0
SD03143,Ed Al Fursan,SD03,South Darfur,2021,4590,4590.0,4590.0,1,sudan,SDN,,,0
SD03143,Ed Al Fursan,SD03,South Darfur,2022,3580,3580.0,3580.0,2,sudan,SDN,,,0
SD03143,Ed Al Fursan,SD03,South Darfur,2023,14745,7926.0,7310.0,18,sudan,SDN,,,0
SD03143,Ed Al Fursan,SD03,South Darfur,2024,33541,28663.882352941175,31768.0,30,sudan,SDN,,,0
SD03143,Ed Al Fursan,SD03,South Darfur,2025,34004,33677.333333333336,33661.0,12,sudan,SDN,,,0
SD03144,Kas,SD03,South Darfur,2012,77035,77035.0,77035.0,1,sudan,SDN,SDN.14.3_1,1.0,0
SD03144,Kas,SD03,South Darfur,2013,77519,77173.28571428571,77035.0,7,sudan,SDN,SDN.14.3_1,1.0,0
SD03144,Kas,SD03,South Darfur,2014,77519,77519.0,77519.0,10,sudan,SDN,SDN.14.3_1,1.0,0
SD03144,Kas,SD03,South Darfur,2015,77519,77519.0,77519.0,12,sudan,SDN,SDN.14.3_1,1.0,0
SD03144,Kas,SD03,South Darfur,2016,92191,85721.9,86933.5,10,sudan,SDN,SDN.14.3_1,1.0,0
SD03144,Kas,SD03,South Darfur,2017,92191,92191.0,92191.0,10,sudan,SDN,SDN.14.3_1,1.0,0
SD03144,Kas,SD03,South Darfur,2018,93905,92619.5,92191.0,4,sudan,SDN,SDN.14.3_1,1.0,0
SD03144,Kas,SD03,South Darfur,2019,95397,95397.0,95397.0,1,sudan,SDN,SDN.14.3_1,1.0,0
SD03144,Kas,SD03,South Darfur,2020,101247,101247.0,101247.0,1,sudan,SDN,SDN.14.3_1,1.0,0
SD03144,Kas,SD03,South Darfur,2021,101247,95389.5,95389.5,2,sudan,SDN,SDN.14.3_1,1.0,0
SD03144,Kas,SD03,South Darfur,2022,95981,95981.0,95981.0,2,sudan,SDN,SDN.14.3_1,1.0,0
SD03144,Kas,SD03,South Darfur,2023,132219,41162.72222222222,49750.0,32,sudan,SDN,SDN.14.3_1,1.0,0
SD03144,Kas,SD03,South Darfur,2024,153958,106810.0294117647,105624.0,30,sudan,SDN,SDN.14.3_1,1.0,0
SD03144,Kas,SD03,South Darfur,2025,154100,150385.91666666666,154023.0,12,sudan,SDN,SDN.14.3_1,1.0,0
SD03145,Mershing,SD03,South Darfur,2018,8619,6596.5,6596.5,2,sudan,SDN,,,0
SD03145,Mershing,SD03,South Darfur,2019,8991,8991.0,8991.0,1,sudan,SDN,,,0
SD03145,Mershing,SD03,South Darfur,2020,24100,24100.0,24100.0,1,sudan,SDN,,,0
SD03145,Mershing,SD03,South Darfur,2021,52604,38352.0,38352.0,2,sudan,SDN,,,0
SD03145,Mershing,SD03,South Darfur,2022,50460,50460.0,50460.0,2,sudan,SDN,,,0
SD03145,Mershing,SD03,South Darfur,2023,52848,18077.57894736842,22725.0,33,sudan,SDN,,,0
SD03145,Mershing,SD03,South Darfur,2024,80865,53016.76470588235,53332.5,30,sudan,SDN,,,0
SD03145,Mershing,SD03,South Darfur,2025,82091,81349.66666666667,81260.0,12,sudan,SDN,,,0
SD03146,Um Dafoug,SD03,South Darfur,2015,7858,7178.0,7042.0,12,sudan,SDN,,,0
SD03146,Um Dafoug,SD03,South Darfur,2016,7858,7858.0,7858.0,10,sudan,SDN,,,0
SD03146,Um Dafoug,SD03,South Darfur,2017,7858,7858.0,7858.0,10,sudan,SDN,,,0
SD03146,Um Dafoug,SD03,South Darfur,2018,7858,7858.0,7858.0,4,sudan,SDN,,,0
SD03146,Um Dafoug,SD03,South Darfur,2019,7858,7858.0,7858.0,1,sudan,SDN,,,0
SD03146,Um Dafoug,SD03,South Darfur,2021,342,342.0,342.0,1,sudan,SDN,,,0
SD03146,Um Dafoug,SD03,South Darfur,2022,1300,800.0,800.0,2,sudan,SDN,,,0
SD03146,Um Dafoug,SD03,South Darfur,2023,3830,2690.85,2725.0,18,sudan,SDN,,,0
SD03146,Um Dafoug,SD03,South Darfur,2024,3835,3280.0,3280.0,30,sudan,SDN,,,0
SD03146,Um Dafoug,SD03,South Darfur,2025,4765,4065.0,3835.0,12,sudan,SDN,,,0
SD03147,Sharg Aj Jabal,SD03,South Darfur,2016,6159,6159.0,6159.0,6,sudan,SDN,,,0
SD03147,Sharg Aj Jabal,SD03,South Darfur,2017,6159,6159.0,6159.0,10,sudan,SDN,,,0
SD03147,Sharg Aj Jabal,SD03,South Darfur,2018,6159,3904.5,3937.0,4,sudan,SDN,,,0
SD03147,Sharg Aj Jabal,SD03,South Darfur,2019,146,146.0,146.0,1,sudan,SDN,,,0
SD03147,Sharg Aj Jabal,SD03,South Darfur,2020,1620,1620.0,1620.0,1,sudan,SDN,,,0
SD03147,Sharg Aj Jabal,SD03,South Darfur,2021,6145,4145.0,4145.0,2,sudan,SDN,,,0
SD03147,Sharg Aj Jabal,SD03,South Darfur,2022,7298,7298.0,7298.0,2,sudan,SDN,,,0
SD03147,Sharg Aj Jabal,SD03,South Darfur,2023,28224,12746.611111111111,22820.0,33,sudan,SDN,,,0
SD03147,Sharg Aj Jabal,SD03,South Darfur,2024,45031,35582.382352941175,32932.5,30,sudan,SDN,,,0
SD03147,Sharg Aj Jabal,SD03,South Darfur,2025,47676,45988.416666666664,45675.0,12,sudan,SDN,,,0
SD03149,Tulus,SD03,South Darfur,2014,4406,4406.0,4406.0,9,sudan,SDN,SDN.14.5_1,1.0,0
SD03149,Tulus,SD03,South Darfur,2015,4406,4406.0,4406.0,12,sudan,SDN,SDN.14.5_1,1.0,0
SD03149,Tulus,SD03,South Darfur,2016,4406,4406.0,4406.0,10,sudan,SDN,SDN.14.5_1,1.0,0
SD03149,Tulus,SD03,South Darfur,2017,4406,4406.0,4406.0,10,sudan,SDN,SDN.14.5_1,1.0,0
SD03149,Tulus,SD03,South Darfur,2018,4406,4406.0,4406.0,4,sudan,SDN,SDN.14.5_1,1.0,0
SD03149,Tulus,SD03,South Darfur,2019,2346,2346.0,2346.0,1,sudan,SDN,SDN.14.5_1,1.0,0
SD03149,Tulus,SD03,South Darfur,2020,301,301.0,301.0,1,sudan,SDN,SDN.14.5_1,1.0,0
SD03149,Tulus,SD03,South Darfur,2021,2118,1787.0,1787.0,2,sudan,SDN,SDN.14.5_1,1.0,0
SD03149,Tulus,SD03,South Darfur,2022,1232,1232.0,1232.0,2,sudan,SDN,SDN.14.5_1,1.0,0
SD03149,Tulus,SD03,South Darfur,2023,20757,15474.541666666666,18375.0,22,sudan,SDN,SDN.14.5_1,1.0,0
SD03149,Tulus,SD03,South Darfur,2024,20775,20200.0,20200.0,30,sudan,SDN,SDN.14.5_1,1.0,0
SD03149,Tulus,SD03,South Darfur,2025,21499,21159.916666666668,21150.0,12,sudan,SDN,SDN.14.5_1,1.0,0
SD03150,Al Wihda,SD03,South Darfur,2019,1213,1213.0,1213.0,1,sudan,SDN,,,0
SD03150,Al Wihda,SD03,South Darfur,2020,970,970.0,970.0,1,sudan,SDN,,,0
SD03150,Al Wihda,SD03,South Darfur,2021,1650,1310.0,1310.0,2,sudan,SDN,,,0
SD03150,Al Wihda,SD03,South Darfur,2022,1340,1340.0,1340.0,2,sudan,SDN,,,0
SD03150,Al Wihda,SD03,South Darfur,2023,8630,7262.794117647059,7250.0,32,sudan,SDN,,,0
SD03150,Al Wihda,SD03,South Darfur,2024,11020,7495.14705882353,7325.0,30,sudan,SDN,,,0
SD03150,Al Wihda,SD03,South Darfur,2025,8489,7560.916666666667,7475.0,12,sudan,SDN,,,0
SD03151,Nitega,SD03,South Darfur,2019,4829,4829.0,4829.0,1,sudan,SDN,,,0
SD03151,Nitega,SD03,South Darfur,2020,25887,25887.0,25887.0,1,sudan,SDN,,,0
SD03151,Nitega,SD03,South Darfur,2021,25887,23844.5,23844.5,2,sudan,SDN,,,0
SD03151,Nitega,SD03,South Darfur,2022,21881,21881.0,21881.0,2,sudan,SDN,,,0
SD03151,Nitega,SD03,South Darfur,2023,28241,6752.821428571428,6240.0,26,sudan,SDN,,,0
SD03151,Nitega,SD03,South Darfur,2024,28505,17440.0,17500.0,30,sudan,SDN,,,0
SD03151,Nitega,SD03,South Darfur,2025,29576,29084.333333333332,29005.0,12,sudan,SDN,,,0
SD03153,Gereida,SD03,South Darfur,2012,96597,96597.0,96597.0,1,sudan,SDN,,,0
SD03153,Gereida,SD03,South Darfur,2013,96597,96597.0,96597.0,7,sudan,SDN,,,0
SD03153,Gereida,SD03,South Darfur,2014,96597,96597.0,96597.0,10,sudan,SDN,,,0
SD03153,Gereida,SD03,South Darfur,2015,96597,96597.0,96597.0,12,sudan,SDN,,,0
SD03153,Gereida,SD03,South Darfur,2016,96597,96597.0,96597.0,10,sudan,SDN,,,0
SD03153,Gereida,SD03,South Darfur,2017,96597,96597.0,96597.0,10,sudan,SDN,,,0
SD03153,Gereida,SD03,South Darfur,2018,96597,96597.0,96597.0,4,sudan,SDN,,,0
SD03153,Gereida,SD03,South Darfur,2019,98657,98657.0,98657.0,1,sudan,SDN,,,0
SD03153,Gereida,SD03,South Darfur,2020,133785,133785.0,133785.0,1,sudan,SDN,,,0
SD03153,Gereida,SD03,South Darfur,2021,135172,134643.0,134643.0,2,sudan,SDN,,,0
SD03153,Gereida,SD03,South Darfur,2022,127421,127421.0,127421.0,2,sudan,SDN,,,0
SD03153,Gereida,SD03,South Darfur,2023,136232,136232.0,136232.0,2,sudan,SDN,,,0
SD03153,Gereida,SD03,South Darfur,2024,139642,95453.36,139642.0,23,sudan,SDN,,,0
SD03153,Gereida,SD03,South Darfur,2025,139642,139628.08333333334,139642.0,12,sudan,SDN,,,0
SD03154,Shattaya,SD03,South Darfur,2018,4829,4829.0,4829.0,1,sudan,SDN,,,0
SD03154,Shattaya,SD03,South Darfur,2022,215,215.0,215.0,2,sudan,SDN,,,0
SD03154,Shattaya,SD03,South Darfur,2025,2250,1901.2727272727273,1955.0,11,sudan,SDN,,,0
SD03156,As Sunta,SD03,South Darfur,2023,101530,29641.764705882353,5300.0,32,sudan,SDN,,,0
SD03156,As Sunta,SD03,South Darfur,2024,101730,101234.41176470589,101530.0,30,sudan,SDN,,,0
SD03156,As Sunta,SD03,South Darfur,2025,101130,95055.25,101130.0,12,sudan,SDN,,,0
SD03157,Kubum,SD03,South Darfur,2014,2521,2521.0,2521.0,9,sudan,SDN,,,0
SD03157,Kubum,SD03,South Darfur,2015,2521,2521.0,2521.0,12,sudan,SDN,,,0
SD03157,Kubum,SD03,South Darfur,2016,2521,2521.0,2521.0,10,sudan,SDN,,,0
SD03157,Kubum,SD03,South Darfur,2017,2521,2521.0,2521.0,10,sudan,SDN,,,0
SD03157,Kubum,SD03,South Darfur,2018,2521,2521.0,2521.0,4,sudan,SDN,,,0
SD03157,Kubum,SD03,South Darfur,2019,2521,2521.0,2521.0,1,sudan,SDN,,,0
SD03157,Kubum,SD03,South Darfur,2020,5650,5650.0,5650.0,1,sudan,SDN,,,0
SD03157,Kubum,SD03,South Darfur,2021,3473,3473.0,3473.0,1,sudan,SDN,,,0
SD03157,Kubum,SD03,South Darfur,2022,3723,3723.0,3723.0,2,sudan,SDN,,,0
SD03157,Kubum,SD03,South Darfur,2023,9107,4611.95,5275.0,18,sudan,SDN,,,0
SD03157,Kubum,SD03,South Darfur,2024,9090,7232.5,7232.5,30,sudan,SDN,,,0
SD03157,Kubum,SD03,South Darfur,2025,9177,9103.583333333334,9090.0,12,sudan,SDN,,,0
SD03158,Rehaid Albirdi,SD03,South Darfur,2014,11080,11080.0,11080.0,9,sudan,SDN,,,0
SD03158,Rehaid Albirdi,SD03,South Darfur,2015,11080,11080.0,11080.0,12,sudan,SDN,,,0
SD03158,Rehaid Albirdi,SD03,South Darfur,2016,11080,11080.0,11080.0,10,sudan,SDN,,,0
SD03158,Rehaid Albirdi,SD03,South Darfur,2017,11080,11080.0,11080.0,10,sudan,SDN,,,0
SD03158,Rehaid Albirdi,SD03,South Darfur,2018,11080,11080.0,11080.0,4,sudan,SDN,,,0
SD03158,Rehaid Albirdi,SD03,South Darfur,2019,11080,11080.0,11080.0,1,sudan,SDN,,,0
SD03158,Rehaid Albirdi,SD03,South Darfur,2020,8490,8490.0,8490.0,1,sudan,SDN,,,0
SD03158,Rehaid Albirdi,SD03,South Darfur,2021,8490,6190.0,6190.0,2,sudan,SDN,,,0
SD03158,Rehaid Albirdi,SD03,South Darfur,2022,3650,3650.0,3650.0,2,sudan,SDN,,,0
SD03158,Rehaid Albirdi,SD03,South Darfur,2023,13575,4603.676470588235,4000.0,32,sudan,SDN,,,0
SD03158,Rehaid Albirdi,SD03,South Darfur,2024,30621,19746.647058823528,11725.0,30,sudan,SDN,,,0
SD03158,Rehaid Albirdi,SD03,South Darfur,2025,30867,30692.416666666668,30685.0,12,sudan,SDN,,,0
SD03159,Kateila,SD03,South Darfur,2014,16167,15555.0,16167.0,9,sudan,SDN,,,0
SD03159,Kateila,SD03,South Darfur,2015,16167,16167.0,16167.0,12,sudan,SDN,,,0
SD03159,Kateila,SD03,South Darfur,2016,16167,16167.0,16167.0,10,sudan,SDN,,,0
SD03159,Kateila,SD03,South Darfur,2017,16167,16167.0,16167.0,10,sudan,SDN,,,0
SD03159,Kateila,SD03,South Darfur,2018,16167,16167.0,16167.0,4,sudan,SDN,,,0
SD03159,Kateila,SD03,South Darfur,2019,16167,16167.0,16167.0,1,sudan,SDN,,,0
SD03159,Kateila,SD03,South Darfur,2020,8190,8190.0,8190.0,1,sudan,SDN,,,0
SD03159,Kateila,SD03,South Darfur,2021,8190,7868.5,7868.5,2,sudan,SDN,,,0
SD03159,Kateila,SD03,South Darfur,2022,10867,10867.0,10867.0,2,sudan,SDN,,,0
SD03159,Kateila,SD03,South Darfur,2023,32167,11641.7,4075.0,18,sudan,SDN,,,0
SD03159,Kateila,SD03,South Darfur,2024,43133,35212.08823529412,34881.5,30,sudan,SDN,,,0
SD03159,Kateila,SD03,South Darfur,2025,44630,42427.833333333336,43881.5,12,sudan,SDN,,,0
SD03161,Buram,SD03,South Darfur,2022,28850,28850.0,28850.0,2,sudan,SDN,SDN.14.1_1,1.0,0
SD03161,Buram,SD03,South Darfur,2023,201946,49788.73529411765,16000.0,32,sudan,SDN,SDN.14.1_1,1.0,0
SD03161,Buram,SD03,South Darfur,2024,195735,184122.79411764705,184072.5,30,sudan,SDN,SDN.14.1_1,1.0,0
SD03161,Buram,SD03,South Darfur,2025,195395,187850.83333333334,195395.0,12,sudan,SDN,SDN.14.1_1,1.0,0
SD03162,Beliel,SD03,South Darfur,2012,105772,51108.666666666664,23777.0,6,sudan,SDN,,,0
SD03162,Beliel,SD03,South Darfur,2013,132898,113522.28571428571,105772.0,7,sudan,SDN,,,0
SD03162,Beliel,SD03,South Darfur,2014,158167,152442.5,157896.5,10,sudan,SDN,,,0
SD03162,Beliel,SD03,South Darfur,2015,158167,158167.0,158167.0,12,sudan,SDN,,,0
SD03162,Beliel,SD03,South Darfur,2016,158167,158167.0,158167.0,10,sudan,SDN,,,0
SD03162,Beliel,SD03,South Darfur,2017,159725,158790.2,158167.0,10,sudan,SDN,,,0
SD03162,Beliel,SD03,South Darfur,2018,275482,216576.5,215549.5,4,sudan,SDN,,,0
SD03162,Beliel,SD03,South Darfur,2019,373946,373946.0,373946.0,1,sudan,SDN,,,0
SD03162,Beliel,SD03,South Darfur,2020,305498,305498.0,305498.0,1,sudan,SDN,,,0
SD03162,Beliel,SD03,South Darfur,2021,322788,263870.0,263870.0,2,sudan,SDN,,,0
SD03162,Beliel,SD03,South Darfur,2022,340277,340277.0,340277.0,2,sudan,SDN,,,0
SD03162,Beliel,SD03,South Darfur,2023,432976,113248.77777777778,114483.0,32,sudan,SDN,,,0
SD03162,Beliel,SD03,South Darfur,2024,483998,307835.35294117645,307513.0,30,sudan,SDN,,,0
SD03162,Beliel,SD03,South Darfur,2025,473818,472570.0833333333,473818.0,12,sudan,SDN,,,0
SD03164,Nyala Shimal,SD03,South Darfur,2021,341557,173778.5,173778.5,2,sudan,SDN,,,0
SD03164,Nyala Shimal,SD03,South Darfur,2022,318858,318858.0,318858.0,2,sudan,SDN,,,0
SD03164,Nyala Shimal,SD03,South Darfur,2023,305428,100494.66666666667,10000.0,5,sudan,SDN,,,0
SD03164,Nyala Shimal,SD03,South Darfur,2024,328650,279740.0,327705.0,19,sudan,SDN,,,0
SD03164,Nyala Shimal,SD03,South Darfur,2025,329427,329153.25,329377.0,12,sudan,SDN,,,0
SD03166,As Salam - SD,SD03,South Darfur,2016,4829,4829.0,4829.0,9,sudan,SDN,,,0
SD03166,As Salam - SD,SD03,South Darfur,2017,4829,4829.0,4829.0,10,sudan,SDN,,,0
SD03166,As Salam - SD,SD03,South Darfur,2018,4829,4829.0,4829.0,3,sudan,SDN,,,0
SD03166,As Salam - SD,SD03,South Darfur,2019,5464,5464.0,5464.0,1,sudan,SDN,,,0
SD03166,As Salam - SD,SD03,South Darfur,2020,4600,4600.0,4600.0,1,sudan,SDN,,,0
SD03166,As Salam - SD,SD03,South Darfur,2021,122030,63675.0,63675.0,2,sudan,SDN,,,0
SD03166,As Salam - SD,SD03,South Darfur,2022,5150,5150.0,5150.0,2,sudan,SDN,,,0
SD03166,As Salam - SD,SD03,South Darfur,2023,16230,8030.277777777777,6305.0,32,sudan,SDN,,,0
SD03166,As Salam - SD,SD03,South Darfur,2024,16250,13425.0,13425.0,30,sudan,SDN,,,0
SD03166,As Salam - SD,SD03,South Darfur,2025,19505,17057.583333333332,16250.0,12,sudan,SDN,,,0
SD03167,Nyala Janoub,SD03,South Darfur,2011,90544,85226.5,90544.0,4,sudan,SDN,,,0
SD03167,Nyala Janoub,SD03,South Darfur,2012,91811,91630.0,91811.0,7,sudan,SDN,,,0
SD03167,Nyala Janoub,SD03,South Darfur,2013,97275,97275.0,97275.0,7,sudan,SDN,,,0
SD03167,Nyala Janoub,SD03,South Darfur,2014,239061,169361.1,172965.0,10,sudan,SDN,,,0
SD03167,Nyala Janoub,SD03,South Darfur,2015,240516,239933.75,240234.0,12,sudan,SDN,,,0
SD03167,Nyala Janoub,SD03,South Darfur,2016,248483,245217.1,246293.5,10,sudan,SDN,,,0
SD03167,Nyala Janoub,SD03,South Darfur,2017,248725,248725.0,248725.0,10,sudan,SDN,,,0
SD03167,Nyala Janoub,SD03,South Darfur,2018,249479,193708.5,193520.0,4,sudan,SDN,,,0
SD03167,Nyala Janoub,SD03,South Darfur,2019,40976,40976.0,40976.0,1,sudan,SDN,,,0
SD03167,Nyala Janoub,SD03,South Darfur,2020,163500,163500.0,163500.0,1,sudan,SDN,,,0
SD03167,Nyala Janoub,SD03,South Darfur,2021,157500,82650.0,82650.0,2,sudan,SDN,,,0
SD03167,Nyala Janoub,SD03,South Darfur,2022,4977,4977.0,4977.0,2,sudan,SDN,,,0
SD03167,Nyala Janoub,SD03,South Darfur,2023,216075,102700.26315789473,77765.0,33,sudan,SDN,,,0
SD03167,Nyala Janoub,SD03,South Darfur,2024,78932,77579.23529411765,77965.0,30,sudan,SDN,,,0
SD03167,Nyala Janoub,SD03,South Darfur,2025,79632,79326.75,79419.5,12,sudan,SDN,,,0
SD03172,Damso,SD03,South Darfur,2021,360,360.0,360.0,1,sudan,SDN,,,0
SD03172,Damso,SD03,South Darfur,2022,4437,4437.0,4437.0,2,sudan,SDN,,,0
SD03172,Damso,SD03,South Darfur,2023,7287,3008.285714285714,2750.0,19,sudan,SDN,,,0
SD03172,Damso,SD03,South Darfur,2024,7370,5131.176470588235,5140.0,30,sudan,SDN,,,0
SD03172,Damso,SD03,South Darfur,2025,7921,7585.416666666667,7530.0,12,sudan,SDN,,,0
SD04111,Beida,SD04,West Darfur,2010,10311,10311.0,10311.0,1,sudan,SDN,,,0
SD04111,Beida,SD04,West Darfur,2011,10311,10311.0,10311.0,6,sudan,SDN,,,0
SD04111,Beida,SD04,West Darfur,2012,10311,10311.0,10311.0,7,sudan,SDN,,,0
SD04111,Beida,SD04,West Darfur,2013,10311,10311.0,10311.0,7,sudan,SDN,,,0
SD04111,Beida,SD04,West Darfur,2014,10311,10311.0,10311.0,10,sudan,SDN,,,0
SD04111,Beida,SD04,West Darfur,2015,10311,10311.0,10311.0,12,sudan,SDN,,,0
SD04111,Beida,SD04,West Darfur,2016,10311,10311.0,10311.0,10,sudan,SDN,,,0
SD04111,Beida,SD04,West Darfur,2017,10311,10311.0,10311.0,10,sudan,SDN,,,0
SD04111,Beida,SD04,West Darfur,2018,10311,10311.0,10311.0,4,sudan,SDN,,,0
SD04111,Beida,SD04,West Darfur,2019,10311,10311.0,10311.0,1,sudan,SDN,,,0
SD04111,Beida,SD04,West Darfur,2020,20400,20400.0,20400.0,1,sudan,SDN,,,0
SD04111,Beida,SD04,West Darfur,2021,21225,20812.5,20812.5,2,sudan,SDN,,,0
SD04111,Beida,SD04,West Darfur,2022,39640,39640.0,39640.0,2,sudan,SDN,,,0
SD04111,Beida,SD04,West Darfur,2023,25648,6941.571428571428,545.0,7,sudan,SDN,,,0
SD04111,Beida,SD04,West Darfur,2024,3190,1985.1470588235295,2030.0,30,sudan,SDN,,,0
SD04111,Beida,SD04,West Darfur,2025,4385,3480.8333333333335,3510.0,12,sudan,SDN,,,0
SD04115,Ag Geneina,SD04,West Darfur,2011,100943,81685.0,100943.0,5,sudan,SDN,,,0
SD04115,Ag Geneina,SD04,West Darfur,2012,100943,100943.0,100943.0,7,sudan,SDN,,,0
SD04115,Ag Geneina,SD04,West Darfur,2013,106765,104269.85714285714,106765.0,7,sudan,SDN,,,0
SD04115,Ag Geneina,SD04,West Darfur,2014,106765,106765.0,106765.0,10,sudan,SDN,,,0
SD04115,Ag Geneina,SD04,West Darfur,2015,106765,106765.0,106765.0,12,sudan,SDN,,,0
SD04115,Ag Geneina,SD04,West Darfur,2016,106944,106854.5,106854.5,10,sudan,SDN,,,0
SD04115,Ag Geneina,SD04,West Darfur,2017,106944,106944.0,106944.0,10,sudan,SDN,,,0
SD04115,Ag Geneina,SD04,West Darfur,2018,106944,106944.0,106944.0,4,sudan,SDN,,,0
SD04115,Ag Geneina,SD04,West Darfur,2019,109074,109074.0,109074.0,1,sudan,SDN,,,0
SD04115,Ag Geneina,SD04,West Darfur,2020,126712,126712.0,126712.0,1,sudan,SDN,,,0
SD04115,Ag Geneina,SD04,West Darfur,2021,126712,115664.5,115664.5,2,sudan,SDN,,,0
SD04115,Ag Geneina,SD04,West Darfur,2022,229737,229737.0,229737.0,2,sudan,SDN,,,0
SD04115,Ag Geneina,SD04,West Darfur,2023,301055,91299.76315789473,24255.0,33,sudan,SDN,,,0
SD04115,Ag Geneina,SD04,West Darfur,2024,80590,52548.82352941176,50975.0,30,sudan,SDN,,,0
SD04115,Ag Geneina,SD04,West Darfur,2025,122520,106440.83333333333,114642.5,12,sudan,SDN,,,0
SD04121,Foro Baranga,SD04,West Darfur,2013,12391,12391.0,12391.0,7,sudan,SDN,,,0
SD04121,Foro Baranga,SD04,West Darfur,2014,12391,12391.0,12391.0,10,sudan,SDN,,,0
SD04121,Foro Baranga,SD04,West Darfur,2015,12391,12391.0,12391.0,12,sudan,SDN,,,0
SD04121,Foro Baranga,SD04,West Darfur,2016,12391,12391.0,12391.0,10,sudan,SDN,,,0
SD04121,Foro Baranga,SD04,West Darfur,2017,14344,14148.7,14344.0,10,sudan,SDN,,,0
SD04121,Foro Baranga,SD04,West Darfur,2018,14344,14344.0,14344.0,4,sudan,SDN,,,0
SD04121,Foro Baranga,SD04,West Darfur,2019,14344,14344.0,14344.0,1,sudan,SDN,,,0
SD04121,Foro Baranga,SD04,West Darfur,2020,24822,24822.0,24822.0,1,sudan,SDN,,,0
SD04121,Foro Baranga,SD04,West Darfur,2021,24822,13998.5,13998.5,2,sudan,SDN,,,0
SD04121,Foro Baranga,SD04,West Darfur,2022,5475,5475.0,5475.0,2,sudan,SDN,,,0
SD04121,Foro Baranga,SD04,West Darfur,2023,9400,3977.9310344827586,3900.0,27,sudan,SDN,,,0
SD04121,Foro Baranga,SD04,West Darfur,2024,17425,10417.058823529413,8005.0,30,sudan,SDN,,,0
SD04121,Foro Baranga,SD04,West Darfur,2025,25045,23061.666666666668,24412.5,12,sudan,SDN,,,0
SD04122,Habila - WD,SD04,West Darfur,2011,15039,15039.0,15039.0,3,sudan,SDN,,,0
SD04122,Habila - WD,SD04,West Darfur,2012,15039,15039.0,15039.0,7,sudan,SDN,,,0
SD04122,Habila - WD,SD04,West Darfur,2013,15039,15039.0,15039.0,7,sudan,SDN,,,0
SD04122,Habila - WD,SD04,West Darfur,2014,15039,15039.0,15039.0,10,sudan,SDN,,,0
SD04122,Habila - WD,SD04,West Darfur,2015,15039,15039.0,15039.0,12,sudan,SDN,,,0
SD04122,Habila - WD,SD04,West Darfur,2016,16062,15550.5,15550.5,10,sudan,SDN,,,0
SD04122,Habila - WD,SD04,West Darfur,2017,16406,16371.6,16406.0,10,sudan,SDN,,,0
SD04122,Habila - WD,SD04,West Darfur,2018,16406,16406.0,16406.0,4,sudan,SDN,,,0
SD04122,Habila - WD,SD04,West Darfur,2019,16406,16406.0,16406.0,1,sudan,SDN,,,0
SD04122,Habila - WD,SD04,West Darfur,2020,12194,12194.0,12194.0,1,sudan,SDN,,,0
SD04122,Habila - WD,SD04,West Darfur,2021,36050,24122.0,24122.0,2,sudan,SDN,,,0
SD04122,Habila - WD,SD04,West Darfur,2022,42560,42560.0,42560.0,2,sudan,SDN,,,0
SD04122,Habila - WD,SD04,West Darfur,2023,40567,8624.666666666666,500.0,9,sudan,SDN,,,0
SD04122,Habila - WD,SD04,West Darfur,2024,28290,19337.79411764706,20947.5,30,sudan,SDN,,,0
SD04122,Habila - WD,SD04,West Darfur,2025,28290,26841.666666666668,26705.0,12,sudan,SDN,,,0
SD04123,Jebel Moon,SD04,West Darfur,2020,428,428.0,428.0,1,sudan,SDN,,,0
SD04123,Jebel Moon,SD04,West Darfur,2021,3427,2777.5,2777.5,2,sudan,SDN,,,0
SD04123,Jebel Moon,SD04,West Darfur,2022,19567,19567.0,19567.0,2,sudan,SDN,,,0
SD04123,Jebel Moon,SD04,West Darfur,2023,60350,33009.0,36565.0,23,sudan,SDN,,,0
SD04123,Jebel Moon,SD04,West Darfur,2024,70735,55496.76470588235,53592.5,30,sudan,SDN,,,0
SD04123,Jebel Moon,SD04,West Darfur,2025,70735,56369.583333333336,54060.0,12,sudan,SDN,,,0
SD04125,Kereneik,SD04,West Darfur,2013,65885,65885.0,65885.0,6,sudan,SDN,,,0
SD04125,Kereneik,SD04,West Darfur,2014,65885,65885.0,65885.0,10,sudan,SDN,,,0
SD04125,Kereneik,SD04,West Darfur,2015,65885,65885.0,65885.0,12,sudan,SDN,,,0
SD04125,Kereneik,SD04,West Darfur,2016,65885,65885.0,65885.0,10,sudan,SDN,,,0
SD04125,Kereneik,SD04,West Darfur,2017,65885,65885.0,65885.0,10,sudan,SDN,,,0
SD04125,Kereneik,SD04,West Darfur,2018,65885,65885.0,65885.0,4,sudan,SDN,,,0
SD04125,Kereneik,SD04,West Darfur,2019,65885,65885.0,65885.0,1,sudan,SDN,,,0
SD04125,Kereneik,SD04,West Darfur,2020,146690,146690.0,146690.0,1,sudan,SDN,,,0
SD04125,Kereneik,SD04,West Darfur,2021,181585,164137.5,164137.5,2,sudan,SDN,,,0
SD04125,Kereneik,SD04,West Darfur,2022,150840,150840.0,150840.0,2,sudan,SDN,,,0
SD04125,Kereneik,SD04,West Darfur,2023,38403,29864.0,29864.0,2,sudan,SDN,,,0
SD04125,Kereneik,SD04,West Darfur,2024,43025,29362.068965517243,41790.0,26,sudan,SDN,,,0
SD04125,Kereneik,SD04,West Darfur,2025,67245,62065.0,65852.5,12,sudan,SDN,,,0
SD04127,Kulbus,SD04,West Darfur,2020,4055,4055.0,4055.0,1,sudan,SDN,,,0
SD04127,Kulbus,SD04,West Darfur,2021,4855,4855.0,4855.0,1,sudan,SDN,,,0
SD04127,Kulbus,SD04,West Darfur,2022,75,75.0,75.0,2,sudan,SDN,,,0
SD04127,Kulbus,SD04,West Darfur,2023,40373,26364.0,29560.0,27,sudan,SDN,,,0
SD04127,Kulbus,SD04,West Darfur,2024,44582,41058.5,42838.5,30,sudan,SDN,,,0
SD04127,Kulbus,SD04,West Darfur,2025,44582,34198.666666666664,32422.0,12,sudan,SDN,,,0
SD04134,Sirba,SD04,West Darfur,2022,2955,2955.0,2955.0,2,sudan,SDN,,,0
SD04134,Sirba,SD04,West Darfur,2023,41250,19486.5,25875.0,24,sudan,SDN,,,0
SD04134,Sirba,SD04,West Darfur,2024,26325,26237.5,26225.0,30,sudan,SDN,,,0
SD04134,Sirba,SD04,West Darfur,2025,32980,31711.25,32760.0,12,sudan,SDN,,,0
SD05139,Adila,SD05,East Darfur,2022,5475,5475.0,5475.0,2,sudan,SDN,,,0
SD05139,Adila,SD05,East Darfur,2023,53557,47329.95652173913,47125.0,21,sudan,SDN,,,0
SD05139,Adila,SD05,East Darfur,2024,53737,51210.85294117647,51376.0,30,sudan,SDN,,,0
SD05139,Adila,SD05,East Darfur,2025,53883,53783.0,53737.0,12,sudan,SDN,,,0
SD05140,Abu Jabrah,SD05,East Darfur,2023,45010,42549.583333333336,42860.0,22,sudan,SDN,,,0
SD05140,Abu Jabrah,SD05,East Darfur,2024,44775,44218.08823529412,44117.5,30,sudan,SDN,,,0
SD05140,Abu Jabrah,SD05,East Darfur,2025,45641,44979.75,45425.0,12,sudan,SDN,,,0
SD05142,Ad Du'ayn,SD05,East Darfur,2011,51161,51161.0,51161.0,2,sudan,SDN,,,0
SD05142,Ad Du'ayn,SD05,East Darfur,2012,51161,51161.0,51161.0,7,sudan,SDN,,,0
SD05142,Ad Du'ayn,SD05,East Darfur,2013,60396,52480.28571428572,51161.0,7,sudan,SDN,,,0
SD05142,Ad Du'ayn,SD05,East Darfur,2014,60396,60396.0,60396.0,10,sudan,SDN,,,0
SD05142,Ad Du'ayn,SD05,East Darfur,2015,60396,60396.0,60396.0,12,sudan,SDN,,,0
SD05142,Ad Du'ayn,SD05,East Darfur,2016,60396,60396.0,60396.0,10,sudan,SDN,,,0
SD05142,Ad Du'ayn,SD05,East Darfur,2017,60396,60396.0,60396.0,10,sudan,SDN,,,0
SD05142,Ad Du'ayn,SD05,East Darfur,2018,60396,60396.0,60396.0,4,sudan,SDN,,,0
SD05142,Ad Du'ayn,SD05,East Darfur,2019,60396,60396.0,60396.0,1,sudan,SDN,,,0
SD05142,Ad Du'ayn,SD05,East Darfur,2020,94245,94245.0,94245.0,1,sudan,SDN,,,0
SD05142,Ad Du'ayn,SD05,East Darfur,2021,95140,94692.5,94692.5,2,sudan,SDN,,,0
SD05142,Ad Du'ayn,SD05,East Darfur,2022,99435,96935.0,96935.0,2,sudan,SDN,,,0
SD05142,Ad Du'ayn,SD05,East Darfur,2023,208755,79522.64705882352,105900.0,32,sudan,SDN,,,0
SD05142,Ad Du'ayn,SD05,East Darfur,2024,212145,169573.23529411765,166195.0,30,sudan,SDN,,,0
SD05142,Ad Du'ayn,SD05,East Darfur,2025,222723,218207.58333333334,218805.0,12,sudan,SDN,,,0
SD05148,Shia'ria,SD05,East Darfur,2020,5330,5330.0,5330.0,1,sudan,SDN,,,0
SD05148,Shia'ria,SD05,East Darfur,2021,5330,4752.5,4752.5,2,sudan,SDN,,,0
SD05148,Shia'ria,SD05,East Darfur,2022,8154,6809.0,6809.0,2,sudan,SDN,,,0
SD05148,Shia'ria,SD05,East Darfur,2023,183330,125681.81818181818,126635.0,20,sudan,SDN,,,0
SD05148,Shia'ria,SD05,East Darfur,2024,199095,185518.9705882353,181480.0,30,sudan,SDN,,,0
SD05148,Shia'ria,SD05,East Darfur,2025,206049,202971.33333333334,203302.5,12,sudan,SDN,,,0
SD05152,Al Firdous,SD05,East Darfur,2022,6770,6770.0,6770.0,2,sudan,SDN,,,0
SD05152,Al Firdous,SD05,East Darfur,2023,61020,40474.583333333336,35775.0,22,sudan,SDN,,,0
SD05152,Al Firdous,SD05,East Darfur,2024,59700,56567.64705882353,56575.0,30,sudan,SDN,,,0
SD05152,Al Firdous,SD05,East Darfur,2025,59710,59670.166666666664,59700.0,12,sudan,SDN,,,0
SD05155,Abu Karinka,SD05,East Darfur,2023,44921,34475.086956521736,31585.0,21,sudan,SDN,,,0
SD05155,Abu Karinka,SD05,East Darfur,2024,45046,43504.76470588235,43605.5,30,sudan,SDN,,,0
SD05155,Abu Karinka,SD05,East Darfur,2025,45704,45501.5,45603.0,12,sudan,SDN,,,0
SD05160,Bahr Al Arab,SD05,East Darfur,2023,66920,53548.333333333336,51420.0,22,sudan,SDN,,,0
SD05160,Bahr Al Arab,SD05,East Darfur,2024,67220,67149.41176470589,67220.0,30,sudan,SDN,,,0
SD05160,Bahr Al Arab,SD05,East Darfur,2025,67302,67188.91666666667,67220.0,12,sudan,SDN,,,0
SD05163,Assalaya,SD05,East Darfur,2022,5100,2600.0,2600.0,2,sudan,SDN,,,0
SD05163,Assalaya,SD05,East Darfur,2023,24835,7523.8,3825.0,23,sudan,SDN,,,0
SD05163,Assalaya,SD05,East Darfur,2024,25240,22615.58823529412,22932.5,30,sudan,SDN,,,0
SD05163,Assalaya,SD05,East Darfur,2025,28776,27346.166666666668,27849.0,12,sudan,SDN,,,0
SD05165,Yassin,SD05,East Darfur,2020,122,122.0,122.0,1,sudan,SDN,,,0
SD05165,Yassin,SD05,East Darfur,2021,161,141.5,141.5,2,sudan,SDN,,,0
SD05165,Yassin,SD05,East Darfur,2022,507,507.0,507.0,2,sudan,SDN,,,0
SD05165,Yassin,SD05,East Darfur,2023,78497,72838.36363636363,73310.0,20,sudan,SDN,,,0
SD05165,Yassin,SD05,East Darfur,2024,81610,78582.05882352941,77922.5,30,sudan,SDN,,,0
SD05165,Yassin,SD05,East Darfur,2025,82266,81752.25,81610.0,12,sudan,SDN,,,0
SD06110,Azum,SD06,Central Darfur,2014,8098,8098.0,8098.0,3,sudan,SDN,,,0
SD06110,Azum,SD06,Central Darfur,2015,8098,8098.0,8098.0,12,sudan,SDN,,,0
SD06110,Azum,SD06,Central Darfur,2016,8098,8098.0,8098.0,10,sudan,SDN,,,0
SD06110,Azum,SD06,Central Darfur,2017,8098,8098.0,8098.0,10,sudan,SDN,,,0
SD06110,Azum,SD06,Central Darfur,2018,8098,8098.0,8098.0,2,sudan,SDN,,,0
SD06110,Azum,SD06,Central Darfur,2019,8098,8098.0,8098.0,1,sudan,SDN,,,0
SD06110,Azum,SD06,Central Darfur,2020,11750,11750.0,11750.0,1,sudan,SDN,,,0
SD06110,Azum,SD06,Central Darfur,2021,26250,19000.0,19000.0,2,sudan,SDN,,,0
SD06110,Azum,SD06,Central Darfur,2022,27250,27250.0,27250.0,2,sudan,SDN,,,0
SD06110,Azum,SD06,Central Darfur,2023,75900,51140.74074074074,49000.0,25,sudan,SDN,,,0
SD06110,Azum,SD06,Central Darfur,2024,70005,59977.94117647059,60300.0,30,sudan,SDN,,,0
SD06110,Azum,SD06,Central Darfur,2025,71990,70858.91666666667,70797.5,12,sudan,SDN,,,0
SD06112,Bendasi,SD06,Central Darfur,2013,18241,18241.0,18241.0,7,sudan,SDN,,,0
SD06112,Bendasi,SD06,Central Darfur,2014,18241,18241.0,18241.0,10,sudan,SDN,,,0
SD06112,Bendasi,SD06,Central Darfur,2015,18241,18241.0,18241.0,12,sudan,SDN,,,0
SD06112,Bendasi,SD06,Central Darfur,2016,18241,18241.0,18241.0,10,sudan,SDN,,,0
SD06112,Bendasi,SD06,Central Darfur,2017,18241,18241.0,18241.0,10,sudan,SDN,,,0
SD06112,Bendasi,SD06,Central Darfur,2018,26339,22290.0,22290.0,4,sudan,SDN,,,0
SD06112,Bendasi,SD06,Central Darfur,2019,18241,18241.0,18241.0,1,sudan,SDN,,,0
SD06112,Bendasi,SD06,Central Darfur,2020,32500,32500.0,32500.0,1,sudan,SDN,,,0
SD06112,Bendasi,SD06,Central Darfur,2021,32500,31088.5,31088.5,2,sudan,SDN,,,0
SD06112,Bendasi,SD06,Central Darfur,2022,29405,29405.0,29405.0,2,sudan,SDN,,,0
SD06112,Bendasi,SD06,Central Darfur,2023,29435,29435.0,29435.0,2,sudan,SDN,,,0
SD06112,Bendasi,SD06,Central Darfur,2024,32090,30831.764705882353,32090.0,17,sudan,SDN,,,0
SD06112,Bendasi,SD06,Central Darfur,2025,32417,32259.333333333332,32302.5,12,sudan,SDN,,,0
SD06130,Mukjar,SD06,Central Darfur,2011,17637,17637.0,17637.0,6,sudan,SDN,SDN.4.1_1,1.0,0
SD06130,Mukjar,SD06,Central Darfur,2012,17637,17637.0,17637.0,7,sudan,SDN,SDN.4.1_1,1.0,0
SD06130,Mukjar,SD06,Central Darfur,2013,17637,17637.0,17637.0,7,sudan,SDN,SDN.4.1_1,1.0,0
SD06130,Mukjar,SD06,Central Darfur,2014,20136,18636.6,17637.0,10,sudan,SDN,SDN.4.1_1,1.0,0
SD06130,Mukjar,SD06,Central Darfur,2015,20136,20136.0,20136.0,12,sudan,SDN,SDN.4.1_1,1.0,0
SD06130,Mukjar,SD06,Central Darfur,2016,20136,20136.0,20136.0,10,sudan,SDN,SDN.4.1_1,1.0,0
SD06130,Mukjar,SD06,Central Darfur,2017,20136,20136.0,20136.0,10,sudan,SDN,SDN.4.1_1,1.0,0
SD06130,Mukjar,SD06,Central Darfur,2018,20136,20136.0,20136.0,4,sudan,SDN,SDN.4.1_1,1.0,0
SD06130,Mukjar,SD06,Central Darfur,2019,20136,20136.0,20136.0,1,sudan,SDN,SDN.4.1_1,1.0,0
SD06130,Mukjar,SD06,Central Darfur,2020,23250,23250.0,23250.0,1,sudan,SDN,SDN.4.1_1,1.0,0
SD06130,Mukjar,SD06,Central Darfur,2021,23660,23455.0,23455.0,2,sudan,SDN,SDN.4.1_1,1.0,0
SD06130,Mukjar,SD06,Central Darfur,2022,26160,26160.0,26160.0,2,sudan,SDN,SDN.4.1_1,1.0,0
SD06130,Mukjar,SD06,Central Darfur,2023,26630,4794.583333333333,475.0,11,sudan,SDN,SDN.4.1_1,1.0,0
SD06130,Mukjar,SD06,Central Darfur,2024,28750,15270.0,15490.0,30,sudan,SDN,SDN.4.1_1,1.0,0
SD06130,Mukjar,SD06,Central Darfur,2025,29042,28903.916666666668,28960.0,12,sudan,SDN,SDN.4.1_1,1.0,0
SD06131,Gharb Jabal Marrah,SD06,Central Darfur,2012,34920,34920.0,34920.0,4,sudan,SDN,,,0
SD06131,Gharb Jabal Marrah,SD06,Central Darfur,2013,34920,34920.0,34920.0,7,sudan,SDN,,,0
SD06131,Gharb Jabal Marrah,SD06,Central Darfur,2014,34920,34920.0,34920.0,10,sudan,SDN,,,0
SD06131,Gharb Jabal Marrah,SD06,Central Darfur,2015,34920,34920.0,34920.0,12,sudan,SDN,,,0
SD06131,Gharb Jabal Marrah,SD06,Central Darfur,2016,34920,34920.0,34920.0,10,sudan,SDN,,,0
SD06131,Gharb Jabal Marrah,SD06,Central Darfur,2017,70752,58530.6,70752.0,10,sudan,SDN,,,0
SD06131,Gharb Jabal Marrah,SD06,Central Darfur,2018,71391,70911.75,70752.0,4,sudan,SDN,,,0
SD06131,Gharb Jabal Marrah,SD06,Central Darfur,2019,48655,48655.0,48655.0,1,sudan,SDN,,,0
SD06131,Gharb Jabal Marrah,SD06,Central Darfur,2020,70709,70709.0,70709.0,1,sudan,SDN,,,0
SD06131,Gharb Jabal Marrah,SD06,Central Darfur,2021,70709,60699.5,60699.5,2,sudan,SDN,,,0
SD06131,Gharb Jabal Marrah,SD06,Central Darfur,2022,46835,46835.0,46835.0,2,sudan,SDN,,,0
SD06131,Gharb Jabal Marrah,SD06,Central Darfur,2023,64725,15427.666666666666,6000.0,28,sudan,SDN,,,0
SD06131,Gharb Jabal Marrah,SD06,Central Darfur,2024,83563,61577.529411764706,61985.0,30,sudan,SDN,,,0
SD06131,Gharb Jabal Marrah,SD06,Central Darfur,2025,88768,86348.58333333333,87223.0,12,sudan,SDN,,,0
SD06132,Shamal Jabal Marrah,SD06,Central Darfur,2015,39545,39545.0,39545.0,1,sudan,SDN,,,0
SD06132,Shamal Jabal Marrah,SD06,Central Darfur,2016,39545,39545.0,39545.0,10,sudan,SDN,,,0
SD06132,Shamal Jabal Marrah,SD06,Central Darfur,2017,61834,55495.0,57131.0,10,sudan,SDN,,,0
SD06132,Shamal Jabal Marrah,SD06,Central Darfur,2018,64549,59039.75,61834.0,4,sudan,SDN,,,0
SD06132,Shamal Jabal Marrah,SD06,Central Darfur,2019,54171,54171.0,54171.0,1,sudan,SDN,,,0
SD06132,Shamal Jabal Marrah,SD06,Central Darfur,2021,44364,42534.0,42534.0,2,sudan,SDN,,,0
SD06132,Shamal Jabal Marrah,SD06,Central Darfur,2022,43843,43843.0,43843.0,2,sudan,SDN,,,0
SD06132,Shamal Jabal Marrah,SD06,Central Darfur,2023,123093,58168.53333333333,67785.0,28,sudan,SDN,,,0
SD06132,Shamal Jabal Marrah,SD06,Central Darfur,2024,162907,114203.35294117648,108833.0,30,sudan,SDN,,,0
SD06132,Shamal Jabal Marrah,SD06,Central Darfur,2025,168905,166526.16666666666,168054.5,12,sudan,SDN,,,0
SD06135,Um Dukhun,SD06,Central Darfur,2011,47108,47108.0,47108.0,1,sudan,SDN,,,0
SD06135,Um Dukhun,SD06,Central Darfur,2012,47108,47108.0,47108.0,7,sudan,SDN,,,0
SD06135,Um Dukhun,SD06,Central Darfur,2013,54751,51519.0,51082.0,7,sudan,SDN,,,0
SD06135,Um Dukhun,SD06,Central Darfur,2014,114060,69771.4,54751.0,10,sudan,SDN,,,0
SD06135,Um Dukhun,SD06,Central Darfur,2015,114060,114060.0,114060.0,12,sudan,SDN,,,0
SD06135,Um Dukhun,SD06,Central Darfur,2016,114060,114060.0,114060.0,10,sudan,SDN,,,0
SD06135,Um Dukhun,SD06,Central Darfur,2017,117064,115562.0,115562.0,10,sudan,SDN,,,0
SD06135,Um Dukhun,SD06,Central Darfur,2018,117064,106185.0,117064.0,4,sudan,SDN,,,0
SD06135,Um Dukhun,SD06,Central Darfur,2019,73548,73548.0,73548.0,1,sudan,SDN,,,0
SD06135,Um Dukhun,SD06,Central Darfur,2021,2180,2180.0,2180.0,1,sudan,SDN,,,0
SD06135,Um Dukhun,SD06,Central Darfur,2022,22130,22130.0,22130.0,2,sudan,SDN,,,0
SD06135,Um Dukhun,SD06,Central Darfur,2023,61280,34051.5,38250.0,30,sudan,SDN,,,0
SD06135,Um Dukhun,SD06,Central Darfur,2024,62255,51796.617647058825,51765.0,30,sudan,SDN,,,0
SD06135,Um Dukhun,SD06,Central Darfur,2025,68525,66810.0,68425.0,12,sudan,SDN,,,0
SD06137,Wadi Salih,SD06,Central Darfur,2012,52864,49942.857142857145,52864.0,7,sudan,SDN,,,0
SD06137,Wadi Salih,SD06,Central Darfur,2013,52864,52864.0,52864.0,7,sudan,SDN,,,0
SD06137,Wadi Salih,SD06,Central Darfur,2014,52864,52864.0,52864.0,10,sudan,SDN,,,0
SD06137,Wadi Salih,SD06,Central Darfur,2015,52864,52864.0,52864.0,12,sudan,SDN,,,0
SD06137,Wadi Salih,SD06,Central Darfur,2016,52864,52864.0,52864.0,10,sudan,SDN,,,0
SD06137,Wadi Salih,SD06,Central Darfur,2017,70464,68704.0,70464.0,10,sudan,SDN,,,0
SD06137,Wadi Salih,SD06,Central Darfur,2018,70464,70464.0,70464.0,4,sudan,SDN,,,0
SD06137,Wadi Salih,SD06,Central Darfur,2019,70464,70464.0,70464.0,1,sudan,SDN,,,0
SD06137,Wadi Salih,SD06,Central Darfur,2020,29500,29500.0,29500.0,1,sudan,SDN,,,0
SD06137,Wadi Salih,SD06,Central Darfur,2021,67534,48517.0,48517.0,2,sudan,SDN,,,0
SD06137,Wadi Salih,SD06,Central Darfur,2022,67698,67698.0,67698.0,2,sudan,SDN,,,0
SD06137,Wadi Salih,SD06,Central Darfur,2023,72963,5220.236842105263,1530.0,33,sudan,SDN,,,0
SD06137,Wadi Salih,SD06,Central Darfur,2024,86078,50132.82352941176,51996.5,30,sudan,SDN,,,0
SD06137,Wadi Salih,SD06,Central Darfur,2025,86535,86340.41666666667,86332.0,12,sudan,SDN,,,0
SD06138,Zalingi,SD06,Central Darfur,2011,120272,120272.0,120272.0,4,sudan,SDN,,,0
SD06138,Zalingi,SD06,Central Darfur,2012,120272,120272.0,120272.0,7,sudan,SDN,,,0
SD06138,Zalingi,SD06,Central Darfur,2013,120272,120272.0,120272.0,7,sudan,SDN,,,0
SD06138,Zalingi,SD06,Central Darfur,2014,120272,120272.0,120272.0,10,sudan,SDN,,,0
SD06138,Zalingi,SD06,Central Darfur,2015,121959,121115.5,121115.5,12,sudan,SDN,,,0
SD06138,Zalingi,SD06,Central Darfur,2016,127233,123013.8,121959.0,10,sudan,SDN,,,0
SD06138,Zalingi,SD06,Central Darfur,2017,127233,127217.5,127233.0,10,sudan,SDN,,,0
SD06138,Zalingi,SD06,Central Darfur,2018,127233,127233.0,127233.0,4,sudan,SDN,,,0
SD06138,Zalingi,SD06,Central Darfur,2019,138060,138060.0,138060.0,1,sudan,SDN,,,0
SD06138,Zalingi,SD06,Central Darfur,2020,209500,209500.0,209500.0,1,sudan,SDN,,,0
SD06138,Zalingi,SD06,Central Darfur,2021,223945,216722.5,216722.5,2,sudan,SDN,,,0
SD06138,Zalingi,SD06,Central Darfur,2022,207335,207335.0,207335.0,2,sudan,SDN,,,0
SD06138,Zalingi,SD06,Central Darfur,2023,268763,100941.0,98967.5,33,sudan,SDN,,,0
SD06138,Zalingi,SD06,Central Darfur,2024,217807,163379.4705882353,174514.0,30,sudan,SDN,,,0
SD06138,Zalingi,SD06,Central Darfur,2025,219749,218770.58333333334,218799.5,12,sudan,SDN,,,0
SD06139,Wasat Jabal Marrah,SD06,Central Darfur,2021,25648,15306.0,15306.0,2,sudan,SDN,,,0
SD06139,Wasat Jabal Marrah,SD06,Central Darfur,2022,79678,79678.0,79678.0,2,sudan,SDN,,,0
SD06139,Wasat Jabal Marrah,SD06,Central Darfur,2023,102975,17608.928571428572,7500.0,26,sudan,SDN,,,0
SD06139,Wasat Jabal Marrah,SD06,Central Darfur,2024,181409,119267.91176470589,120552.5,30,sudan,SDN,,,0
SD06139,Wasat Jabal Marrah,SD06,Central Darfur,2025,222955,203415.91666666666,212383.0,12,sudan,SDN,,,0
SD07088,Abu Jubayhah,SD07,South Kordofan,2016,19895,19868.2,19895.0,10,sudan,SDN,,,0
SD07088,Abu Jubayhah,SD07,South Kordofan,2017,20026,19973.6,20026.0,10,sudan,SDN,,,0
SD07088,Abu Jubayhah,SD07,South Kordofan,2018,20136,20053.5,20026.0,4,sudan,SDN,,,0
SD07088,Abu Jubayhah,SD07,South Kordofan,2019,20165,20165.0,20165.0,1,sudan,SDN,,,0
SD07088,Abu Jubayhah,SD07,South Kordofan,2020,49064,49064.0,49064.0,1,sudan,SDN,,,0
SD07088,Abu Jubayhah,SD07,South Kordofan,2021,51551,36979.5,36979.5,2,sudan,SDN,,,0
SD07088,Abu Jubayhah,SD07,South Kordofan,2022,45236,45236.0,45236.0,2,sudan,SDN,,,0
SD07088,Abu Jubayhah,SD07,South Kordofan,2023,54179,11819.193548387097,8913.0,29,sudan,SDN,,,0
SD07088,Abu Jubayhah,SD07,South Kordofan,2024,59275,38261.14705882353,37396.0,30,sudan,SDN,,,0
SD07088,Abu Jubayhah,SD07,South Kordofan,2025,59750,54804.0,53296.5,12,sudan,SDN,,,0
SD07089,Talawdi,SD07,South Kordofan,2016,24281,23494.4,24281.0,10,sudan,SDN,,,0
SD07089,Talawdi,SD07,South Kordofan,2017,24281,24281.0,24281.0,10,sudan,SDN,,,0
SD07089,Talawdi,SD07,South Kordofan,2018,24599,24360.5,24281.0,4,sudan,SDN,,,0
SD07089,Talawdi,SD07,South Kordofan,2019,27614,27614.0,27614.0,1,sudan,SDN,,,0
SD07089,Talawdi,SD07,South Kordofan,2020,15125,15125.0,15125.0,1,sudan,SDN,,,0
SD07089,Talawdi,SD07,South Kordofan,2021,23861,17390.5,17390.5,2,sudan,SDN,,,0
SD07089,Talawdi,SD07,South Kordofan,2022,14290,14290.0,14290.0,2,sudan,SDN,,,0
SD07089,Talawdi,SD07,South Kordofan,2023,16353,3071.2727272727275,2013.0,20,sudan,SDN,,,0
SD07089,Talawdi,SD07,South Kordofan,2024,10594,6192.970588235294,6113.5,30,sudan,SDN,,,0
SD07089,Talawdi,SD07,South Kordofan,2025,11924,11071.5,10979.0,12,sudan,SDN,,,0
SD07090,Abassiya,SD07,South Kordofan,2015,16425,16425.0,16425.0,4,sudan,SDN,,,0
SD07090,Abassiya,SD07,South Kordofan,2016,17278,17022.1,17278.0,10,sudan,SDN,,,0
SD07090,Abassiya,SD07,South Kordofan,2017,17278,17278.0,17278.0,10,sudan,SDN,,,0
SD07090,Abassiya,SD07,South Kordofan,2018,17598,17358.0,17278.0,4,sudan,SDN,,,0
SD07090,Abassiya,SD07,South Kordofan,2019,17589,17589.0,17589.0,1,sudan,SDN,,,0
SD07090,Abassiya,SD07,South Kordofan,2020,10330,10330.0,10330.0,1,sudan,SDN,,,0
SD07090,Abassiya,SD07,South Kordofan,2021,20932,19343.0,19343.0,2,sudan,SDN,,,0
SD07090,Abassiya,SD07,South Kordofan,2022,18043,18043.0,18043.0,2,sudan,SDN,,,0
SD07090,Abassiya,SD07,South Kordofan,2023,33875,13108.742857142857,15120.0,33,sudan,SDN,,,0
SD07090,Abassiya,SD07,South Kordofan,2024,66657,42661.76470588235,47354.0,30,sudan,SDN,,,0
SD07090,Abassiya,SD07,South Kordofan,2025,66842,64389.5,65812.0,12,sudan,SDN,,,0
SD07093,Ar Rashad,SD07,South Kordofan,2016,29323,26602.555555555555,28564.0,9,sudan,SDN,,,0
SD07093,Ar Rashad,SD07,South Kordofan,2017,29596,29541.4,29596.0,10,sudan,SDN,,,0
SD07093,Ar Rashad,SD07,South Kordofan,2018,31088,29969.0,29596.0,4,sudan,SDN,,,0
SD07093,Ar Rashad,SD07,South Kordofan,2019,31755,31755.0,31755.0,1,sudan,SDN,,,0
SD07093,Ar Rashad,SD07,South Kordofan,2020,16015,16015.0,16015.0,1,sudan,SDN,,,0
SD07093,Ar Rashad,SD07,South Kordofan,2021,17573,14612.0,14612.0,2,sudan,SDN,,,0
SD07093,Ar Rashad,SD07,South Kordofan,2022,12370,12286.5,12286.5,2,sudan,SDN,,,0
SD07093,Ar Rashad,SD07,South Kordofan,2023,20645,5407.4,4987.0,33,sudan,SDN,,,0
SD07093,Ar Rashad,SD07,South Kordofan,2024,22114,13852.29411764706,13492.5,30,sudan,SDN,,,0
SD07093,Ar Rashad,SD07,South Kordofan,2025,22379,21899.25,22006.5,12,sudan,SDN,,,0
SD07094,Al Quoz,SD07,South Kordofan,2016,626,626.0,626.0,5,sudan,SDN,,,0
SD07094,Al Quoz,SD07,South Kordofan,2017,626,626.0,626.0,10,sudan,SDN,,,0
SD07094,Al Quoz,SD07,South Kordofan,2018,626,626.0,626.0,4,sudan,SDN,,,0
SD07094,Al Quoz,SD07,South Kordofan,2020,1963,1963.0,1963.0,1,sudan,SDN,,,0
SD07094,Al Quoz,SD07,South Kordofan,2021,2790,2376.5,2376.5,2,sudan,SDN,,,0
SD07094,Al Quoz,SD07,South Kordofan,2022,3280,3280.0,3280.0,2,sudan,SDN,,,0
SD07094,Al Quoz,SD07,South Kordofan,2023,6134,2094.5666666666666,1965.0,28,sudan,SDN,,,0
SD07094,Al Quoz,SD07,South Kordofan,2024,9195,6721.176470588235,7037.0,30,sudan,SDN,,,0
SD07094,Al Quoz,SD07,South Kordofan,2025,10815,9290.416666666666,9195.0,12,sudan,SDN,,,0
SD07095,Dilling,SD07,South Kordofan,2016,9568,9568.0,9568.0,6,sudan,SDN,SDN.15.2_1,0.0,0
SD07095,Dilling,SD07,South Kordofan,2017,9638,9614.8,9611.0,10,sudan,SDN,SDN.15.2_1,0.0,0
SD07095,Dilling,SD07,South Kordofan,2018,9638,9638.0,9638.0,4,sudan,SDN,SDN.15.2_1,0.0,0
SD07095,Dilling,SD07,South Kordofan,2019,9638,9638.0,9638.0,1,sudan,SDN,SDN.15.2_1,0.0,0
SD07095,Dilling,SD07,South Kordofan,2020,20773,20773.0,20773.0,1,sudan,SDN,SDN.15.2_1,0.0,0
SD07095,Dilling,SD07,South Kordofan,2021,28711,25492.0,25492.0,2,sudan,SDN,SDN.15.2_1,0.0,0
SD07095,Dilling,SD07,South Kordofan,2022,27842,27842.0,27842.0,2,sudan,SDN,SDN.15.2_1,0.0,0
SD07095,Dilling,SD07,South Kordofan,2023,42103,9187.583333333334,8588.0,33,sudan,SDN,SDN.15.2_1,0.0,0
SD07095,Dilling,SD07,South Kordofan,2024,44389,28646.20588235294,29133.5,30,sudan,SDN,SDN.15.2_1,0.0,0
SD07095,Dilling,SD07,South Kordofan,2025,44254,42636.333333333336,42630.0,12,sudan,SDN,SDN.15.2_1,0.0,0
SD07097,Ar Reif Ash Shargi,SD07,South Kordofan,2016,9864,9864.0,9864.0,4,sudan,SDN,,,0
SD07097,Ar Reif Ash Shargi,SD07,South Kordofan,2017,9864,9864.0,9864.0,10,sudan,SDN,,,0
SD07097,Ar Reif Ash Shargi,SD07,South Kordofan,2018,9864,9864.0,9864.0,4,sudan,SDN,,,0
SD07097,Ar Reif Ash Shargi,SD07,South Kordofan,2019,9864,9864.0,9864.0,1,sudan,SDN,,,0
SD07097,Ar Reif Ash Shargi,SD07,South Kordofan,2020,9382,9382.0,9382.0,1,sudan,SDN,,,0
SD07097,Ar Reif Ash Shargi,SD07,South Kordofan,2021,10425,9903.5,9903.5,2,sudan,SDN,,,0
SD07097,Ar Reif Ash Shargi,SD07,South Kordofan,2022,10385,10385.0,10385.0,2,sudan,SDN,,,0
SD07097,Ar Reif Ash Shargi,SD07,South Kordofan,2023,31215,18101.44,20860.0,23,sudan,SDN,,,0
SD07097,Ar Reif Ash Shargi,SD07,South Kordofan,2024,39030,31562.352941176472,33852.5,30,sudan,SDN,,,0
SD07097,Ar Reif Ash Shargi,SD07,South Kordofan,2025,39030,36138.333333333336,37655.0,12,sudan,SDN,,,0
SD07098,Kadugli,SD07,South Kordofan,2016,59253,39589.0,59106.0,9,sudan,SDN,SDN.15.3_1,0.0,0
SD07098,Kadugli,SD07,South Kordofan,2017,60887,60227.4,60283.5,10,sudan,SDN,SDN.15.3_1,0.0,0
SD07098,Kadugli,SD07,South Kordofan,2018,61804,61306.25,61189.5,4,sudan,SDN,SDN.15.3_1,0.0,0
SD07098,Kadugli,SD07,South Kordofan,2019,64539,64539.0,64539.0,1,sudan,SDN,SDN.15.3_1,0.0,0
SD07098,Kadugli,SD07,South Kordofan,2020,69751,69751.0,69751.0,1,sudan,SDN,SDN.15.3_1,0.0,0
SD07098,Kadugli,SD07,South Kordofan,2021,84215,72939.0,72939.0,2,sudan,SDN,SDN.15.3_1,0.0,0
SD07098,Kadugli,SD07,South Kordofan,2022,74201,74201.0,74201.0,2,sudan,SDN,SDN.15.3_1,0.0,0
SD07098,Kadugli,SD07,South Kordofan,2023,86012,15484.125,9768.0,30,sudan,SDN,SDN.15.3_1,0.0,0
SD07098,Kadugli,SD07,South Kordofan,2024,85565,48596.67647058824,49159.5,30,sudan,SDN,SDN.15.3_1,0.0,0
SD07098,Kadugli,SD07,South Kordofan,2025,86635,84957.91666666667,84867.5,12,sudan,SDN,SDN.15.3_1,0.0,0
SD07103,Habila - SK,SD07,South Kordofan,2016,6954,6614.333333333333,6602.0,6,sudan,SDN,,,0
SD07103,Habila - SK,SD07,South Kordofan,2017,9245,7960.6,7900.0,10,sudan,SDN,,,0
SD07103,Habila - SK,SD07,South Kordofan,2018,9606,9335.25,9245.0,4,sudan,SDN,,,0
SD07103,Habila - SK,SD07,South Kordofan,2019,10935,10935.0,10935.0,1,sudan,SDN,,,0
SD07103,Habila - SK,SD07,South Kordofan,2020,3283,3283.0,3283.0,1,sudan,SDN,,,0
SD07103,Habila - SK,SD07,South Kordofan,2021,3940,3359.5,3359.5,2,sudan,SDN,,,0
SD07103,Habila - SK,SD07,South Kordofan,2022,5109,4999.0,4999.0,2,sudan,SDN,,,0
SD07103,Habila - SK,SD07,South Kordofan,2023,12862,5816.685714285714,6433.0,33,sudan,SDN,,,0
SD07103,Habila - SK,SD07,South Kordofan,2024,59211,50322.970588235294,57918.5,30,sudan,SDN,,,0
SD07103,Habila - SK,SD07,South Kordofan,2025,59211,23457.75,12455.0,12,sudan,SDN,,,0
SD07104,Abu Kershola,SD07,South Kordofan,2020,8185,8185.0,8185.0,1,sudan,SDN,,,0
SD07104,Abu Kershola,SD07,South Kordofan,2021,8327,8318.0,8318.0,2,sudan,SDN,,,0
SD07104,Abu Kershola,SD07,South Kordofan,2022,12852,12794.5,12794.5,2,sudan,SDN,,,0
SD07104,Abu Kershola,SD07,South Kordofan,2023,21442,6268.722222222223,6654.5,33,sudan,SDN,,,0
SD07104,Abu Kershola,SD07,South Kordofan,2024,26703,16483.70588235294,15203.0,30,sudan,SDN,,,0
SD07104,Abu Kershola,SD07,South Kordofan,2025,26473,23726.333333333332,23168.0,12,sudan,SDN,,,0
SD07105,Al Leri,SD07,South Kordofan,2021,6078,4473.0,4473.0,2,sudan,SDN,,,0
SD07105,Al Leri,SD07,South Kordofan,2022,3772,3772.0,3772.0,2,sudan,SDN,,,0
SD07105,Al Leri,SD07,South Kordofan,2023,6543,1531.2142857142858,1233.5,26,sudan,SDN,,,0
SD07105,Al Leri,SD07,South Kordofan,2024,7258,4396.294117647059,4280.0,30,sudan,SDN,,,0
SD07105,Al Leri,SD07,South Kordofan,2025,8083,7695.916666666667,7768.0,12,sudan,SDN,,,0
SD07106,At Tadamon - SK,SD07,South Kordofan,2022,847,706.0,706.0,2,sudan,SDN,,,0
SD07106,At Tadamon - SK,SD07,South Kordofan,2023,2093,1043.1470588235295,1120.0,32,sudan,SDN,,,0
SD07106,At Tadamon - SK,SD07,South Kordofan,2024,2253,1682.735294117647,1654.5,30,sudan,SDN,,,0
SD07106,At Tadamon - SK,SD07,South Kordofan,2025,2253,2253.0,2253.0,12,sudan,SDN,,,0
SD07107,Delami,SD07,South Kordofan,2020,6092,6092.0,6092.0,1,sudan,SDN,,,0
SD07107,Delami,SD07,South Kordofan,2021,13612,7382.0,7382.0,2,sudan,SDN,,,0
SD07107,Delami,SD07,South Kordofan,2022,3438,3328.0,3328.0,2,sudan,SDN,,,0
SD07107,Delami,SD07,South Kordofan,2023,4781,1563.0454545454545,1420.0,20,sudan,SDN,,,0
SD07107,Delami,SD07,South Kordofan,2024,4781,3088.735294117647,3075.5,30,sudan,SDN,,,0
SD07107,Delami,SD07,South Kordofan,2025,7856,6065.166666666667,6278.5,12,sudan,SDN,,,0
SD07108,Ghadeer,SD07,South Kordofan,2020,7720,7720.0,7720.0,1,sudan,SDN,,,0
SD07108,Ghadeer,SD07,South Kordofan,2021,13419,12835.5,12835.5,2,sudan,SDN,,,0
SD07108,Ghadeer,SD07,South Kordofan,2022,14190,14190.0,14190.0,2,sudan,SDN,,,0
SD07108,Ghadeer,SD07,South Kordofan,2023,16614,3485.818181818182,2460.0,20,sudan,SDN,,,0
SD07108,Ghadeer,SD07,South Kordofan,2024,15123,8179.0,7959.0,30,sudan,SDN,,,0
SD07108,Ghadeer,SD07,South Kordofan,2025,15123,14321.75,14368.0,12,sudan,SDN,,,0
SD08104,Baw,SD08,Blue Nile,2021,23808,21981.0,21981.0,2,sudan,SDN,SDN.3.4_1,0.0,0
SD08104,Baw,SD08,Blue Nile,2022,23135,23135.0,23135.0,2,sudan,SDN,SDN.3.4_1,0.0,0
SD08104,Baw,SD08,Blue Nile,2023,41256,41256.0,41256.0,2,sudan,SDN,SDN.3.4_1,0.0,0
SD08104,Baw,SD08,Blue Nile,2024,99673,33754.0625,50471.0,28,sudan,SDN,SDN.3.4_1,0.0,0
SD08104,Baw,SD08,Blue Nile,2025,118898,101800.0,99675.5,12,sudan,SDN,SDN.3.4_1,0.0,0
SD08105,Ed Damazine,SD08,Blue Nile,2021,13311,13311.0,13311.0,1,sudan,SDN,,,0
SD08105,Ed Damazine,SD08,Blue Nile,2022,9835,9835.0,9835.0,2,sudan,SDN,,,0
SD08105,Ed Damazine,SD08,Blue Nile,2023,96295,30639.108108108107,33284.0,33,sudan,SDN,,,0
SD08105,Ed Damazine,SD08,Blue Nile,2024,191964,120766.94117647059,98103.5,30,sudan,SDN,,,0
SD08105,Ed Damazine,SD08,Blue Nile,2025,192744,146966.0,132430.5,12,sudan,SDN,,,0
SD08106,Al Kurmuk,SD08,Blue Nile,2021,25975,25975.0,25975.0,1,sudan,SDN,,,0
SD08106,Al Kurmuk,SD08,Blue Nile,2022,33450,33450.0,33450.0,2,sudan,SDN,,,0
SD08106,Al Kurmuk,SD08,Blue Nile,2023,19916,1360.9142857142858,260.0,33,sudan,SDN,,,0
SD08106,Al Kurmuk,SD08,Blue Nile,2024,24570,11203.735294117647,9498.0,30,sudan,SDN,,,0
SD08106,Al Kurmuk,SD08,Blue Nile,2025,24250,22707.083333333332,22492.5,12,sudan,SDN,,,0
SD08107,Ar Rusayris,SD08,Blue Nile,2021,40527,40527.0,40527.0,2,sudan,SDN,,,0
SD08107,Ar Rusayris,SD08,Blue Nile,2022,35153,35153.0,35153.0,2,sudan,SDN,,,0
SD08107,Ar Rusayris,SD08,Blue Nile,2023,53960,14095.447368421053,15557.5,33,sudan,SDN,,,0
SD08107,Ar Rusayris,SD08,Blue Nile,2024,91257,57108.44117647059,44958.0,30,sudan,SDN,,,0
SD08107,Ar Rusayris,SD08,Blue Nile,2025,90917,57022.583333333336,50339.5,12,sudan,SDN,,,0
SD08108,At Tadamon - BN,SD08,Blue Nile,2021,6325,6325.0,6325.0,1,sudan,SDN,,,0
SD08108,At Tadamon - BN,SD08,Blue Nile,2022,18940,18190.0,18190.0,2,sudan,SDN,,,0
SD08108,At Tadamon - BN,SD08,Blue Nile,2023,17371,1613.6216216216217,1005.0,33,sudan,SDN,,,0
SD08108,At Tadamon - BN,SD08,Blue Nile,2024,50744,13004.20588235294,13830.0,30,sudan,SDN,,,0
SD08108,At Tadamon - BN,SD08,Blue Nile,2025,24040,16617.5,21475.0,12,sudan,SDN,,,0
SD08109,Geisan,SD08,Blue Nile,2021,16698,16698.0,16698.0,2,sudan,SDN,,,0
SD08109,Geisan,SD08,Blue Nile,2022,29243,29243.0,29243.0,2,sudan,SDN,,,0
SD08109,Geisan,SD08,Blue Nile,2023,29641,2511.0666666666666,740.0,28,sudan,SDN,,,0
SD08109,Geisan,SD08,Blue Nile,2024,49975,20032.617647058825,19170.5,30,sudan,SDN,,,0
SD08109,Geisan,SD08,Blue Nile,2025,48520,46093.25,46730.0,12,sudan,SDN,,,0
SD08110,Wad Al Mahi,SD08,Blue Nile,2021,4314,4314.0,4314.0,2,sudan,SDN,,,0
SD08110,Wad Al Mahi,SD08,Blue Nile,2022,2900,2900.0,2900.0,2,sudan,SDN,,,0
SD08110,Wad Al Mahi,SD08,Blue Nile,2023,8356,1383.8620689655172,960.0,27,sudan,SDN,,,0
SD08110,Wad Al Mahi,SD08,Blue Nile,2024,12672,5710.117647058823,5038.0,30,sudan,SDN,,,0
SD08110,Wad Al Mahi,SD08,Blue Nile,2025,12486,11051.416666666666,10531.0,12,sudan,SDN,,,0
SD09044,Ad Diwaim,SD09,White Nile,2022,1721,1721.0,1721.0,1,sudan,SDN,,,0
SD09044,Ad Diwaim,SD09,White Nile,2023,83817,65459.23684210526,67116.5,33,sudan,SDN,,,0
SD09044,Ad Diwaim,SD09,White Nile,2024,92659,84068.41176470589,85711.0,30,sudan,SDN,,,0
SD09044,Ad Diwaim,SD09,White Nile,2025,79712,66864.41666666667,68192.0,12,sudan,SDN,,,0
SD09045,Um Rimta,SD09,White Nile,2022,321,321.0,321.0,1,sudan,SDN,,,0
SD09045,Um Rimta,SD09,White Nile,2023,20755,17000.026315789473,18078.5,33,sudan,SDN,,,0
SD09045,Um Rimta,SD09,White Nile,2024,19730,13426.441176470587,13670.0,30,sudan,SDN,,,0
SD09045,Um Rimta,SD09,White Nile,2025,9665,5971.1,6172.0,10,sudan,SDN,,,0
SD09046,Rabak,SD09,White Nile,2022,7190,7190.0,7190.0,1,sudan,SDN,,,0
SD09046,Rabak,SD09,White Nile,2023,88436,27458.86842105263,13447.0,33,sudan,SDN,,,0
SD09046,Rabak,SD09,White Nile,2024,145543,113675.11764705883,96463.0,30,sudan,SDN,,,0
SD09046,Rabak,SD09,White Nile,2025,144705,107814.83333333333,110128.0,12,sudan,SDN,,,0
SD09047,Kosti,SD09,White Nile,2022,821,821.0,821.0,1,sudan,SDN,SDN.18.4_1,0.0,0
SD09047,Kosti,SD09,White Nile,2023,96583,34741.94736842105,18089.0,33,sudan,SDN,SDN.18.4_1,0.0,0
SD09047,Kosti,SD09,White Nile,2024,163233,133797.88235294117,134358.5,30,sudan,SDN,SDN.18.4_1,0.0,0
SD09047,Kosti,SD09,White Nile,2025,159597,128924.25,129675.0,12,sudan,SDN,SDN.18.4_1,0.0,0
SD09048,Tendalti,SD09,White Nile,2023,19986,15856.736842105263,17528.0,33,sudan,SDN,,,0
SD09048,Tendalti,SD09,White Nile,2024,19378,17166.176470588234,17483.0,30,sudan,SDN,,,0
SD09048,Tendalti,SD09,White Nile,2025,16769,15407.0,15321.5,12,sudan,SDN,,,0
SD09049,As Salam / Ar Rawat,SD09,White Nile,2022,450,450.0,450.0,1,sudan,SDN,,,0
SD09049,As Salam / Ar Rawat,SD09,White Nile,2023,50395,43805.52631578947,44806.5,33,sudan,SDN,,,0
SD09049,As Salam / Ar Rawat,SD09,White Nile,2024,54837,49453.64705882353,49394.0,30,sudan,SDN,,,0
SD09049,As Salam / Ar Rawat,SD09,White Nile,2025,53429,51892.166666666664,52266.5,12,sudan,SDN,,,0
SD09050,Al Gitaina,SD09,White Nile,2022,384,384.0,384.0,1,sudan,SDN,,,0
SD09050,Al Gitaina,SD09,White Nile,2023,33930,27649.86842105263,29519.0,33,sudan,SDN,,,0
SD09050,Al Gitaina,SD09,White Nile,2024,32797,19308.529411764706,16912.0,30,sudan,SDN,,,0
SD09050,Al Gitaina,SD09,White Nile,2025,28380,24390.833333333332,25661.5,12,sudan,SDN,,,0
SD09051,Aj Jabalain,SD09,White Nile,2022,6678,6678.0,6678.0,1,sudan,SDN,,,0
SD09051,Aj Jabalain,SD09,White Nile,2023,118183,67550.0,69551.5,33,sudan,SDN,,,0
SD09051,Aj Jabalain,SD09,White Nile,2024,139317,119235.79411764706,116801.5,30,sudan,SDN,,,0
SD09051,Aj Jabalain,SD09,White Nile,2025,137113,116628.58333333333,118494.0,12,sudan,SDN,,,0
SD09052,Guli,SD09,White Nile,2023,28688,13045.297297297297,4085.0,33,sudan,SDN,,,0
SD09052,Guli,SD09,White Nile,2024,35582,30447.91176470588,27962.0,30,sudan,SDN,,,0
SD09052,Guli,SD09,White Nile,2025,27040,17046.0,15356.5,12,sudan,SDN,,,0
SD10063,Dordieb,SD10,Red Sea,2022,325,325.0,325.0,2,sudan,SDN,,,0
SD10063,Dordieb,SD10,Red Sea,2023,1125,750.0,800.0,3,sudan,SDN,,,0
SD10063,Dordieb,SD10,Red Sea,2024,2355,1454.4117647058824,1145.0,30,sudan,SDN,,,0
SD10063,Dordieb,SD10,Red Sea,2025,2390,2147.9166666666665,2132.5,12,sudan,SDN,,,0
SD10064,Port Sudan,SD10,Red Sea,2022,14050,13925.0,13925.0,2,sudan,SDN,SDN.11.2_1,0.0,0
SD10064,Port Sudan,SD10,Red Sea,2023,220120,89053.3947368421,102964.0,33,sudan,SDN,SDN.11.2_1,0.0,0
SD10064,Port Sudan,SD10,Red Sea,2024,243422,232885.61764705883,232160.5,30,sudan,SDN,SDN.11.2_1,0.0,0
SD10064,Port Sudan,SD10,Red Sea,2025,236510,145771.91666666666,135045.5,12,sudan,SDN,SDN.11.2_1,0.0,0
SD10065,Tawkar,SD10,Red Sea,2022,3000,3000.0,3000.0,2,sudan,SDN,,,0
SD10065,Tawkar,SD10,Red Sea,2023,2350,536.6129032258065,375.0,29,sudan,SDN,,,0
SD10065,Tawkar,SD10,Red Sea,2024,13710,4104.970588235294,1495.0,30,sudan,SDN,,,0
SD10065,Tawkar,SD10,Red Sea,2025,10684,8600.416666666666,9158.5,12,sudan,SDN,,,0
SD10066,Hala'ib,SD10,Red Sea,2024,1176,764.551724137931,600.0,26,sudan,SDN,,,0
SD10066,Hala'ib,SD10,Red Sea,2025,1096,665.9166666666666,613.5,12,sudan,SDN,,,0
SD10067,Jubayt Elma'aadin,SD10,Red Sea,2023,135,113.42857142857143,135.0,33,sudan,SDN,,,0
SD10067,Jubayt Elma'aadin,SD10,Red Sea,2024,640,352.55882352941177,345.0,30,sudan,SDN,,,0
SD10067,Jubayt Elma'aadin,SD10,Red Sea,2025,346,255.0,255.0,12,sudan,SDN,,,0
SD10068,Sawakin,SD10,Red Sea,2022,1435,1435.0,1435.0,2,sudan,SDN,,,0
SD10068,Sawakin,SD10,Red Sea,2023,2815,680.5263157894736,625.0,33,sudan,SDN,,,0
SD10068,Sawakin,SD10,Red Sea,2024,8915,6105.411764705882,6229.5,30,sudan,SDN,,,0
SD10068,Sawakin,SD10,Red Sea,2025,8479,3130.3333333333335,2126.0,12,sudan,SDN,,,0
SD10069,Al Ganab,SD10,Red Sea,2023,75,75.0,75.0,2,sudan,SDN,,,0
SD10069,Al Ganab,SD10,Red Sea,2024,3290,985.1470588235294,225.0,30,sudan,SDN,,,0
SD10069,Al Ganab,SD10,Red Sea,2025,3836,2245.25,2219.5,12,sudan,SDN,,,0
SD10070,Haya,SD10,Red Sea,2022,765,765.0,765.0,2,sudan,SDN,,,0
SD10070,Haya,SD10,Red Sea,2023,3600,1652.7941176470588,1350.0,32,sudan,SDN,,,0
SD10070,Haya,SD10,Red Sea,2024,4715,2851.176470588235,2875.0,30,sudan,SDN,,,0
SD10070,Haya,SD10,Red Sea,2025,4715,4407.5,4340.0,12,sudan,SDN,,,0
SD10071,Sinkat,SD10,Red Sea,2022,715,715.0,715.0,2,sudan,SDN,SDN.11.3_1,0.0,0
SD10071,Sinkat,SD10,Red Sea,2023,4345,2146.4736842105262,1752.0,33,sudan,SDN,SDN.11.3_1,0.0,0
SD10071,Sinkat,SD10,Red Sea,2024,14778,8293.911764705883,7210.0,30,sudan,SDN,SDN.11.3_1,0.0,0
SD10071,Sinkat,SD10,Red Sea,2025,14938,9094.916666666666,9799.0,12,sudan,SDN,SDN.11.3_1,0.0,0
SD10072,Agig,SD10,Red Sea,2024,2520,908.304347826087,275.0,21,sudan,SDN,,,0
SD10072,Agig,SD10,Red Sea,2025,895,309.1666666666667,235.0,12,sudan,SDN,,,0
SD11052,Halfa Aj Jadeedah,SD11,Kassala,2023,43345,32462.058823529413,38052.5,32,sudan,SDN,,,0
SD11052,Halfa Aj Jadeedah,SD11,Kassala,2024,113806,60951.32352941176,52220.0,30,sudan,SDN,,,0
SD11052,Halfa Aj Jadeedah,SD11,Kassala,2025,113806,42947.75,22455.0,12,sudan,SDN,,,0
SD11053,Madeinat Kassala,SD11,Kassala,2023,93237,42952.6,43832.0,33,sudan,SDN,,,0
SD11053,Madeinat Kassala,SD11,Kassala,2024,177855,136523.17647058822,127044.5,30,sudan,SDN,,,0
SD11053,Madeinat Kassala,SD11,Kassala,2025,177855,76784.33333333333,52248.0,12,sudan,SDN,,,0
SD11054,Reifi Gharb Kassala,SD11,Kassala,2023,375,197.5,197.5,2,sudan,SDN,,,0
SD11054,Reifi Gharb Kassala,SD11,Kassala,2024,2985,454.11764705882354,20.0,30,sudan,SDN,,,0
SD11054,Reifi Gharb Kassala,SD11,Kassala,2025,7413,3468.75,2920.0,12,sudan,SDN,,,0
SD11055,Reifi Aroma,SD11,Kassala,2023,1440,626.8965517241379,690.0,27,sudan,SDN,,,0
SD11055,Reifi Aroma,SD11,Kassala,2024,5370,2648.0882352941176,1565.0,30,sudan,SDN,,,0
SD11055,Reifi Aroma,SD11,Kassala,2025,7930,6193.333333333333,5370.0,12,sudan,SDN,,,0
SD11056,Reifi Kassla,SD11,Kassala,2023,2583,2346.3125,2545.0,28,sudan,SDN,,,0
SD11056,Reifi Kassla,SD11,Kassala,2024,6235,4265.588235294118,3765.0,30,sudan,SDN,,,0
SD11056,Reifi Kassla,SD11,Kassala,2025,6235,3683.3333333333335,3110.0,12,sudan,SDN,,,0
SD11057,Reifi Shamal Ad Delta,SD11,Kassala,2022,1500,1500.0,1500.0,2,sudan,SDN,,,0
SD11057,Reifi Shamal Ad Delta,SD11,Kassala,2023,5465,1994.2702702702702,1915.0,33,sudan,SDN,,,0
SD11057,Reifi Shamal Ad Delta,SD11,Kassala,2024,5790,4854.411764705882,4715.0,30,sudan,SDN,,,0
SD11057,Reifi Shamal Ad Delta,SD11,Kassala,2025,5765,3506.4166666666665,2926.0,12,sudan,SDN,,,0
SD11058,Reifi Hamashkureib,SD11,Kassala,2024,1990,779.6969696969697,685.0,29,sudan,SDN,,,0
SD11058,Reifi Hamashkureib,SD11,Kassala,2025,2175,1262.0833333333333,1110.0,12,sudan,SDN,,,0
SD11059,Reifi Telkok,SD11,Kassala,2022,300,300.0,300.0,2,sudan,SDN,,,0
SD11059,Reifi Telkok,SD11,Kassala,2023,3180,982.8846153846154,855.0,24,sudan,SDN,,,0
SD11059,Reifi Telkok,SD11,Kassala,2024,3585,2936.9117647058824,2922.5,30,sudan,SDN,,,0
SD11059,Reifi Telkok,SD11,Kassala,2025,3535,2953.75,2760.0,12,sudan,SDN,,,0
SD11060,Reifi Khashm Elgirba,SD11,Kassala,2023,8209,6771.914285714286,8004.0,33,sudan,SDN,,,0
SD11060,Reifi Khashm Elgirba,SD11,Kassala,2024,13274,8937.382352941177,8209.0,30,sudan,SDN,,,0
SD11060,Reifi Khashm Elgirba,SD11,Kassala,2025,13774,9777.333333333334,10089.0,12,sudan,SDN,,,0
SD11061,Reifi Wad Elhilaiw,SD11,Kassala,2024,7555,6312.5,7555.0,6,sudan,SDN,,,0
SD11061,Reifi Wad Elhilaiw,SD11,Kassala,2025,7555,3128.75,1830.0,12,sudan,SDN,,,0
SD11062,Reifi Nahr Atbara,SD11,Kassala,2023,2391,2206.9,2391.0,28,sudan,SDN,,,0
SD11062,Reifi Nahr Atbara,SD11,Kassala,2024,16732,5588.117647058823,4067.0,30,sudan,SDN,,,0
SD11062,Reifi Nahr Atbara,SD11,Kassala,2025,36732,10770.5,5522.0,12,sudan,SDN,,,0
SD12073,Al Butanah,SD12,Gedaref,2023,3745,2694.848484848485,2966.0,31,sudan,SDN,,,0
SD12073,Al Butanah,SD12,Gedaref,2024,34265,11123.058823529413,3795.0,30,sudan,SDN,,,0
SD12073,Al Butanah,SD12,Gedaref,2025,32765,9278.583333333334,4756.0,12,sudan,SDN,,,0
SD12074,Al Fao,SD12,Gedaref,2022,3380,3380.0,3380.0,2,sudan,SDN,,,0
SD12074,Al Fao,SD12,Gedaref,2023,39883,12400.0,12897.5,33,sudan,SDN,,,0
SD12074,Al Fao,SD12,Gedaref,2024,86963,60520.117647058825,59944.0,30,sudan,SDN,,,0
SD12074,Al Fao,SD12,Gedaref,2025,60131,27673.0,23703.0,12,sudan,SDN,,,0
SD12075,Al Fashaga,SD12,Gedaref,2023,16688,10021.514285714286,12105.0,33,sudan,SDN,,,0
SD12075,Al Fashaga,SD12,Gedaref,2024,56816,37615.529411764706,37944.5,30,sudan,SDN,,,0
SD12075,Al Fashaga,SD12,Gedaref,2025,48363,16944.333333333332,9629.5,12,sudan,SDN,,,0
SD12076,Al Qureisha,SD12,Gedaref,2023,20220,13745.694444444445,18465.0,33,sudan,SDN,,,0
SD12076,Al Qureisha,SD12,Gedaref,2024,89210,48225.14705882353,33175.0,30,sudan,SDN,,,0
SD12076,Al Qureisha,SD12,Gedaref,2025,41075,16146.5,10547.0,12,sudan,SDN,,,0
SD12077,Basundah,SD12,Gedaref,2022,12350,6930.0,6930.0,2,sudan,SDN,,,0
SD12077,Basundah,SD12,Gedaref,2023,32678,11758.171428571428,13445.0,33,sudan,SDN,,,0
SD12077,Basundah,SD12,Gedaref,2024,51406,36353.26470588235,35835.0,30,sudan,SDN,,,0
SD12077,Basundah,SD12,Gedaref,2025,46731,32018.666666666668,38666.0,12,sudan,SDN,,,0
SD12078,Al Galabat Al Gharbyah - Kassab,SD12,Gedaref,2022,125,125.0,125.0,1,sudan,SDN,,,0
SD12078,Al Galabat Al Gharbyah - Kassab,SD12,Gedaref,2023,12375,8557.57142857143,8400.0,33,sudan,SDN,,,0
SD12078,Al Galabat Al Gharbyah - Kassab,SD12,Gedaref,2024,48628,22102.58823529412,18265.0,30,sudan,SDN,,,0
SD12078,Al Galabat Al Gharbyah - Kassab,SD12,Gedaref,2025,48628,36371.0,33850.0,12,sudan,SDN,,,0
SD12079,Gala'a Al Nahal,SD12,Gedaref,2023,12202,9631.944444444445,12202.0,33,sudan,SDN,,,0
SD12079,Gala'a Al Nahal,SD12,Gedaref,2024,66179,29603.117647058825,12202.0,30,sudan,SDN,,,0
SD12079,Gala'a Al Nahal,SD12,Gedaref,2025,65674,42818.333333333336,59513.5,12,sudan,SDN,,,0
SD12080,Madeinat Al Gedaref,SD12,Gedaref,2022,575,575.0,575.0,2,sudan,SDN,,,0
SD12080,Madeinat Al Gedaref,SD12,Gedaref,2023,120094,59363.7027027027,70090.0,33,sudan,SDN,,,0
SD12080,Madeinat Al Gedaref,SD12,Gedaref,2024,350157,172674.32352941178,131361.5,30,sudan,SDN,,,0
SD12080,Madeinat Al Gedaref,SD12,Gedaref,2025,345715,234821.58333333334,195653.0,12,sudan,SDN,,,0
SD12081,Wasat Al Gedaref,SD12,Gedaref,2022,125,125.0,125.0,1,sudan,SDN,,,0
SD12081,Wasat Al Gedaref,SD12,Gedaref,2023,20242,15271.171428571428,18067.0,33,sudan,SDN,,,0
SD12081,Wasat Al Gedaref,SD12,Gedaref,2024,38999,24929.764705882353,24705.5,30,sudan,SDN,,,0
SD12081,Wasat Al Gedaref,SD12,Gedaref,2025,39107,13241.416666666666,7920.5,12,sudan,SDN,,,0
SD12082,Al Mafaza,SD12,Gedaref,2023,23250,13960.833333333334,17800.0,33,sudan,SDN,,,0
SD12082,Al Mafaza,SD12,Gedaref,2024,129520,66950.44117647059,43260.0,30,sudan,SDN,,,0
SD12082,Al Mafaza,SD12,Gedaref,2025,45790,16146.25,9465.0,12,sudan,SDN,,,0
SD12083,Galabat Ash-Shargiah,SD12,Gedaref,2022,100,100.0,100.0,2,sudan,SDN,,,0
SD12083,Galabat Ash-Shargiah,SD12,Gedaref,2023,45270,26056.38888888889,29132.5,33,sudan,SDN,,,0
SD12083,Galabat Ash-Shargiah,SD12,Gedaref,2024,99499,58009.67647058824,53067.5,30,sudan,SDN,,,0
SD12083,Galabat Ash-Shargiah,SD12,Gedaref,2025,99399,51912.083333333336,37895.0,12,sudan,SDN,,,0
SD12084,Ar Rahad,SD12,Gedaref,2022,250,250.0,250.0,2,sudan,SDN,,,0
SD12084,Ar Rahad,SD12,Gedaref,2023,50095,26658.61111111111,32000.0,33,sudan,SDN,,,0
SD12084,Ar Rahad,SD12,Gedaref,2024,199320,98983.23529411765,52265.0,30,sudan,SDN,,,0
SD12084,Ar Rahad,SD12,Gedaref,2025,105295,42882.083333333336,29095.0,12,sudan,SDN,,,0
SD13023,Um Rawaba,SD13,North Kordofan,2021,8416,8416.0,8416.0,1,sudan,SDN,SDN.9.5_1,0.0,0
SD13023,Um Rawaba,SD13,North Kordofan,2022,10111,10111.0,10111.0,2,sudan,SDN,SDN.9.5_1,0.0,0
SD13023,Um Rawaba,SD13,North Kordofan,2023,42050,19110.552631578947,19966.0,33,sudan,SDN,SDN.9.5_1,0.0,0
SD13023,Um Rawaba,SD13,North Kordofan,2024,43137,36599.32352941176,36170.0,30,sudan,SDN,SDN.9.5_1,0.0,0
SD13023,Um Rawaba,SD13,North Kordofan,2025,43138,40040.833333333336,39317.5,12,sudan,SDN,SDN.9.5_1,0.0,0
SD13024,Sheikan,SD13,North Kordofan,2021,25070,25070.0,25070.0,1,sudan,SDN,SDN.9.3_1,0.0,0
SD13024,Sheikan,SD13,North Kordofan,2022,37056,37056.0,37056.0,2,sudan,SDN,SDN.9.3_1,0.0,0
SD13024,Sheikan,SD13,North Kordofan,2023,40470,13963.921052631578,13748.5,33,sudan,SDN,SDN.9.3_1,0.0,0
SD13024,Sheikan,SD13,North Kordofan,2024,48653,33823.882352941175,32469.0,30,sudan,SDN,SDN.9.3_1,0.0,0
SD13024,Sheikan,SD13,North Kordofan,2025,89852,67603.66666666667,68776.5,12,sudan,SDN,SDN.9.3_1,0.0,0
SD13025,Soudari,SD13,North Kordofan,2022,1380,1380.0,1380.0,2,sudan,SDN,,,0
SD13025,Soudari,SD13,North Kordofan,2023,3818,2204.972972972973,2142.0,33,sudan,SDN,,,0
SD13025,Soudari,SD13,North Kordofan,2024,3968,3203.0,3203.0,30,sudan,SDN,,,0
SD13025,Soudari,SD13,North Kordofan,2025,3968,3968.0,3968.0,12,sudan,SDN,,,0
SD13026,Bara,SD13,North Kordofan,2023,25007,9246.71052631579,7868.0,33,sudan,SDN,SDN.9.1_1,0.0,0
SD13026,Bara,SD13,North Kordofan,2024,34904,32179.970588235294,32201.0,30,sudan,SDN,SDN.9.1_1,0.0,0
SD13026,Bara,SD13,North Kordofan,2025,38099,30450.0,32808.0,12,sudan,SDN,SDN.9.1_1,0.0,0
SD13027,Gebrat Al Sheikh,SD13,North Kordofan,2022,180,180.0,180.0,2,sudan,SDN,,,0
SD13027,Gebrat Al Sheikh,SD13,North Kordofan,2023,7199,3681.9473684210525,3484.0,33,sudan,SDN,,,0
SD13027,Gebrat Al Sheikh,SD13,North Kordofan,2024,7418,7028.323529411765,7142.0,30,sudan,SDN,,,0
SD13027,Gebrat Al Sheikh,SD13,North Kordofan,2025,8403,6983.833333333333,7205.5,12,sudan,SDN,,,0
SD13028,Um Dam Haj Ahmed,SD13,North Kordofan,2023,14846,7615.972972972973,7955.0,33,sudan,SDN,,,0
SD13028,Um Dam Haj Ahmed,SD13,North Kordofan,2024,15241,15031.0,15001.0,30,sudan,SDN,,,0
SD13028,Um Dam Haj Ahmed,SD13,North Kordofan,2025,15381,14862.416666666666,15281.0,12,sudan,SDN,,,0
SD13029,Gharb Bara,SD13,North Kordofan,2023,8130,5449.263157894737,5624.5,33,sudan,SDN,,,0
SD13029,Gharb Bara,SD13,North Kordofan,2024,9200,8183.235294117647,8070.0,30,sudan,SDN,,,0
SD13029,Gharb Bara,SD13,North Kordofan,2025,11062,10318.5,10770.0,12,sudan,SDN,,,0
SD13030,Ar Rahad,SD13,North Kordofan,2021,7568,7568.0,7568.0,1,sudan,SDN,,,0
SD13030,Ar Rahad,SD13,North Kordofan,2022,5902,5902.0,5902.0,2,sudan,SDN,,,0
SD13030,Ar Rahad,SD13,North Kordofan,2023,37343,19242.657894736843,23540.0,33,sudan,SDN,,,0
SD13030,Ar Rahad,SD13,North Kordofan,2024,56176,37715.17647058824,39847.0,30,sudan,SDN,,,0
SD13030,Ar Rahad,SD13,North Kordofan,2025,46426,41439.5,41393.0,12,sudan,SDN,,,0
SD14037,Abu Hujar,SD14,Sennar,2023,58566,35972.52631578947,42470.0,33,sudan,SDN,,,0
SD14037,Abu Hujar,SD14,Sennar,2024,55928,38577.470588235294,48593.0,30,sudan,SDN,,,0
SD14037,Abu Hujar,SD14,Sennar,2025,1550,963.6666666666666,907.5,12,sudan,SDN,,,0
SD14038,Sennar,SD14,Sennar,2023,126641,47867.86842105263,49884.0,33,sudan,SDN,SDN.13.2_1,0.0,0
SD14038,Sennar,SD14,Sennar,2024,149234,90724.17647058824,117006.0,30,sudan,SDN,SDN.13.2_1,0.0,0
SD14038,Sennar,SD14,Sennar,2025,36703,15122.5,8319.0,12,sudan,SDN,SDN.13.2_1,0.0,0
SD14039,Ad Dali,SD14,Sennar,2022,7130,7130.0,7130.0,1,sudan,SDN,,,0
SD14039,Ad Dali,SD14,Sennar,2023,53831,25245.055555555555,24105.0,33,sudan,SDN,,,0
SD14039,Ad Dali,SD14,Sennar,2024,64062,47327.117647058825,47187.0,30,sudan,SDN,,,0
SD14039,Ad Dali,SD14,Sennar,2025,12271,8941.333333333334,7197.0,12,sudan,SDN,,,0
SD14040,Ad Dinder,SD14,Sennar,2022,693,693.0,693.0,1,sudan,SDN,SDN.13.1_1,0.0,0
SD14040,Ad Dinder,SD14,Sennar,2023,62296,42765.05263157895,55150.0,33,sudan,SDN,SDN.13.1_1,0.0,0
SD14040,Ad Dinder,SD14,Sennar,2024,65160,48382.5,58341.0,30,sudan,SDN,SDN.13.1_1,0.0,0
SD14040,Ad Dinder,SD14,Sennar,2025,28557,21782.833333333332,27952.0,12,sudan,SDN,SDN.13.1_1,0.0,0
SD14041,As Suki,SD14,Sennar,2022,1700,1700.0,1700.0,1,sudan,SDN,,,0
SD14041,As Suki,SD14,Sennar,2023,67474,41489.57894736842,49899.0,33,sudan,SDN,,,0
SD14041,As Suki,SD14,Sennar,2024,112934,69445.58823529411,65755.0,30,sudan,SDN,,,0
SD14041,As Suki,SD14,Sennar,2025,37747,24524.5,23526.0,12,sudan,SDN,,,0
SD14042,Sharg Sennar,SD14,Sennar,2023,51356,34310.13157894737,41172.5,33,sudan,SDN,,,0
SD14042,Sharg Sennar,SD14,Sennar,2024,60613,51564.23529411765,53530.0,30,sudan,SDN,,,0
SD14042,Sharg Sennar,SD14,Sennar,2025,27905,12504.166666666666,9975.0,12,sudan,SDN,,,0
SD14043,Sinja,SD14,Sennar,2023,57131,34740.92105263158,38678.0,33,sudan,SDN,,,0
SD14043,Sinja,SD14,Sennar,2024,76117,43078.294117647056,50703.0,30,sudan,SDN,,,0
SD14043,Sinja,SD14,Sennar,2025,24153,16274.5,14958.0,12,sudan,SDN,,,0
SD15030,Medani Al Kubra,SD15,Aj Jazirah,2023,87468,51663.89473684211,44023.5,33,sudan,SDN,,,0
SD15030,Medani Al Kubra,SD15,Aj Jazirah,2024,30977,18201.58823529412,22155.0,30,sudan,SDN,,,0
SD15030,Medani Al Kubra,SD15,Aj Jazirah,2025,8165,4391.75,3927.0,12,sudan,SDN,,,0
SD15031,Janub Al Jazirah,SD15,Aj Jazirah,2023,46523,24726.86842105263,24326.0,33,sudan,SDN,,,0
SD15031,Janub Al Jazirah,SD15,Aj Jazirah,2024,43903,19645.352941176472,23698.0,30,sudan,SDN,,,0
SD15031,Janub Al Jazirah,SD15,Aj Jazirah,2025,5560,2779.5,2270.0,12,sudan,SDN,,,0
SD15032,Um Algura,SD15,Aj Jazirah,2022,9700,9700.0,9700.0,1,sudan,SDN,,,0
SD15032,Um Algura,SD15,Aj Jazirah,2023,70293,35509.56756756757,41887.0,33,sudan,SDN,,,0
SD15032,Um Algura,SD15,Aj Jazirah,2024,61593,33721.76470588235,35131.0,30,sudan,SDN,,,0
SD15032,Um Algura,SD15,Aj Jazirah,2025,15465,9086.333333333334,9862.5,12,sudan,SDN,,,0
SD15033,Sharg Al Jazirah,SD15,Aj Jazirah,2023,84728,19268.684210526317,14150.0,33,sudan,SDN,,,0
SD15033,Sharg Al Jazirah,SD15,Aj Jazirah,2024,38313,27057.176470588234,31763.0,30,sudan,SDN,,,0
SD15033,Sharg Al Jazirah,SD15,Aj Jazirah,2025,3185,2107.5833333333335,2254.0,12,sudan,SDN,,,0
SD15034,Al Hasahisa,SD15,Aj Jazirah,2022,754,754.0,754.0,1,sudan,SDN,,,0
SD15034,Al Hasahisa,SD15,Aj Jazirah,2023,91346,42888.26315789474,23008.5,33,sudan,SDN,,,0
SD15034,Al Hasahisa,SD15,Aj Jazirah,2024,85623,38937.470588235294,54192.0,30,sudan,SDN,,,0
SD15034,Al Hasahisa,SD15,Aj Jazirah,2025,32455,17867.0,16335.5,12,sudan,SDN,,,0
SD15035,Al Kamlin,SD15,Aj Jazirah,2022,250,250.0,250.0,1,sudan,SDN,SDN.1.1_1,0.0,0
SD15035,Al Kamlin,SD15,Aj Jazirah,2023,85166,58559.36842105263,74813.5,33,sudan,SDN,SDN.1.1_1,0.0,0
SD15035,Al Kamlin,SD15,Aj Jazirah,2024,77577,66756.58823529411,67437.0,30,sudan,SDN,SDN.1.1_1,0.0,0
SD15035,Al Kamlin,SD15,Aj Jazirah,2025,55924,46283.416666666664,55924.0,12,sudan,SDN,SDN.1.1_1,0.0,0
SD15036,Al Manaqil,SD15,Aj Jazirah,2023,75075,29780.08108108108,31576.0,33,sudan,SDN,,,0
SD15036,Al Manaqil,SD15,Aj Jazirah,2024,102947,69574.61764705883,74252.0,30,sudan,SDN,,,0
SD15036,Al Manaqil,SD15,Aj Jazirah,2025,102947,33332.416666666664,13902.0,12,sudan,SDN,,,0
SD15037,Al Qurashi,SD15,Aj Jazirah,2023,96455,19577.945945945947,11187.0,33,sudan,SDN,,,0
SD15037,Al Qurashi,SD15,Aj Jazirah,2024,101307,79893.85294117648,77970.0,30,sudan,SDN,,,0
SD15037,Al Qurashi,SD15,Aj Jazirah,2025,185619,46327.25,12249.0,12,sudan,SDN,,,0
SD16008,Abu Hamad,SD16,River Nile,2023,69080,35815.94736842105,28100.0,33,sudan,SDN,SDN.12.1_1,0.0,0
SD16008,Abu Hamad,SD16,River Nile,2024,84500,65399.05882352941,69080.0,30,sudan,SDN,SDN.12.1_1,0.0,0
SD16008,Abu Hamad,SD16,River Nile,2025,86555,64468.333333333336,61375.0,12,sudan,SDN,SDN.12.1_1,0.0,0
SD16009,Al Matama,SD16,River Nile,2023,99434,79306.81578947368,90532.0,33,sudan,SDN,,,0
SD16009,Al Matama,SD16,River Nile,2024,190630,113096.82352941176,105867.5,30,sudan,SDN,,,0
SD16009,Al Matama,SD16,River Nile,2025,202832,111845.66666666667,92007.0,12,sudan,SDN,,,0
SD16010,Shendi,SD16,River Nile,2022,80,80.0,80.0,1,sudan,SDN,SDN.12.6_1,0.0,0
SD16010,Shendi,SD16,River Nile,2023,155264,107210.57894736843,100000.0,33,sudan,SDN,SDN.12.6_1,0.0,0
SD16010,Shendi,SD16,River Nile,2024,326113,215283.14705882352,191982.5,30,sudan,SDN,SDN.12.6_1,0.0,0
SD16010,Shendi,SD16,River Nile,2025,327913,167501.08333333334,135526.0,12,sudan,SDN,SDN.12.6_1,0.0,0
SD16011,Ad Damar,SD16,River Nile,2022,3307,3307.0,3307.0,1,sudan,SDN,,,0
SD16011,Ad Damar,SD16,River Nile,2023,143000,95493.0,108123.0,33,sudan,SDN,,,0
SD16011,Ad Damar,SD16,River Nile,2024,183437,155167.5588235294,149269.0,30,sudan,SDN,,,0
SD16011,Ad Damar,SD16,River Nile,2025,156737,81907.16666666667,62152.5,12,sudan,SDN,,,0
SD16012,Atbara,SD16,River Nile,2023,153574,78134.34210526316,90740.0,33,sudan,SDN,SDN.12.4_1,0.0,0
SD16012,Atbara,SD16,River Nile,2024,169642,152511.79411764705,155664.0,30,sudan,SDN,SDN.12.4_1,0.0,0
SD16012,Atbara,SD16,River Nile,2025,116730,83845.08333333333,77415.0,12,sudan,SDN,SDN.12.4_1,0.0,0
SD16013,Barbar,SD16,River Nile,2023,48606,22413.052631578947,8617.0,33,sudan,SDN,,,0
SD16013,Barbar,SD16,River Nile,2024,152438,41523.294117647056,21071.0,30,sudan,SDN,,,0
SD16013,Barbar,SD16,River Nile,2025,170611,129357.58333333333,123393.0,12,sudan,SDN,,,0
SD16014,Al Buhaira,SD16,River Nile,2023,57685,38921.857142857145,31152.0,33,sudan,SDN,,,0
SD16014,Al Buhaira,SD16,River Nile,2024,57995,29763.79411764706,25240.0,30,sudan,SDN,,,0
SD16014,Al Buhaira,SD16,River Nile,2025,8408,4247.25,4127.5,12,sudan,SDN,,,0
SD17014,Halfa,SD17,Northern,2023,54165,44042.21621621621,52205.0,33,sudan,SDN,,,0
SD17014,Halfa,SD17,Northern,2024,62339,41079.64705882353,38093.0,30,sudan,SDN,,,0
SD17014,Halfa,SD17,Northern,2025,62414,51437.0,49503.0,12,sudan,SDN,,,0
SD17015,Delgo,SD17,Northern,2023,44760,41164.40540540541,43840.0,33,sudan,SDN,,,0
SD17015,Delgo,SD17,Northern,2024,47480,42655.73529411765,40760.0,30,sudan,SDN,,,0
SD17015,Delgo,SD17,Northern,2025,34643,34163.0,34283.0,12,sudan,SDN,,,0
SD17016,Al Burgaig,SD17,Northern,2022,6496,6496.0,6496.0,1,sudan,SDN,,,0
SD17016,Al Burgaig,SD17,Northern,2023,54065,36698.78378378379,39514.0,33,sudan,SDN,,,0
SD17016,Al Burgaig,SD17,Northern,2024,64541,57603.17647058824,55319.0,30,sudan,SDN,,,0
SD17016,Al Burgaig,SD17,Northern,2025,64666,54545.75,56243.5,12,sudan,SDN,,,0
SD17017,Dongola,SD17,Northern,2022,630,630.0,630.0,1,sudan,SDN,SDN.10.2_1,1.0,0
SD17017,Dongola,SD17,Northern,2023,59706,44559.89189189189,49961.0,33,sudan,SDN,SDN.10.2_1,1.0,0
SD17017,Dongola,SD17,Northern,2024,89932,57871.205882352944,56350.0,30,sudan,SDN,SDN.10.2_1,1.0,0
SD17017,Dongola,SD17,Northern,2025,98947,91013.0,90420.5,12,sudan,SDN,SDN.10.2_1,1.0,0
SD17018,Al Golid,SD17,Northern,2023,41876,36682.10810810811,40310.0,33,sudan,SDN,,,0
SD17018,Al Golid,SD17,Northern,2024,69167,61916.94117647059,60602.0,30,sudan,SDN,,,0
SD17018,Al Golid,SD17,Northern,2025,69853,61781.166666666664,61289.0,12,sudan,SDN,,,0
SD17019,Ad Dabbah,SD17,Northern,2023,77038,63916.56756756757,68493.0,33,sudan,SDN,,,0
SD17019,Ad Dabbah,SD17,Northern,2024,120445,76482.44117647059,65625.0,30,sudan,SDN,,,0
SD17019,Ad Dabbah,SD17,Northern,2025,123329,118955.33333333333,118474.0,12,sudan,SDN,,,0
SD17020,Merwoe,SD17,Northern,2022,525,525.0,525.0,1,sudan,SDN,,,0
SD17020,Merwoe,SD17,Northern,2023,72871,59967.76315789474,67343.0,33,sudan,SDN,,,0
SD17020,Merwoe,SD17,Northern,2024,126804,91355.58823529411,83510.0,30,sudan,SDN,,,0
SD17020,Merwoe,SD17,Northern,2025,134602,117537.91666666667,114878.0,12,sudan,SDN,,,0
SD18021,Ghubaish,SD18,West Kordofan,2019,20776,20776.0,20776.0,1,sudan,SDN,,,0
SD18021,Ghubaish,SD18,West Kordofan,2020,6344,6344.0,6344.0,1,sudan,SDN,,,0
SD18021,Ghubaish,SD18,West Kordofan,2021,7172,6862.5,6862.5,2,sudan,SDN,,,0
SD18021,Ghubaish,SD18,West Kordofan,2022,6708,6708.0,6708.0,2,sudan,SDN,,,0
SD18021,Ghubaish,SD18,West Kordofan,2023,13436,5959.958333333333,5376.5,22,sudan,SDN,,,0
SD18021,Ghubaish,SD18,West Kordofan,2024,14033,10498.029411764706,10645.0,30,sudan,SDN,,,0
SD18021,Ghubaish,SD18,West Kordofan,2025,22153,19343.666666666668,22153.0,12,sudan,SDN,,,0
SD18022,An Nuhud,SD18,West Kordofan,2019,3768,3768.0,3768.0,1,sudan,SDN,,,0
SD18022,An Nuhud,SD18,West Kordofan,2020,4181,4181.0,4181.0,1,sudan,SDN,,,0
SD18022,An Nuhud,SD18,West Kordofan,2021,4440,4310.5,4310.5,2,sudan,SDN,,,0
SD18022,An Nuhud,SD18,West Kordofan,2022,15372,15372.0,15372.0,2,sudan,SDN,,,0
SD18022,An Nuhud,SD18,West Kordofan,2023,44992,12583.28,7500.0,23,sudan,SDN,,,0
SD18022,An Nuhud,SD18,West Kordofan,2024,47147,31800.176470588234,31575.0,30,sudan,SDN,,,0
SD18022,An Nuhud,SD18,West Kordofan,2025,77176,65426.75,72994.0,12,sudan,SDN,,,0
SD18028,Abu Zabad,SD18,West Kordofan,2019,3943,3943.0,3943.0,1,sudan,SDN,,,0
SD18028,Abu Zabad,SD18,West Kordofan,2020,2415,2415.0,2415.0,1,sudan,SDN,,,0
SD18028,Abu Zabad,SD18,West Kordofan,2021,2415,2131.0,2131.0,2,sudan,SDN,,,0
SD18028,Abu Zabad,SD18,West Kordofan,2022,5595,5595.0,5595.0,2,sudan,SDN,,,0
SD18028,Abu Zabad,SD18,West Kordofan,2023,17485,4752.828571428571,3434.0,33,sudan,SDN,,,0
SD18028,Abu Zabad,SD18,West Kordofan,2024,30109,18213.70588235294,13640.5,30,sudan,SDN,,,0
SD18028,Abu Zabad,SD18,West Kordofan,2025,35600,33576.5,34546.0,12,sudan,SDN,,,0
SD18029,Wad Bandah,SD18,West Kordofan,2019,352,352.0,352.0,1,sudan,SDN,,,0
SD18029,Wad Bandah,SD18,West Kordofan,2020,1620,1620.0,1620.0,1,sudan,SDN,,,0
SD18029,Wad Bandah,SD18,West Kordofan,2021,1620,1069.5,1069.5,2,sudan,SDN,,,0
SD18029,Wad Bandah,SD18,West Kordofan,2022,1380,1380.0,1380.0,2,sudan,SDN,,,0
SD18029,Wad Bandah,SD18,West Kordofan,2023,6277,3985.08,4453.0,23,sudan,SDN,,,0
SD18029,Wad Bandah,SD18,West Kordofan,2024,7059,5740.14705882353,5517.5,30,sudan,SDN,,,0
SD18029,Wad Bandah,SD18,West Kordofan,2025,14302,10739.5,10987.5,12,sudan,SDN,,,0
SD18085,Keilak,SD18,West Kordofan,2017,7785,7785.0,7785.0,1,sudan,SDN,,,0
SD18085,Keilak,SD18,West Kordofan,2018,7785,7785.0,7785.0,4,sudan,SDN,,,0
SD18085,Keilak,SD18,West Kordofan,2019,7785,7785.0,7785.0,1,sudan,SDN,,,0
SD18085,Keilak,SD18,West Kordofan,2020,4775,4775.0,4775.0,1,sudan,SDN,,,0
SD18085,Keilak,SD18,West Kordofan,2021,9497,6453.0,6453.0,2,sudan,SDN,,,0
SD18085,Keilak,SD18,West Kordofan,2022,7828,7828.0,7828.0,2,sudan,SDN,,,0
SD18085,Keilak,SD18,West Kordofan,2023,11971,1807.9655172413793,1208.0,27,sudan,SDN,,,0
SD18085,Keilak,SD18,West Kordofan,2024,16863,8130.058823529412,8301.5,30,sudan,SDN,,,0
SD18085,Keilak,SD18,West Kordofan,2025,19333,18042.583333333332,18018.0,12,sudan,SDN,,,0
SD18086,As Salam - WK,SD18,West Kordofan,2017,10170,10170.0,10170.0,1,sudan,SDN,,,0
SD18086,As Salam - WK,SD18,West Kordofan,2018,10170,10170.0,10170.0,4,sudan,SDN,,,0
SD18086,As Salam - WK,SD18,West Kordofan,2019,10170,10170.0,10170.0,1,sudan,SDN,,,0
SD18086,As Salam - WK,SD18,West Kordofan,2020,11770,11770.0,11770.0,1,sudan,SDN,,,0
SD18086,As Salam - WK,SD18,West Kordofan,2021,11770,6899.0,6899.0,2,sudan,SDN,,,0
SD18086,As Salam - WK,SD18,West Kordofan,2022,21105,21105.0,21105.0,2,sudan,SDN,,,0
SD18086,As Salam - WK,SD18,West Kordofan,2023,22081,4801.885714285714,4447.0,33,sudan,SDN,,,0
SD18086,As Salam - WK,SD18,West Kordofan,2024,32913,21474.323529411766,20182.0,30,sudan,SDN,,,0
SD18086,As Salam - WK,SD18,West Kordofan,2025,38521,36649.25,37586.0,12,sudan,SDN,,,0
SD18087,Abyei,SD18,West Kordofan,2017,18467,14024.5,14024.5,2,sudan,SDN,SDN.17.1_1,1.0,0
SD18087,Abyei,SD18,West Kordofan,2018,18467,18467.0,18467.0,4,sudan,SDN,SDN.17.1_1,1.0,0
SD18087,Abyei,SD18,West Kordofan,2019,18467,18467.0,18467.0,1,sudan,SDN,SDN.17.1_1,1.0,0
SD18087,Abyei,SD18,West Kordofan,2020,13472,13472.0,13472.0,1,sudan,SDN,SDN.17.1_1,1.0,0
SD18087,Abyei,SD18,West Kordofan,2021,15225,14798.5,14798.5,2,sudan,SDN,SDN.17.1_1,1.0,0
SD18087,Abyei,SD18,West Kordofan,2022,15720,15720.0,15720.0,2,sudan,SDN,SDN.17.1_1,1.0,0
SD18087,Abyei,SD18,West Kordofan,2023,19140,3118.8571428571427,3053.0,33,sudan,SDN,SDN.17.1_1,1.0,0
SD18087,Abyei,SD18,West Kordofan,2024,22418,12625.617647058823,11960.0,30,sudan,SDN,SDN.17.1_1,1.0,0
SD18087,Abyei,SD18,West Kordofan,2025,22413,22413.0,22413.0,12,sudan,SDN,SDN.17.1_1,1.0,0
SD18092,As Sunut,SD18,West Kordofan,2019,3512,3512.0,3512.0,1,sudan,SDN,,,0
SD18092,As Sunut,SD18,West Kordofan,2020,3522,3522.0,3522.0,1,sudan,SDN,,,0
SD18092,As Sunut,SD18,West Kordofan,2021,4951,4236.5,4236.5,2,sudan,SDN,,,0
SD18092,As Sunut,SD18,West Kordofan,2022,6713,6713.0,6713.0,2,sudan,SDN,,,0
SD18092,As Sunut,SD18,West Kordofan,2023,7361,1767.6,1286.0,23,sudan,SDN,,,0
SD18092,As Sunut,SD18,West Kordofan,2024,8774,5424.735294117647,5402.5,30,sudan,SDN,,,0
SD18092,As Sunut,SD18,West Kordofan,2025,11467,10645.833333333334,10992.0,12,sudan,SDN,,,0
SD18100,Babanusa,SD18,West Kordofan,2017,12060,12060.0,12060.0,2,sudan,SDN,,,0
SD18100,Babanusa,SD18,West Kordofan,2018,12060,12060.0,12060.0,4,sudan,SDN,,,0
SD18100,Babanusa,SD18,West Kordofan,2019,12060,12060.0,12060.0,1,sudan,SDN,,,0
SD18100,Babanusa,SD18,West Kordofan,2020,11535,11535.0,11535.0,1,sudan,SDN,,,0
SD18100,Babanusa,SD18,West Kordofan,2021,11535,11404.5,11404.5,2,sudan,SDN,,,0
SD18100,Babanusa,SD18,West Kordofan,2022,11248,11248.0,11248.0,2,sudan,SDN,,,0
SD18100,Babanusa,SD18,West Kordofan,2023,28089,6008.84375,3409.0,30,sudan,SDN,,,0
SD18100,Babanusa,SD18,West Kordofan,2024,34417,28361.08823529412,28858.0,30,sudan,SDN,,,0
SD18100,Babanusa,SD18,West Kordofan,2025,32587,30111.083333333332,30031.5,12,sudan,SDN,,,0
SD18102,Al Lagowa,SD18,West Kordofan,2017,5702,5702.0,5702.0,2,sudan,SDN,,,0
SD18102,Al Lagowa,SD18,West Kordofan,2018,5702,5702.0,5702.0,4,sudan,SDN,,,0
SD18102,Al Lagowa,SD18,West Kordofan,2019,5702,5702.0,5702.0,1,sudan,SDN,,,0
SD18102,Al Lagowa,SD18,West Kordofan,2020,7545,7545.0,7545.0,1,sudan,SDN,,,0
SD18102,Al Lagowa,SD18,West Kordofan,2021,11177,9984.0,9984.0,2,sudan,SDN,,,0
SD18102,Al Lagowa,SD18,West Kordofan,2022,13315,13315.0,13315.0,2,sudan,SDN,,,0
SD18102,Al Lagowa,SD18,West Kordofan,2023,21876,3164.0,1656.0,23,sudan,SDN,,,0
SD18102,Al Lagowa,SD18,West Kordofan,2024,21527,12746.117647058823,12867.0,30,sudan,SDN,,,0
SD18102,Al Lagowa,SD18,West Kordofan,2025,22408,21969.833333333332,22058.0,12,sudan,SDN,,,0
SD18103,Al Dibab,SD18,West Kordofan,2020,1648,1648.0,1648.0,1,sudan,SDN,,,0
SD18103,Al Dibab,SD18,West Kordofan,2021,4846,3247.0,3247.0,2,sudan,SDN,,,0
SD18103,Al Dibab,SD18,West Kordofan,2022,5116,5116.0,5116.0,2,sudan,SDN,,,0
SD18103,Al Dibab,SD18,West Kordofan,2023,13825,5939.92,7124.0,23,sudan,SDN,,,0
SD18103,Al Dibab,SD18,West Kordofan,2024,21146,17726.70588235294,18588.0,30,sudan,SDN,,,0
SD18103,Al Dibab,SD18,West Kordofan,2025,22541,22308.5,22541.0,12,sudan,SDN,,,0
SD18104,Al Idia,SD18,West Kordofan,2020,2591,2591.0,2591.0,1,sudan,SDN,,,0
SD18104,Al Idia,SD18,West Kordofan,2021,30590,22216.0,22216.0,2,sudan,SDN,,,0
SD18104,Al Idia,SD18,West Kordofan,2022,26485,26485.0,26485.0,2,sudan,SDN,,,0
SD18104,Al Idia,SD18,West Kordofan,2023,38607,6358.88,3809.0,23,sudan,SDN,,,0
SD18104,Al Idia,SD18,West Kordofan,2024,97570,54535.5,42279.0,30,sudan,SDN,,,0
SD18104,Al Idia,SD18,West Kordofan,2025,97570,76971.91666666667,72275.5,12,sudan,SDN,,,0
SD18105,Al Khiwai,SD18,West Kordofan,2020,201,201.0,201.0,1,sudan,SDN,,,0
SD18105,Al Khiwai,SD18,West Kordofan,2021,330,265.5,265.5,2,sudan,SDN,,,0
SD18105,Al Khiwai,SD18,West Kordofan,2022,240,240.0,240.0,2,sudan,SDN,,,0
SD18105,Al Khiwai,SD18,West Kordofan,2023,6813,4128.961538461538,3349.5,24,sudan,SDN,,,0
SD18105,Al Khiwai,SD18,West Kordofan,2024,9583,7712.705882352941,7584.0,30,sudan,SDN,,,0
SD18105,Al Khiwai,SD18,West Kordofan,2025,18339,13472.5,14544.0,12,sudan,SDN,,,0
SD18106,Al Meiram,SD18,West Kordofan,2020,1396,1396.0,1396.0,1,sudan,SDN,,,0
SD18106,Al Meiram,SD18,West Kordofan,2021,2296,1846.0,1846.0,2,sudan,SDN,,,0
SD18106,Al Meiram,SD18,West Kordofan,2022,3388,3388.0,3388.0,2,sudan,SDN,,,0
SD18106,Al Meiram,SD18,West Kordofan,2023,6223,1605.7777777777778,1268.0,25,sudan,SDN,,,0
SD18106,Al Meiram,SD18,West Kordofan,2024,36973,14386.20588235294,6324.0,30,sudan,SDN,,,0
SD18106,Al Meiram,SD18,West Kordofan,2025,36973,17359.583333333332,11069.0,12,sudan,SDN,,,0
SD19001,Abyei PCA area,SD19,Abyei PCA,2021,6579,6579.0,6579.0,1,sudan,SDN,,,0
CD1000,Kinshasa,CD10,Kinshasa,2023,392281,392281.0,392281.0,1,drc,COD,COD.10.1_1,0.0,0
CD1000,Kinshasa,CD10,Kinshasa,2024,125560,125560.0,125560.0,1,drc,COD,COD.10.1_1,0.0,0
CD1000,Kinshasa,CD10,Kinshasa,2025,85651,63795.0,64983.5,4,drc,COD,COD.10.1_1,0.0,0
CD2013,Mbanza-Ngungu,CD20,Kongo-Central,2023,80,80.0,80.0,1,drc,COD,COD.11.12_1,0.0,0
CD2013,Mbanza-Ngungu,CD20,Kongo-Central,2024,183,183.0,183.0,1,drc,COD,COD.11.12_1,0.0,0
CD2013,Mbanza-Ngungu,CD20,Kongo-Central,2025,183,183.0,183.0,2,drc,COD,COD.11.12_1,0.0,0
CD2017,Madimba,CD20,Kongo-Central,2024,345,345.0,345.0,1,drc,COD,COD.11.10_1,0.0,0
CD2017,Madimba,CD20,Kongo-Central,2025,345,345.0,345.0,2,drc,COD,COD.11.10_1,0.0,0
CD2019,Kimvula,CD20,Kongo-Central,2023,120,120.0,120.0,1,drc,COD,COD.11.6_1,0.0,0
CD2019,Kimvula,CD20,Kongo-Central,2024,450,450.0,450.0,1,drc,COD,COD.11.6_1,0.0,0
CD2019,Kimvula,CD20,Kongo-Central,2025,450,450.0,450.0,2,drc,COD,COD.11.6_1,0.0,0
CD31-XXX,Kasongo-Lunda,CD31,Kwango,2023,1255,1255.0,1255.0,1,drc,COD,COD.12.4_1,0.0,0
CD31-XXX,Kasongo-Lunda,CD31,Kwango,2024,550,550.0,550.0,1,drc,COD,COD.12.4_1,0.0,0
CD31-XXX,Kasongo-Lunda,CD31,Kwango,2025,550,550.0,550.0,2,drc,COD,COD.12.4_1,0.0,0
CD3102,Kenge,CD31,Kwango,2023,250,250.0,250.0,1,drc,COD,COD.12.6_1,0.0,0
CD3102,Kenge,CD31,Kwango,2025,94405,47889.25,32384.0,4,drc,COD,COD.12.6_1,0.0,0
CD3108,Popokabaka,CD31,Kwango,2024,7000,7000.0,7000.0,1,drc,COD,COD.12.8_1,0.0,0
CD3108,Popokabaka,CD31,Kwango,2025,25336,18677.5,16458.0,4,drc,COD,COD.12.8_1,0.0,0
CD3201,Bandundu,CD32,Kwilu,2023,1500,1500.0,1500.0,1,drc,COD,COD.13.2_1,0.0,0
CD3201,Bandundu,CD32,Kwilu,2024,5500,5500.0,5500.0,1,drc,COD,COD.13.2_1,0.0,0
CD3201,Bandundu,CD32,Kwilu,2025,25185,9341.25,4060.0,4,drc,COD,COD.13.2_1,0.0,0
CD3202,Bagata,CD32,Kwilu,2023,4080,4080.0,4080.0,1,drc,COD,COD.13.1_1,0.0,0
CD3202,Bagata,CD32,Kwilu,2024,2834,2834.0,2834.0,1,drc,COD,COD.13.1_1,0.0,0
CD3202,Bagata,CD32,Kwilu,2025,105700,74883.0,64619.0,4,drc,COD,COD.13.1_1,0.0,0
CD3203,Kikwit,CD32,Kwilu,2024,10,10.0,10.0,1,drc,COD,COD.13.10_1,0.0,0
CD3203,Kikwit,CD32,Kwilu,2025,10,10.0,10.0,2,drc,COD,COD.13.10_1,0.0,0
CD3204,Bulungu,CD32,Kwilu,2023,20,20.0,20.0,1,drc,COD,COD.13.3_1,0.0,0
CD3204,Bulungu,CD32,Kwilu,2024,696,696.0,696.0,1,drc,COD,COD.13.3_1,0.0,0
CD3204,Bulungu,CD32,Kwilu,2025,696,696.0,696.0,2,drc,COD,COD.13.3_1,0.0,0
CD3206,Idiofa,CD32,Kwilu,2024,114,114.0,114.0,1,drc,COD,COD.13.8_1,1.0,1
CD3206,Idiofa,CD32,Kwilu,2025,114,114.0,114.0,2,drc,COD,COD.13.8_1,1.0,1
CD3210,Gungu,CD32,Kwilu,2024,329,329.0,329.0,1,drc,COD,COD.13.6_1,1.0,1
CD3210,Gungu,CD32,Kwilu,2025,329,329.0,329.0,2,drc,COD,COD.13.6_1,1.0,1
CD3212,Masi-Manimba,CD32,Kwilu,2023,346,346.0,346.0,1,drc,COD,COD.13.12_1,0.0,0
CD3212,Masi-Manimba,CD32,Kwilu,2024,16826,16826.0,16826.0,1,drc,COD,COD.13.12_1,0.0,0
CD3212,Masi-Manimba,CD32,Kwilu,2025,2178,1285.5,1306.0,4,drc,COD,COD.13.12_1,0.0,0
CD3302,Inongo,CD33,Maï-Ndombe,2023,20,20.0,20.0,1,drc,COD,COD.16.3_1,0.0,0
CD3304,Oshwe,CD33,Maï-Ndombe,2023,150,150.0,150.0,1,drc,COD,COD.16.10_1,1.0,1
CD3304,Oshwe,CD33,Maï-Ndombe,2024,119,119.0,119.0,1,drc,COD,COD.16.10_1,1.0,1
CD3304,Oshwe,CD33,Maï-Ndombe,2025,119,119.0,119.0,2,drc,COD,COD.16.10_1,1.0,1
CD3306,Kutu,CD33,Maï-Ndombe,2023,456,456.0,456.0,1,drc,COD,COD.16.6_1,0.0,0
CD3306,Kutu,CD33,Maï-Ndombe,2024,532,532.0,532.0,1,drc,COD,COD.16.6_1,0.0,0
CD3306,Kutu,CD33,Maï-Ndombe,2025,2960,2157.5,1890.0,4,drc,COD,COD.16.6_1,0.0,0
CD3307,Kwamouth,CD33,Maï-Ndombe,2024,108426,108426.0,108426.0,1,drc,COD,COD.16.7_1,0.0,0
CD3307,Kwamouth,CD33,Maï-Ndombe,2025,50167,25772.5,17641.0,4,drc,COD,COD.16.7_1,0.0,0
CD3308,Bolobo,CD33,Maï-Ndombe,2023,57,57.0,57.0,1,drc,COD,COD.16.1_1,0.0,0
CD3308,Bolobo,CD33,Maï-Ndombe,2024,2090,2090.0,2090.0,1,drc,COD,COD.16.1_1,0.0,0
CD3308,Bolobo,CD33,Maï-Ndombe,2025,6454,6454.0,6454.0,4,drc,COD,COD.16.1_1,0.0,0
CD3310,Yumbi,CD33,Maï-Ndombe,2024,613,613.0,613.0,1,drc,COD,COD.16.11_1,0.0,0
CD3310,Yumbi,CD33,Maï-Ndombe,2025,10608,10608.0,10608.0,4,drc,COD,COD.16.11_1,0.0,0
CD3311,Mushie,CD33,Maï-Ndombe,2023,53,53.0,53.0,1,drc,COD,COD.16.8_1,0.0,0
CD3311,Mushie,CD33,Maï-Ndombe,2024,266,266.0,266.0,1,drc,COD,COD.16.8_1,0.0,0
CD3311,Mushie,CD33,Maï-Ndombe,2025,2769,2769.0,2769.0,4,drc,COD,COD.16.8_1,0.0,0
CD4101,Mbandaka,CD41,Equateur,2023,34362,34362.0,34362.0,1,drc,COD,COD.2.9_1,0.0,0
CD4101,Mbandaka,CD41,Equateur,2024,3610,3610.0,3610.0,1,drc,COD,COD.2.9_1,0.0,0
CD4101,Mbandaka,CD41,Equateur,2025,3610,3610.0,3610.0,2,drc,COD,COD.2.9_1,0.0,0
CD4102,Bikoro,CD41,Equateur,2023,170,170.0,170.0,1,drc,COD,COD.2.3_1,0.0,0
CD4102,Bikoro,CD41,Equateur,2024,1285,1285.0,1285.0,1,drc,COD,COD.2.3_1,0.0,0
CD4102,Bikoro,CD41,Equateur,2025,1285,1285.0,1285.0,2,drc,COD,COD.2.3_1,0.0,0
CD4103,Lukolela,CD41,Equateur,2023,4190,4190.0,4190.0,1,drc,COD,COD.2.7_1,0.0,0
CD4103,Lukolela,CD41,Equateur,2024,14420,14420.0,14420.0,1,drc,COD,COD.2.7_1,0.0,0
CD4103,Lukolela,CD41,Equateur,2025,14420,14420.0,14420.0,2,drc,COD,COD.2.7_1,0.0,0
CD4104,Bomongo,CD41,Equateur,2023,32995,32995.0,32995.0,1,drc,COD,COD.2.5_1,0.0,0
CD4104,Bomongo,CD41,Equateur,2024,33300,33300.0,33300.0,1,drc,COD,COD.2.5_1,0.0,0
CD4104,Bomongo,CD41,Equateur,2025,33300,33300.0,33300.0,2,drc,COD,COD.2.5_1,0.0,0
CD4105,Makanza,CD41,Equateur,2024,19725,19725.0,19725.0,1,drc,COD,COD.2.8_1,0.0,0
CD4105,Makanza,CD41,Equateur,2025,19725,19725.0,19725.0,2,drc,COD,COD.2.8_1,0.0,0
CD4107,Basankusu,CD41,Equateur,2023,900,900.0,900.0,1,drc,COD,COD.2.1_1,0.0,0
CD4108,Bolomba,CD41,Equateur,2023,1500,1500.0,1500.0,1,drc,COD,COD.2.4_1,0.0,0
CD4108,Bolomba,CD41,Equateur,2024,1035,1035.0,1035.0,1,drc,COD,COD.2.4_1,0.0,0
CD4108,Bolomba,CD41,Equateur,2025,1035,1035.0,1035.0,2,drc,COD,COD.2.4_1,0.0,0
CD4109,Ingende,CD41,Equateur,2023,828,828.0,828.0,1,drc,COD,COD.2.6_1,0.0,0
CD4109,Ingende,CD41,Equateur,2024,4960,4960.0,4960.0,1,drc,COD,COD.2.6_1,0.0,0
CD4109,Ingende,CD41,Equateur,2025,4960,4960.0,4960.0,2,drc,COD,COD.2.6_1,0.0,0
CD4204,Kungu,CD42,Sud-Ubangi,2023,3000,3000.0,3000.0,1,drc,COD,COD.23.4_1,0.0,0
CD4302,Mobayi-Mbongo,CD43,Nord-Ubangi,2023,10684,10684.0,10684.0,1,drc,COD,COD.20.4_1,0.0,0
CD4302,Mobayi-Mbongo,CD43,Nord-Ubangi,2024,124,124.0,124.0,1,drc,COD,COD.20.4_1,0.0,0
CD4302,Mobayi-Mbongo,CD43,Nord-Ubangi,2025,124,124.0,124.0,2,drc,COD,COD.20.4_1,0.0,0
CD4304,Yakoma,CD43,Nord-Ubangi,2024,946,946.0,946.0,1,drc,COD,COD.20.6_1,0.0,0
CD4304,Yakoma,CD43,Nord-Ubangi,2025,946,946.0,946.0,2,drc,COD,COD.20.6_1,0.0,0
CD4305,Businga,CD43,Nord-Ubangi,2023,288,288.0,288.0,1,drc,COD,COD.20.2_1,0.0,0
CD4306,Bosobolo,CD43,Nord-Ubangi,2024,156,156.0,156.0,1,drc,COD,COD.20.1_1,0.0,0
CD4306,Bosobolo,CD43,Nord-Ubangi,2025,156,156.0,156.0,2,drc,COD,COD.20.1_1,0.0,0
CD4402,Lisala,CD44,Mongala,2023,45672,45672.0,45672.0,1,drc,COD,COD.18.4_1,0.0,0
CD4402,Lisala,CD44,Mongala,2024,1260,1260.0,1260.0,1,drc,COD,COD.18.4_1,0.0,0
CD4402,Lisala,CD44,Mongala,2025,1260,1260.0,1260.0,2,drc,COD,COD.18.4_1,0.0,0
CD4404,Bumba,CD44,Mongala,2024,4243,4243.0,4243.0,1,drc,COD,COD.18.2_1,0.0,0
CD4404,Bumba,CD44,Mongala,2025,4243,4243.0,4243.0,2,drc,COD,COD.18.2_1,0.0,0
CD4405,Bongandanga,CD44,Mongala,2023,20571,20571.0,20571.0,1,drc,COD,COD.18.1_1,0.0,0
CD4405,Bongandanga,CD44,Mongala,2024,5110,5110.0,5110.0,1,drc,COD,COD.18.1_1,0.0,0
CD4405,Bongandanga,CD44,Mongala,2025,5110,5110.0,5110.0,2,drc,COD,COD.18.1_1,0.0,0
CD4503,Befale,CD45,Tshuapa,2023,600,600.0,600.0,1,drc,COD,COD.26.1_1,0.0,0
CD4504,Djolu,CD45,Tshuapa,2023,740,740.0,740.0,1,drc,COD,COD.26.5_1,0.0,0
CD4504,Djolu,CD45,Tshuapa,2024,2840,2840.0,2840.0,1,drc,COD,COD.26.5_1,0.0,0
CD4504,Djolu,CD45,Tshuapa,2025,2840,2840.0,2840.0,2,drc,COD,COD.26.5_1,0.0,0
CD4505,Ikela,CD45,Tshuapa,2024,1585,1585.0,1585.0,1,drc,COD,COD.26.6_1,1.0,1
CD4505,Ikela,CD45,Tshuapa,2025,1585,1585.0,1585.0,2,drc,COD,COD.26.6_1,1.0,1
CD4507,Monkoto,CD45,Tshuapa,2023,400,400.0,400.0,1,drc,COD,COD.26.7_1,1.0,1
CD5101,Kisangani,CD51,Tshopo,2023,14643,14643.0,14643.0,1,drc,COD,COD.25.7_1,0.0,0
CD5101,Kisangani,CD51,Tshopo,2024,16545,16545.0,16545.0,1,drc,COD,COD.25.7_1,0.0,0
CD5101,Kisangani,CD51,Tshopo,2025,16545,16545.0,16545.0,2,drc,COD,COD.25.7_1,0.0,0
CD5102,Ubundu,CD51,Tshopo,2023,55829,55829.0,55829.0,1,drc,COD,COD.25.9_1,0.0,0
CD5102,Ubundu,CD51,Tshopo,2024,95470,95470.0,95470.0,1,drc,COD,COD.25.9_1,0.0,0
CD5102,Ubundu,CD51,Tshopo,2025,95470,95470.0,95470.0,2,drc,COD,COD.25.9_1,0.0,0
CD5103,Opala,CD51,Tshopo,2024,97774,97774.0,97774.0,1,drc,COD,COD.25.8_1,1.0,1
CD5103,Opala,CD51,Tshopo,2025,97774,97774.0,97774.0,2,drc,COD,COD.25.8_1,1.0,1
CD5105,Isangi,CD51,Tshopo,2023,52550,52550.0,52550.0,1,drc,COD,COD.25.5_1,0.0,0
CD5105,Isangi,CD51,Tshopo,2024,135535,135535.0,135535.0,1,drc,COD,COD.25.5_1,0.0,0
CD5105,Isangi,CD51,Tshopo,2025,135535,135535.0,135535.0,2,drc,COD,COD.25.5_1,0.0,0
CD5107,Yahuma,CD51,Tshopo,2023,3750,3750.0,3750.0,1,drc,COD,COD.25.10_1,0.0,0
CD5107,Yahuma,CD51,Tshopo,2024,1905,1905.0,1905.0,1,drc,COD,COD.25.10_1,0.0,0
CD5107,Yahuma,CD51,Tshopo,2025,1905,1905.0,1905.0,2,drc,COD,COD.25.10_1,0.0,0
CD5109,Basoko,CD51,Tshopo,2023,43446,43446.0,43446.0,1,drc,COD,COD.25.3_1,0.0,0
CD5109,Basoko,CD51,Tshopo,2024,28286,28286.0,28286.0,1,drc,COD,COD.25.3_1,0.0,0
CD5109,Basoko,CD51,Tshopo,2025,28286,28286.0,28286.0,2,drc,COD,COD.25.3_1,0.0,0
CD5110,Banalia,CD51,Tshopo,2023,250,250.0,250.0,1,drc,COD,COD.25.2_1,0.0,0
CD5111,Bafwasende,CD51,Tshopo,2023,7840,7840.0,7840.0,1,drc,COD,COD.25.1_1,0.0,0
CD5111,Bafwasende,CD51,Tshopo,2024,10760,10760.0,10760.0,1,drc,COD,COD.25.1_1,0.0,0
CD5111,Bafwasende,CD51,Tshopo,2025,10760,10760.0,10760.0,2,drc,COD,COD.25.1_1,0.0,0
CD5202,Buta,CD52,Bas-Uele,2024,464,464.0,464.0,1,drc,COD,COD.1.7_1,0.0,0
CD5202,Buta,CD52,Bas-Uele,2025,464,464.0,464.0,2,drc,COD,COD.1.7_1,0.0,0
CD5204,Aketi,CD52,Bas-Uele,2023,3023,3023.0,3023.0,1,drc,COD,COD.1.1_1,0.0,0
CD5206,Bondo,CD52,Bas-Uele,2023,19900,19900.0,19900.0,1,drc,COD,COD.1.5_1,0.0,0
CD5206,Bondo,CD52,Bas-Uele,2024,1762,1762.0,1762.0,1,drc,COD,COD.1.5_1,0.0,0
CD5206,Bondo,CD52,Bas-Uele,2025,1762,1762.0,1762.0,2,drc,COD,COD.1.5_1,0.0,0
CD5207,Ango,CD52,Bas-Uele,2023,4900,4900.0,4900.0,1,drc,COD,COD.1.3_1,0.0,0
CD5207,Ango,CD52,Bas-Uele,2024,2101,2101.0,2101.0,1,drc,COD,COD.1.3_1,0.0,0
CD5207,Ango,CD52,Bas-Uele,2025,2101,2101.0,2101.0,2,drc,COD,COD.1.3_1,0.0,0
CD5208,Poko,CD52,Bas-Uele,2024,157,157.0,157.0,1,drc,COD,COD.1.10_1,0.0,0
CD5208,Poko,CD52,Bas-Uele,2025,157,157.0,157.0,2,drc,COD,COD.1.10_1,0.0,0
CD5209,Bambesa,CD52,Bas-Uele,2024,1722,1722.0,1722.0,1,drc,COD,COD.1.4_1,0.0,0
CD5209,Bambesa,CD52,Bas-Uele,2025,1722,1722.0,1722.0,2,drc,COD,COD.1.4_1,0.0,0
CD5302,Rungu,CD53,Haut-Uele,2023,2,2.0,2.0,1,drc,COD,COD.5.7_1,0.0,0
CD5303,Niangara,CD53,Haut-Uele,2023,1860,1860.0,1860.0,1,drc,COD,COD.5.6_1,0.0,0
CD5309,Watsa,CD53,Haut-Uele,2023,6055,6055.0,6055.0,1,drc,COD,COD.5.10_1,0.0,0
CD5309,Watsa,CD53,Haut-Uele,2024,2245,2245.0,2245.0,1,drc,COD,COD.5.10_1,0.0,0
CD5309,Watsa,CD53,Haut-Uele,2025,2245,2245.0,2245.0,2,drc,COD,COD.5.10_1,0.0,0
CD5311,Wamba,CD53,Haut-Uele,2023,518,518.0,518.0,1,drc,COD,COD.5.8_1,0.0,0
CD54-XXX,Aru,CD54,Ituri,2024,410,410.0,410.0,2,drc,COD,COD.6.2_1,0.0,0
CD5401,Bunia,CD54,Ituri,2024,27969,27969.0,27969.0,2,drc,COD,COD.6.4_1,0.0,0
CD5401,Bunia,CD54,Ituri,2025,51777,51777.0,51777.0,1,drc,COD,COD.6.4_1,0.0,0
CD5402,Irumu,CD54,Ituri,2018,98059,98059.0,98059.0,1,drc,COD,COD.6.7_1,0.0,0
CD5402,Irumu,CD54,Ituri,2019,123288,123288.0,123288.0,1,drc,COD,COD.6.7_1,0.0,0
CD5402,Irumu,CD54,Ituri,2020,324242,311113.5,311113.5,2,drc,COD,COD.6.7_1,0.0,0
CD5402,Irumu,CD54,Ituri,2021,445934,427686.5,427686.5,2,drc,COD,COD.6.7_1,0.0,0
CD5402,Irumu,CD54,Ituri,2022,462484,433475.0,433475.0,2,drc,COD,COD.6.7_1,0.0,0
CD5402,Irumu,CD54,Ituri,2023,414884,414884.0,414884.0,2,drc,COD,COD.6.7_1,0.0,0
CD5402,Irumu,CD54,Ituri,2024,344079,265417.0,226086.0,3,drc,COD,COD.6.7_1,0.0,0
CD5402,Irumu,CD54,Ituri,2025,109594,83705.5,83705.5,2,drc,COD,COD.6.7_1,0.0,0
CD5403,Mambasa,CD54,Ituri,2018,21794,21794.0,21794.0,1,drc,COD,COD.6.10_1,0.0,0
CD5403,Mambasa,CD54,Ituri,2019,21971,21971.0,21971.0,1,drc,COD,COD.6.10_1,0.0,0
CD5403,Mambasa,CD54,Ituri,2020,65028,52038.0,52038.0,2,drc,COD,COD.6.10_1,0.0,0
CD5403,Mambasa,CD54,Ituri,2021,125382,117592.0,117592.0,2,drc,COD,COD.6.10_1,0.0,0
CD5403,Mambasa,CD54,Ituri,2022,126147,121706.5,121706.5,2,drc,COD,COD.6.10_1,0.0,0
CD5403,Mambasa,CD54,Ituri,2023,101971,101971.0,101971.0,2,drc,COD,COD.6.10_1,0.0,0
CD5403,Mambasa,CD54,Ituri,2024,102960,102469.33333333333,102224.0,3,drc,COD,COD.6.10_1,0.0,0
CD5403,Mambasa,CD54,Ituri,2025,60469,60469.0,60469.0,2,drc,COD,COD.6.10_1,0.0,0
CD5404,Mongwalu,CD54,Ituri,2024,27460,27460.0,27460.0,2,drc,COD,COD.6.11_1,0.0,0
CD5405,Djugu,CD54,Ituri,2018,345763,345763.0,345763.0,1,drc,COD,COD.6.5_1,0.0,0
CD5405,Djugu,CD54,Ituri,2019,697836,697836.0,697836.0,1,drc,COD,COD.6.5_1,0.0,0
CD5405,Djugu,CD54,Ituri,2020,696250,467688.0,467688.0,2,drc,COD,COD.6.5_1,0.0,0
CD5405,Djugu,CD54,Ituri,2021,432805,421066.5,421066.5,2,drc,COD,COD.6.5_1,0.0,0
CD5405,Djugu,CD54,Ituri,2022,544001,531515.0,531515.0,2,drc,COD,COD.6.5_1,0.0,0
CD5405,Djugu,CD54,Ituri,2023,675382,675382.0,675382.0,2,drc,COD,COD.6.5_1,0.0,0
CD5405,Djugu,CD54,Ituri,2024,559215,531588.3333333334,517775.0,3,drc,COD,COD.6.5_1,0.0,0
CD5405,Djugu,CD54,Ituri,2025,597081,597081.0,597081.0,2,drc,COD,COD.6.5_1,0.0,0
CD5407,Mahagi,CD54,Ituri,2018,105951,105951.0,105951.0,1,drc,COD,COD.6.8_1,0.0,0
CD5407,Mahagi,CD54,Ituri,2019,208996,208996.0,208996.0,1,drc,COD,COD.6.8_1,0.0,0
CD5407,Mahagi,CD54,Ituri,2020,574450,442025.5,442025.5,2,drc,COD,COD.6.8_1,0.0,0
CD5407,Mahagi,CD54,Ituri,2021,449592,446563.0,446563.0,2,drc,COD,COD.6.8_1,0.0,0
CD5407,Mahagi,CD54,Ituri,2022,493296,458631.5,458631.5,2,drc,COD,COD.6.8_1,0.0,0
CD5407,Mahagi,CD54,Ituri,2023,374003,374003.0,374003.0,2,drc,COD,COD.6.8_1,0.0,0
CD5407,Mahagi,CD54,Ituri,2024,295864,293301.3333333333,292020.0,3,drc,COD,COD.6.8_1,0.0,0
CD5407,Mahagi,CD54,Ituri,2025,133583,133583.0,133583.0,2,drc,COD,COD.6.8_1,0.0,0
CD5409,Aru,CD54,Ituri,2018,62,62.0,62.0,1,drc,COD,COD.6.2_1,0.0,0
CD5409,Aru,CD54,Ituri,2019,62,62.0,62.0,1,drc,COD,COD.6.2_1,0.0,0
CD5409,Aru,CD54,Ituri,2020,56223,56223.0,56223.0,1,drc,COD,COD.6.2_1,0.0,0
CD5409,Aru,CD54,Ituri,2021,57298,56414.5,56414.5,2,drc,COD,COD.6.2_1,0.0,0
CD5409,Aru,CD54,Ituri,2022,71111,66165.5,66165.5,2,drc,COD,COD.6.2_1,0.0,0
CD5409,Aru,CD54,Ituri,2023,64295,64295.0,64295.0,2,drc,COD,COD.6.2_1,0.0,0
CD5409,Aru,CD54,Ituri,2024,58459,54219.666666666664,52100.0,3,drc,COD,COD.6.2_1,0.0,0
CD5409,Aru,CD54,Ituri,2025,2555,2555.0,2555.0,2,drc,COD,COD.6.2_1,0.0,0
CD6101,Goma,CD61,Nord-Kivu,2017,1707,1669.4,1656.0,5,drc,COD,COD.19.3_1,0.0,0
CD6101,Goma,CD61,Nord-Kivu,2020,2013,2013.0,2013.0,1,drc,COD,COD.19.3_1,0.0,0
CD6101,Goma,CD61,Nord-Kivu,2021,1477,1477.0,1477.0,1,drc,COD,COD.19.3_1,0.0,0
CD6101,Goma,CD61,Nord-Kivu,2022,19717,19246.5,19246.5,2,drc,COD,COD.19.3_1,0.0,0
CD6101,Goma,CD61,Nord-Kivu,2023,223735,130690.76923076923,145081.0,13,drc,COD,COD.19.3_1,0.0,0
CD6101,Goma,CD61,Nord-Kivu,2024,485321,383331.5333333333,392363.0,15,drc,COD,COD.19.3_1,0.0,0
CD6101,Goma,CD61,Nord-Kivu,2025,83017,36288.2,26662.0,5,drc,COD,COD.19.3_1,0.0,0
CD6102,Nyiragongo,CD61,Nord-Kivu,2020,10292,10292.0,10292.0,1,drc,COD,COD.19.6_1,0.0,0
CD6102,Nyiragongo,CD61,Nord-Kivu,2021,4914,4914.0,4914.0,1,drc,COD,COD.19.6_1,0.0,0
CD6102,Nyiragongo,CD61,Nord-Kivu,2022,127801,63760.666666666664,41049.0,3,drc,COD,COD.19.6_1,0.0,0
CD6102,Nyiragongo,CD61,Nord-Kivu,2023,361737,185227.53846153847,116056.0,13,drc,COD,COD.19.6_1,0.0,0
CD6102,Nyiragongo,CD61,Nord-Kivu,2024,334212,198751.6,201574.0,15,drc,COD,COD.19.6_1,0.0,0
CD6102,Nyiragongo,CD61,Nord-Kivu,2025,58973,26376.8,23211.0,5,drc,COD,COD.19.6_1,0.0,0
CD6103,Masisi,CD61,Nord-Kivu,2016,41239,29892.083333333332,30178.0,12,drc,COD,COD.19.5_1,0.0,0
CD6103,Masisi,CD61,Nord-Kivu,2017,20270,18936.4,18922.0,10,drc,COD,COD.19.5_1,0.0,0
CD6103,Masisi,CD61,Nord-Kivu,2018,18818,17755.0,17964.5,8,drc,COD,COD.19.5_1,0.0,0
CD6103,Masisi,CD61,Nord-Kivu,2019,212570,41317.125,16974.0,7,drc,COD,COD.19.5_1,0.0,0
CD6103,Masisi,CD61,Nord-Kivu,2020,291497,291497.0,291497.0,1,drc,COD,COD.19.5_1,0.0,0
CD6103,Masisi,CD61,Nord-Kivu,2021,230861,230861.0,230861.0,1,drc,COD,COD.19.5_1,0.0,0
CD6103,Masisi,CD61,Nord-Kivu,2022,462575,456727.0,456727.0,2,drc,COD,COD.19.5_1,0.0,0
CD6103,Masisi,CD61,Nord-Kivu,2023,633920,312417.92307692306,293261.0,13,drc,COD,COD.19.5_1,0.0,0
CD6103,Masisi,CD61,Nord-Kivu,2024,600195,443431.5333333333,413038.0,15,drc,COD,COD.19.5_1,0.0,0
CD6103,Masisi,CD61,Nord-Kivu,2025,372178,315759.6,301218.0,5,drc,COD,COD.19.5_1,0.0,0
CD6104,Walikale,CD61,Nord-Kivu,2020,188267,129525.5,129525.5,2,drc,COD,COD.19.11_1,0.0,0
CD6104,Walikale,CD61,Nord-Kivu,2021,188200,188200.0,188200.0,1,drc,COD,COD.19.11_1,0.0,0
CD6104,Walikale,CD61,Nord-Kivu,2022,236851,233819.0,233819.0,2,drc,COD,COD.19.11_1,0.0,0
CD6104,Walikale,CD61,Nord-Kivu,2023,206652,54817.07692307692,34557.0,13,drc,COD,COD.19.11_1,0.0,0
CD6104,Walikale,CD61,Nord-Kivu,2024,162555,82526.26666666666,72495.0,15,drc,COD,COD.19.11_1,0.0,0
CD6104,Walikale,CD61,Nord-Kivu,2025,107373,89289.0,101749.0,5,drc,COD,COD.19.11_1,0.0,0
CD6105,Lubero,CD61,Nord-Kivu,2019,626549,314500.0,314500.0,2,drc,COD,COD.19.4_1,0.0,0
CD6105,Lubero,CD61,Nord-Kivu,2020,183353,183353.0,183353.0,1,drc,COD,COD.19.4_1,0.0,0
CD6105,Lubero,CD61,Nord-Kivu,2021,165493,165493.0,165493.0,1,drc,COD,COD.19.4_1,0.0,0
CD6105,Lubero,CD61,Nord-Kivu,2022,223870,159541.0,204755.0,3,drc,COD,COD.19.4_1,0.0,0
CD6105,Lubero,CD61,Nord-Kivu,2023,340957,145981.53846153847,113280.0,13,drc,COD,COD.19.4_1,0.0,0
CD6105,Lubero,CD61,Nord-Kivu,2024,355083,191789.26666666666,229382.0,15,drc,COD,COD.19.4_1,0.0,0
CD6105,Lubero,CD61,Nord-Kivu,2025,207762,159597.4,160412.0,5,drc,COD,COD.19.4_1,0.0,0
CD6107,Oïcha,CD61,Nord-Kivu,2021,154924,154924.0,154924.0,1,drc,COD,,,0
CD6107,Oïcha,CD61,Nord-Kivu,2022,413379,324075.5,324075.5,2,drc,COD,,,0
CD6107,Oïcha,CD61,Nord-Kivu,2023,565317,381509.75,480118.0,4,drc,COD,,,0
CD6107,Oïcha,CD61,Nord-Kivu,2024,354186,76111.42857142857,4036.0,14,drc,COD,,,0
CD6107,Oïcha,CD61,Nord-Kivu,2025,198787,150977.4,181743.0,5,drc,COD,,,0
CD6109,Beni,CD61,Nord-Kivu,2019,276193,276193.0,276193.0,1,drc,COD,COD.19.1_1,0.0,0
CD6109,Beni,CD61,Nord-Kivu,2020,201887,201887.0,201887.0,1,drc,COD,COD.19.1_1,0.0,0
CD6109,Beni,CD61,Nord-Kivu,2021,67713,67713.0,67713.0,1,drc,COD,COD.19.1_1,0.0,0
CD6109,Beni,CD61,Nord-Kivu,2022,131333,117800.0,117800.0,2,drc,COD,COD.19.1_1,0.0,0
CD6109,Beni,CD61,Nord-Kivu,2023,172673,75699.83333333333,70260.0,6,drc,COD,COD.19.1_1,0.0,0
CD6109,Beni,CD61,Nord-Kivu,2024,68050,24900.625,4842.0,8,drc,COD,COD.19.1_1,0.0,0
CD6109,Beni,CD61,Nord-Kivu,2025,34551,25596.4,28463.0,5,drc,COD,COD.19.1_1,0.0,0
CD6110,Butembo,CD61,Nord-Kivu,2021,39238,39238.0,39238.0,1,drc,COD,COD.19.2_1,0.0,0
CD6110,Butembo,CD61,Nord-Kivu,2022,47970,45087.0,45087.0,2,drc,COD,COD.19.2_1,0.0,0
CD6110,Butembo,CD61,Nord-Kivu,2023,70412,30242.285714285714,915.0,7,drc,COD,COD.19.2_1,0.0,0
CD6110,Butembo,CD61,Nord-Kivu,2024,60657,13623.666666666666,915.0,15,drc,COD,COD.19.2_1,0.0,0
CD6110,Butembo,CD61,Nord-Kivu,2025,39326,35285.2,39326.0,5,drc,COD,COD.19.2_1,0.0,0
CD6111,Rutshuru,CD61,Nord-Kivu,2016,44424,33149.25,36117.5,12,drc,COD,COD.19.9_1,0.0,0
CD6111,Rutshuru,CD61,Nord-Kivu,2017,32883,28641.1,28955.0,10,drc,COD,COD.19.9_1,0.0,0
CD6111,Rutshuru,CD61,Nord-Kivu,2018,25169,22689.25,23212.0,8,drc,COD,COD.19.9_1,0.0,0
CD6111,Rutshuru,CD61,Nord-Kivu,2019,182855,34394.0,12613.0,7,drc,COD,COD.19.9_1,0.0,0
CD6111,Rutshuru,CD61,Nord-Kivu,2020,184056,184056.0,184056.0,1,drc,COD,COD.19.9_1,0.0,0
CD6111,Rutshuru,CD61,Nord-Kivu,2021,148316,148316.0,148316.0,1,drc,COD,COD.19.9_1,0.0,0
CD6111,Rutshuru,CD61,Nord-Kivu,2022,270449,193368.66666666666,252968.0,3,drc,COD,COD.19.9_1,0.0,0
CD6111,Rutshuru,CD61,Nord-Kivu,2023,291986,172899.61538461538,173197.0,13,drc,COD,COD.19.9_1,0.0,0
CD6111,Rutshuru,CD61,Nord-Kivu,2024,592999,266326.8,232365.0,15,drc,COD,COD.19.9_1,0.0,0
CD6111,Rutshuru,CD61,Nord-Kivu,2025,321087,209587.8,148551.0,5,drc,COD,COD.19.9_1,0.0,0
CD6201,Bukavu,CD62,Sud-Kivu,2018,26230,25924.5,25924.5,2,drc,COD,COD.22.2_1,0.0,0
CD6201,Bukavu,CD62,Sud-Kivu,2020,4672,4672.0,4672.0,1,drc,COD,COD.22.2_1,0.0,0
CD6201,Bukavu,CD62,Sud-Kivu,2023,3303,3299.3333333333335,3303.0,3,drc,COD,COD.22.2_1,0.0,0
CD6201,Bukavu,CD62,Sud-Kivu,2024,4102,3640.3333333333335,4102.0,3,drc,COD,COD.22.2_1,0.0,0
CD6201,Bukavu,CD62,Sud-Kivu,2025,21080,16205.0,18740.0,5,drc,COD,COD.22.2_1,0.0,0
CD6202,Kabare,CD62,Sud-Kivu,2018,37253,32983.5,32983.5,2,drc,COD,COD.22.5_1,0.0,0
CD6202,Kabare,CD62,Sud-Kivu,2020,26078,26078.0,26078.0,1,drc,COD,COD.22.5_1,0.0,0
CD6202,Kabare,CD62,Sud-Kivu,2023,13865,13055.333333333334,13865.0,3,drc,COD,COD.22.5_1,0.0,0
CD6202,Kabare,CD62,Sud-Kivu,2024,23738,20968.333333333332,23738.0,3,drc,COD,COD.22.5_1,0.0,0
CD6202,Kabare,CD62,Sud-Kivu,2025,124700,115522.25,123135.0,4,drc,COD,COD.22.5_1,0.0,0
CD6203,Shabunda,CD62,Sud-Kivu,2018,110335,63989.5,63989.5,2,drc,COD,COD.22.9_1,0.0,0
CD6203,Shabunda,CD62,Sud-Kivu,2020,148924,148924.0,148924.0,1,drc,COD,COD.22.9_1,0.0,0
CD6203,Shabunda,CD62,Sud-Kivu,2023,183196,178859.33333333334,176691.0,3,drc,COD,COD.22.9_1,0.0,0
CD6203,Shabunda,CD62,Sud-Kivu,2024,153842,152935.33333333334,152482.0,3,drc,COD,COD.22.9_1,0.0,0
CD6203,Shabunda,CD62,Sud-Kivu,2025,127103,101631.75,127103.0,4,drc,COD,COD.22.9_1,0.0,0
CD6205,Kalehe,CD62,Sud-Kivu,2016,445,414.75,414.5,8,drc,COD,COD.22.6_1,0.0,0
CD6205,Kalehe,CD62,Sud-Kivu,2018,184154,125912.5,125912.5,2,drc,COD,COD.22.6_1,0.0,0
CD6205,Kalehe,CD62,Sud-Kivu,2020,347934,296455.0,296455.0,2,drc,COD,COD.22.6_1,0.0,0
CD6205,Kalehe,CD62,Sud-Kivu,2023,461512,153859.22222222222,61665.0,8,drc,COD,COD.22.6_1,0.0,0
CD6205,Kalehe,CD62,Sud-Kivu,2024,453739,252295.66666666666,209309.0,13,drc,COD,COD.22.6_1,0.0,0
CD6205,Kalehe,CD62,Sud-Kivu,2025,498443,409354.4,422660.0,5,drc,COD,COD.22.6_1,0.0,0
CD6206,Idjwi,CD62,Sud-Kivu,2018,2522,2502.5,2502.5,2,drc,COD,COD.22.4_1,0.0,0
CD6206,Idjwi,CD62,Sud-Kivu,2020,330,330.0,330.0,1,drc,COD,COD.22.4_1,0.0,0
CD6206,Idjwi,CD62,Sud-Kivu,2023,2071,1875.0,1777.0,3,drc,COD,COD.22.4_1,0.0,0
CD6206,Idjwi,CD62,Sud-Kivu,2024,1755,869.0,426.0,3,drc,COD,COD.22.4_1,0.0,0
CD6206,Idjwi,CD62,Sud-Kivu,2025,61049,34957.8,26032.0,5,drc,COD,COD.22.4_1,0.0,0
CD6207,Walungu,CD62,Sud-Kivu,2018,69171,59519.5,59519.5,2,drc,COD,COD.22.13_1,0.0,0
CD6207,Walungu,CD62,Sud-Kivu,2020,53702,53702.0,53702.0,1,drc,COD,COD.22.13_1,0.0,0
CD6207,Walungu,CD62,Sud-Kivu,2023,112873,104936.0,112873.0,3,drc,COD,COD.22.13_1,0.0,0
CD6207,Walungu,CD62,Sud-Kivu,2024,120750,118111.33333333333,116792.0,3,drc,COD,COD.22.13_1,0.0,0
CD6207,Walungu,CD62,Sud-Kivu,2025,101505,95799.25,100047.0,4,drc,COD,COD.22.13_1,0.0,0
CD6208,Uvira,CD62,Sud-Kivu,2018,121708,96288.0,96288.0,2,drc,COD,COD.22.11_1,0.0,0
CD6208,Uvira,CD62,Sud-Kivu,2020,130120,130120.0,130120.0,1,drc,COD,COD.22.11_1,0.0,0
CD6208,Uvira,CD62,Sud-Kivu,2023,135088,127097.33333333333,135088.0,3,drc,COD,COD.22.11_1,0.0,0
CD6208,Uvira,CD62,Sud-Kivu,2024,135733,126543.0,121948.0,3,drc,COD,COD.22.11_1,0.0,0
CD6208,Uvira,CD62,Sud-Kivu,2025,127851,84725.8,94546.0,5,drc,COD,COD.22.11_1,0.0,0
CD6210,Fizi,CD62,Sud-Kivu,2018,189687,115943.66666666667,99720.0,3,drc,COD,COD.22.3_1,0.0,0
CD6210,Fizi,CD62,Sud-Kivu,2020,406035,325261.5,325261.5,2,drc,COD,COD.22.3_1,0.0,0
CD6210,Fizi,CD62,Sud-Kivu,2023,466114,413434.6666666667,387095.0,3,drc,COD,COD.22.3_1,0.0,0
CD6210,Fizi,CD62,Sud-Kivu,2024,455630,431269.3333333333,419089.0,3,drc,COD,COD.22.3_1,0.0,0
CD6210,Fizi,CD62,Sud-Kivu,2025,414453,335967.5,365620.0,4,drc,COD,COD.22.3_1,0.0,0
CD6212,Mwenga,CD62,Sud-Kivu,2018,103906,59124.666666666664,41561.0,3,drc,COD,COD.22.8_1,0.0,0
CD6212,Mwenga,CD62,Sud-Kivu,2020,87312,87312.0,87312.0,1,drc,COD,COD.22.8_1,0.0,0
CD6212,Mwenga,CD62,Sud-Kivu,2023,186481,182517.66666666666,180536.0,3,drc,COD,COD.22.8_1,0.0,0
CD6212,Mwenga,CD62,Sud-Kivu,2024,236165,228395.66666666666,236165.0,3,drc,COD,COD.22.8_1,0.0,0
CD6212,Mwenga,CD62,Sud-Kivu,2025,224365,197525.5,188579.0,4,drc,COD,COD.22.8_1,0.0,0
CD6301,Kindu,CD63,Maniema,2023,4197,4197.0,4197.0,1,drc,COD,COD.17.7_1,0.0,0
CD6301,Kindu,CD63,Maniema,2024,5096,5096.0,5096.0,1,drc,COD,COD.17.7_1,0.0,0
CD6301,Kindu,CD63,Maniema,2025,5096,5096.0,5096.0,2,drc,COD,COD.17.7_1,0.0,0
CD6302,Kailo,CD63,Maniema,2023,3662,3662.0,3662.0,1,drc,COD,COD.17.2_1,1.0,1
CD6302,Kailo,CD63,Maniema,2024,215,215.0,215.0,1,drc,COD,COD.17.2_1,1.0,1
CD6302,Kailo,CD63,Maniema,2025,215,215.0,215.0,2,drc,COD,COD.17.2_1,1.0,1
CD6303,Punia,CD63,Maniema,2023,4118,4118.0,4118.0,1,drc,COD,COD.17.12_1,0.0,0
CD6303,Punia,CD63,Maniema,2024,9264,9264.0,9264.0,1,drc,COD,COD.17.12_1,0.0,0
CD6303,Punia,CD63,Maniema,2025,9264,9264.0,9264.0,2,drc,COD,COD.17.12_1,0.0,0
CD6305,Lubutu,CD63,Maniema,2023,16455,16455.0,16455.0,1,drc,COD,COD.17.8_1,0.0,0
CD6305,Lubutu,CD63,Maniema,2024,10231,10231.0,10231.0,1,drc,COD,COD.17.8_1,0.0,0
CD6305,Lubutu,CD63,Maniema,2025,10231,10231.0,10231.0,2,drc,COD,COD.17.8_1,0.0,0
CD6307,Pangi,CD63,Maniema,2023,601,601.0,601.0,1,drc,COD,COD.17.11_1,0.0,0
CD6307,Pangi,CD63,Maniema,2024,2732,2732.0,2732.0,1,drc,COD,COD.17.11_1,0.0,0
CD6307,Pangi,CD63,Maniema,2025,2732,2732.0,2732.0,2,drc,COD,COD.17.11_1,0.0,0
CD6309,Kabambare,CD63,Maniema,2023,37700,37700.0,37700.0,1,drc,COD,COD.17.1_1,0.0,0
CD6309,Kabambare,CD63,Maniema,2024,99514,99514.0,99514.0,1,drc,COD,COD.17.1_1,0.0,0
CD6309,Kabambare,CD63,Maniema,2025,99514,99514.0,99514.0,2,drc,COD,COD.17.1_1,0.0,0
CD6311,Kasongo,CD63,Maniema,2023,12519,12519.0,12519.0,1,drc,COD,COD.17.4_1,1.0,1
CD6311,Kasongo,CD63,Maniema,2024,13865,13865.0,13865.0,1,drc,COD,COD.17.4_1,1.0,1
CD6311,Kasongo,CD63,Maniema,2025,13865,13865.0,13865.0,2,drc,COD,COD.17.4_1,1.0,1
CD6313,Kibombo,CD63,Maniema,2023,15031,15031.0,15031.0,1,drc,COD,COD.17.6_1,1.0,1
CD6313,Kibombo,CD63,Maniema,2024,5826,5826.0,5826.0,1,drc,COD,COD.17.6_1,1.0,1
CD6313,Kibombo,CD63,Maniema,2025,5826,5826.0,5826.0,2,drc,COD,COD.17.6_1,1.0,1
CD7101,Lubumbashi,CD71,Haut-Katanga,2023,547,547.0,547.0,1,drc,COD,COD.3.6_1,0.0,0
CD7101,Lubumbashi,CD71,Haut-Katanga,2024,4100,4100.0,4100.0,1,drc,COD,COD.3.6_1,0.0,0
CD7101,Lubumbashi,CD71,Haut-Katanga,2025,4100,4100.0,4100.0,2,drc,COD,COD.3.6_1,0.0,0
CD7102,Kipushi,CD71,Haut-Katanga,2024,375,375.0,375.0,1,drc,COD,COD.3.3_1,0.0,0
CD7102,Kipushi,CD71,Haut-Katanga,2025,375,375.0,375.0,2,drc,COD,COD.3.3_1,0.0,0
CD7105,Kambove,CD71,Haut-Katanga,2023,10250,10250.0,10250.0,1,drc,COD,COD.3.1_1,0.0,0
CD7107,Kasenga,CD71,Haut-Katanga,2023,3677,3677.0,3677.0,1,drc,COD,COD.3.2_1,0.0,0
CD7107,Kasenga,CD71,Haut-Katanga,2024,9451,9451.0,9451.0,1,drc,COD,COD.3.2_1,0.0,0
CD7107,Kasenga,CD71,Haut-Katanga,2025,9451,9451.0,9451.0,2,drc,COD,COD.3.2_1,0.0,0
CD7108,Mitwaba,CD71,Haut-Katanga,2023,10161,10161.0,10161.0,1,drc,COD,COD.3.7_1,0.0,0
CD7108,Mitwaba,CD71,Haut-Katanga,2024,1600,1600.0,1600.0,1,drc,COD,COD.3.7_1,0.0,0
CD7108,Mitwaba,CD71,Haut-Katanga,2025,1600,1600.0,1600.0,2,drc,COD,COD.3.7_1,0.0,0
CD7109,Pweto,CD71,Haut-Katanga,2023,7080,7080.0,7080.0,1,drc,COD,COD.3.8_1,0.0,0
CD7109,Pweto,CD71,Haut-Katanga,2024,6081,6081.0,6081.0,1,drc,COD,COD.3.8_1,0.0,0
CD7109,Pweto,CD71,Haut-Katanga,2025,6081,6081.0,6081.0,2,drc,COD,COD.3.8_1,0.0,0
CD7203,Lubudi,CD72,Lualaba,2024,5296,5296.0,5296.0,1,drc,COD,COD.15.5_1,0.0,0
CD7203,Lubudi,CD72,Lualaba,2025,5296,5296.0,5296.0,2,drc,COD,COD.15.5_1,0.0,0
CD7205,Dilolo,CD72,Lualaba,2023,601,601.0,601.0,1,drc,COD,COD.15.1_1,0.0,0
CD7207,Kapanga,CD72,Lualaba,2023,70,70.0,70.0,1,drc,COD,COD.15.2_1,1.0,1
CD7302,Kamina,CD73,Haut-Lomami,2023,2468,2468.0,2468.0,1,drc,COD,COD.4.3_1,0.0,0
CD7304,Kabongo,CD73,Haut-Lomami,2023,4116,4116.0,4116.0,1,drc,COD,COD.4.2_1,1.0,1
CD7304,Kabongo,CD73,Haut-Lomami,2024,2822,2822.0,2822.0,1,drc,COD,COD.4.2_1,1.0,1
CD7304,Kabongo,CD73,Haut-Lomami,2025,2822,2822.0,2822.0,2,drc,COD,COD.4.2_1,1.0,1
CD7305,Malemba-Nkulu,CD73,Haut-Lomami,2023,50322,50322.0,50322.0,1,drc,COD,COD.4.6_1,0.0,0
CD7305,Malemba-Nkulu,CD73,Haut-Lomami,2024,185587,185587.0,185587.0,1,drc,COD,COD.4.6_1,0.0,0
CD7305,Malemba-Nkulu,CD73,Haut-Lomami,2025,185587,185587.0,185587.0,2,drc,COD,COD.4.6_1,0.0,0
CD7306,Bukama,CD73,Haut-Lomami,2023,114796,114796.0,114796.0,1,drc,COD,COD.4.1_1,0.0,0
CD7306,Bukama,CD73,Haut-Lomami,2024,172760,172760.0,172760.0,1,drc,COD,COD.4.1_1,0.0,0
CD7306,Bukama,CD73,Haut-Lomami,2025,172760,172760.0,172760.0,2,drc,COD,COD.4.1_1,0.0,0
CD7402,Kalemie,CD74,Tanganyika,2017,47983,47983.0,47983.0,1,drc,COD,COD.24.2_1,0.0,0
CD7402,Kalemie,CD74,Tanganyika,2018,190299,137185.25,152105.0,3,drc,COD,COD.24.2_1,0.0,0
CD7402,Kalemie,CD74,Tanganyika,2019,123979,123979.0,123979.0,1,drc,COD,COD.24.2_1,0.0,0
CD7402,Kalemie,CD74,Tanganyika,2023,100442,100442.0,100442.0,2,drc,COD,COD.24.2_1,0.0,0
CD7402,Kalemie,CD74,Tanganyika,2024,72548,71476.66666666667,70941.0,3,drc,COD,COD.24.2_1,0.0,0
CD7402,Kalemie,CD74,Tanganyika,2025,63126,63126.0,63126.0,3,drc,COD,COD.24.2_1,0.0,0
CD7402,Kalemie,CD74,Tanganyika,2026,117571,117571.0,117571.0,1,drc,COD,COD.24.2_1,0.0,0
CD7404,Moba,CD74,Tanganyika,2018,43003,40982.333333333336,39972.0,3,drc,COD,COD.24.9_1,0.0,0
CD7404,Moba,CD74,Tanganyika,2019,44713,44713.0,44713.0,1,drc,COD,COD.24.9_1,0.0,0
CD7404,Moba,CD74,Tanganyika,2023,11447,11447.0,11447.0,2,drc,COD,COD.24.9_1,0.0,0
CD7404,Moba,CD74,Tanganyika,2024,24792,22904.0,24792.0,3,drc,COD,COD.24.9_1,0.0,0
CD7404,Moba,CD74,Tanganyika,2025,33786,33786.0,33786.0,3,drc,COD,COD.24.9_1,0.0,0
CD7404,Moba,CD74,Tanganyika,2026,37847,37847.0,37847.0,1,drc,COD,COD.24.9_1,0.0,0
CD7406,Manono,CD74,Tanganyika,2018,110758,82258.0,82258.0,2,drc,COD,COD.24.7_1,0.0,0
CD7406,Manono,CD74,Tanganyika,2020,65615,65615.0,65615.0,1,drc,COD,COD.24.7_1,0.0,0
CD7406,Manono,CD74,Tanganyika,2023,83216,83216.0,83216.0,2,drc,COD,COD.24.7_1,0.0,0
CD7406,Manono,CD74,Tanganyika,2024,92969,86095.0,82658.0,3,drc,COD,COD.24.7_1,0.0,0
CD7406,Manono,CD74,Tanganyika,2025,87589,87589.0,87589.0,3,drc,COD,COD.24.7_1,0.0,0
CD7406,Manono,CD74,Tanganyika,2026,69089,69089.0,69089.0,1,drc,COD,COD.24.7_1,0.0,0
CD7407,Kabalo,CD74,Tanganyika,2018,24194,24194.0,24194.0,2,drc,COD,COD.24.1_1,1.0,1
CD7407,Kabalo,CD74,Tanganyika,2020,18547,18547.0,18547.0,1,drc,COD,COD.24.1_1,1.0,1
CD7407,Kabalo,CD74,Tanganyika,2023,10977,10977.0,10977.0,2,drc,COD,COD.24.1_1,1.0,1
CD7407,Kabalo,CD74,Tanganyika,2024,7139,5338.333333333333,4438.0,3,drc,COD,COD.24.1_1,1.0,1
CD7407,Kabalo,CD74,Tanganyika,2025,9141,9141.0,9141.0,3,drc,COD,COD.24.1_1,1.0,1
CD7407,Kabalo,CD74,Tanganyika,2026,6522,6522.0,6522.0,1,drc,COD,COD.24.1_1,1.0,1
CD7409,Kongolo,CD74,Tanganyika,2018,66603,66603.0,66603.0,2,drc,COD,COD.24.5_1,1.0,1
CD7409,Kongolo,CD74,Tanganyika,2023,117134,117134.0,117134.0,2,drc,COD,COD.24.5_1,1.0,1
CD7409,Kongolo,CD74,Tanganyika,2024,113575,108408.33333333333,105825.0,3,drc,COD,COD.24.5_1,1.0,1
CD7409,Kongolo,CD74,Tanganyika,2025,32789,32789.0,32789.0,3,drc,COD,COD.24.5_1,1.0,1
CD7409,Kongolo,CD74,Tanganyika,2026,26185,26185.0,26185.0,1,drc,COD,COD.24.5_1,1.0,1
CD7410,Nyunzu,CD74,Tanganyika,2018,36489,36489.0,36489.0,1,drc,COD,COD.24.10_1,0.0,0
CD7410,Nyunzu,CD74,Tanganyika,2023,27246,27246.0,27246.0,2,drc,COD,COD.24.10_1,0.0,0
CD7410,Nyunzu,CD74,Tanganyika,2024,33648,30695.0,33648.0,3,drc,COD,COD.24.10_1,0.0,0
CD7410,Nyunzu,CD74,Tanganyika,2025,27526,27526.0,27526.0,3,drc,COD,COD.24.10_1,0.0,0
CD7410,Nyunzu,CD74,Tanganyika,2026,11337,11337.0,11337.0,1,drc,COD,COD.24.10_1,0.0,0
CD8102,Kabinda,CD81,Lomami,2018,28805,26258.5,26258.5,2,drc,COD,COD.14.1_1,1.0,2
CD8102,Kabinda,CD81,Lomami,2023,103,103.0,103.0,1,drc,COD,COD.14.1_1,1.0,2
CD8102,Kabinda,CD81,Lomami,2024,1981,1981.0,1981.0,1,drc,COD,COD.14.1_1,1.0,2
CD8102,Kabinda,CD81,Lomami,2025,1981,1981.0,1981.0,2,drc,COD,COD.14.1_1,1.0,2
CD8103,Mwene-Ditu,CD81,Lomami,2018,81596,79568.0,79568.0,2,drc,COD,COD.14.7_1,1.0,2
CD8103,Mwene-Ditu,CD81,Lomami,2023,7678,7678.0,7678.0,1,drc,COD,COD.14.7_1,1.0,2
CD8103,Mwene-Ditu,CD81,Lomami,2024,2625,2625.0,2625.0,1,drc,COD,COD.14.7_1,1.0,2
CD8103,Mwene-Ditu,CD81,Lomami,2025,2625,2625.0,2625.0,2,drc,COD,COD.14.7_1,1.0,2
CD8104,Luilu,CD81,Lomami,2018,99258,93549.5,93549.5,2,drc,COD,COD.14.6_1,1.0,1
CD8104,Luilu,CD81,Lomami,2023,13317,13317.0,13317.0,1,drc,COD,COD.14.6_1,1.0,1
CD8104,Luilu,CD81,Lomami,2024,19967,19967.0,19967.0,1,drc,COD,COD.14.6_1,1.0,1
CD8104,Luilu,CD81,Lomami,2025,19967,19967.0,19967.0,2,drc,COD,COD.14.6_1,1.0,1
CD8105,Kamiji,CD81,Lomami,2018,16073,16073.0,16073.0,2,drc,COD,COD.14.3_1,1.0,1
CD8105,Kamiji,CD81,Lomami,2023,3990,3990.0,3990.0,1,drc,COD,COD.14.3_1,1.0,1
CD8105,Kamiji,CD81,Lomami,2024,1384,1384.0,1384.0,1,drc,COD,COD.14.3_1,1.0,1
CD8105,Kamiji,CD81,Lomami,2025,1384,1384.0,1384.0,2,drc,COD,COD.14.3_1,1.0,1
CD8106,Ngandajika,CD81,Lomami,2018,31606,29980.0,29980.0,2,drc,COD,COD.14.8_1,1.0,1
CD8106,Ngandajika,CD81,Lomami,2023,12930,12930.0,12930.0,1,drc,COD,COD.14.8_1,1.0,1
CD8106,Ngandajika,CD81,Lomami,2024,1892,1892.0,1892.0,1,drc,COD,COD.14.8_1,1.0,1
CD8106,Ngandajika,CD81,Lomami,2025,1892,1892.0,1892.0,2,drc,COD,COD.14.8_1,1.0,1
CD8108,Lubao,CD81,Lomami,2018,20337,19867.5,19867.5,2,drc,COD,COD.14.4_1,1.0,1
CD8201,Mbuji-Mayi,CD82,Kasaï-Oriental,2018,13369,9852.333333333334,9287.0,3,drc,COD,COD.8.5_1,1.0,1
CD8201,Mbuji-Mayi,CD82,Kasaï-Oriental,2023,350,350.0,350.0,1,drc,COD,COD.8.5_1,1.0,1
CD8201,Mbuji-Mayi,CD82,Kasaï-Oriental,2024,1290,1290.0,1290.0,1,drc,COD,COD.8.5_1,1.0,1
CD8201,Mbuji-Mayi,CD82,Kasaï-Oriental,2025,1290,1290.0,1290.0,2,drc,COD,COD.8.5_1,1.0,1
CD8202,Tshilenge,CD82,Kasaï-Oriental,2018,12199,11166.666666666666,12199.0,3,drc,COD,COD.8.8_1,1.0,1
CD8202,Tshilenge,CD82,Kasaï-Oriental,2019,12295,12295.0,12295.0,1,drc,COD,COD.8.8_1,1.0,1
CD8202,Tshilenge,CD82,Kasaï-Oriental,2023,371,371.0,371.0,1,drc,COD,COD.8.8_1,1.0,1
CD8202,Tshilenge,CD82,Kasaï-Oriental,2024,3080,3080.0,3080.0,1,drc,COD,COD.8.8_1,1.0,1
CD8202,Tshilenge,CD82,Kasaï-Oriental,2025,3080,3080.0,3080.0,2,drc,COD,COD.8.8_1,1.0,1
CD8205,Miabi,CD82,Kasaï-Oriental,2018,54306,50999.666666666664,54306.0,3,drc,COD,COD.8.6_1,1.0,1
CD8205,Miabi,CD82,Kasaï-Oriental,2019,55940,55940.0,55940.0,1,drc,COD,COD.8.6_1,1.0,1
CD8205,Miabi,CD82,Kasaï-Oriental,2023,2358,2358.0,2358.0,1,drc,COD,COD.8.6_1,1.0,1
CD8205,Miabi,CD82,Kasaï-Oriental,2024,315,315.0,315.0,1,drc,COD,COD.8.6_1,1.0,1
CD8205,Miabi,CD82,Kasaï-Oriental,2025,315,315.0,315.0,2,drc,COD,COD.8.6_1,1.0,1
CD8207,Kabeya-Kamwanga,CD82,Kasaï-Oriental,2018,21476,17188.666666666668,16885.0,3,drc,COD,COD.8.1_1,1.0,1
CD8207,Kabeya-Kamwanga,CD82,Kasaï-Oriental,2023,1482,1482.0,1482.0,1,drc,COD,COD.8.1_1,1.0,1
CD8207,Kabeya-Kamwanga,CD82,Kasaï-Oriental,2024,1524,1524.0,1524.0,1,drc,COD,COD.8.1_1,1.0,1
CD8207,Kabeya-Kamwanga,CD82,Kasaï-Oriental,2025,1524,1524.0,1524.0,2,drc,COD,COD.8.1_1,1.0,1
CD8208,Lupatapata,CD82,Kasaï-Oriental,2018,6654,5290.0,6654.0,3,drc,COD,COD.8.4_1,1.0,1
CD8208,Lupatapata,CD82,Kasaï-Oriental,2019,7742,7742.0,7742.0,1,drc,COD,COD.8.4_1,1.0,1
CD8208,Lupatapata,CD82,Kasaï-Oriental,2023,1635,1635.0,1635.0,1,drc,COD,COD.8.4_1,1.0,1
CD8208,Lupatapata,CD82,Kasaï-Oriental,2024,4340,4340.0,4340.0,1,drc,COD,COD.8.4_1,1.0,1
CD8208,Lupatapata,CD82,Kasaï-Oriental,2025,4340,4340.0,4340.0,2,drc,COD,COD.8.4_1,1.0,1
CD8209,Katanda,CD82,Kasaï-Oriental,2018,5350,3928.0,3359.0,3,drc,COD,COD.8.2_1,1.0,1
CD8209,Katanda,CD82,Kasaï-Oriental,2023,13068,13068.0,13068.0,1,drc,COD,COD.8.2_1,1.0,1
CD8209,Katanda,CD82,Kasaï-Oriental,2024,2712,2712.0,2712.0,1,drc,COD,COD.8.2_1,1.0,1
CD8209,Katanda,CD82,Kasaï-Oriental,2025,2712,2712.0,2712.0,2,drc,COD,COD.8.2_1,1.0,1
CD8302,Lusambo,CD83,Sankuru,2018,15200,15200.0,15200.0,1,drc,COD,COD.21.8_1,1.0,2
CD8302,Lusambo,CD83,Sankuru,2023,12828,12828.0,12828.0,1,drc,COD,COD.21.8_1,1.0,2
CD8302,Lusambo,CD83,Sankuru,2024,5973,5973.0,5973.0,1,drc,COD,COD.21.8_1,1.0,2
CD8302,Lusambo,CD83,Sankuru,2025,5973,5973.0,5973.0,2,drc,COD,COD.21.8_1,1.0,2
CD8303,Lodja,CD83,Sankuru,2018,18661,14427.5,14427.5,2,drc,COD,COD.21.4_1,1.0,2
CD8303,Lodja,CD83,Sankuru,2023,2084,2084.0,2084.0,1,drc,COD,COD.21.4_1,1.0,2
CD8303,Lodja,CD83,Sankuru,2024,3018,3018.0,3018.0,1,drc,COD,COD.21.4_1,1.0,2
CD8303,Lodja,CD83,Sankuru,2025,3018,3018.0,3018.0,2,drc,COD,COD.21.4_1,1.0,2
CD8306,Kole,CD83,Sankuru,2018,7418,7418.0,7418.0,1,drc,COD,COD.21.3_1,1.0,1
CD8306,Kole,CD83,Sankuru,2023,910,910.0,910.0,1,drc,COD,COD.21.3_1,1.0,1
CD8306,Kole,CD83,Sankuru,2024,1724,1724.0,1724.0,1,drc,COD,COD.21.3_1,1.0,1
CD8306,Kole,CD83,Sankuru,2025,1724,1724.0,1724.0,2,drc,COD,COD.21.3_1,1.0,1
CD8307,Lomela,CD83,Sankuru,2018,10108,10108.0,10108.0,2,drc,COD,COD.21.6_1,1.0,1
CD8307,Lomela,CD83,Sankuru,2023,3428,3428.0,3428.0,1,drc,COD,COD.21.6_1,1.0,1
CD8307,Lomela,CD83,Sankuru,2024,3819,3819.0,3819.0,1,drc,COD,COD.21.6_1,1.0,1
CD8307,Lomela,CD83,Sankuru,2025,3819,3819.0,3819.0,2,drc,COD,COD.21.6_1,1.0,1
CD8308,Katako-Kombe,CD83,Sankuru,2018,25912,21386.0,21386.0,2,drc,COD,COD.21.2_1,1.0,1
CD8308,Katako-Kombe,CD83,Sankuru,2023,6288,6288.0,6288.0,1,drc,COD,COD.21.2_1,1.0,1
CD8308,Katako-Kombe,CD83,Sankuru,2024,3057,3057.0,3057.0,1,drc,COD,COD.21.2_1,1.0,1
CD8308,Katako-Kombe,CD83,Sankuru,2025,3057,3057.0,3057.0,2,drc,COD,COD.21.2_1,1.0,1
CD8309,Lubefu,CD83,Sankuru,2018,18014,18014.0,18014.0,2,drc,COD,COD.21.7_1,1.0,2
CD8309,Lubefu,CD83,Sankuru,2023,12030,12030.0,12030.0,1,drc,COD,COD.21.7_1,1.0,2
CD8309,Lubefu,CD83,Sankuru,2024,2185,2185.0,2185.0,1,drc,COD,COD.21.7_1,1.0,2
CD8309,Lubefu,CD83,Sankuru,2025,2185,2185.0,2185.0,2,drc,COD,COD.21.7_1,1.0,2
CD9101,Kananga,CD91,Kasaï-Central,2017,112735,86933.0,86933.0,2,drc,COD,COD.7.4_1,1.0,1
CD9101,Kananga,CD91,Kasaï-Central,2018,279096,192500.66666666666,154861.0,3,drc,COD,COD.7.4_1,1.0,1
CD9101,Kananga,CD91,Kasaï-Central,2020,45426,45426.0,45426.0,1,drc,COD,COD.7.4_1,1.0,1
CD9101,Kananga,CD91,Kasaï-Central,2023,970,970.0,970.0,1,drc,COD,COD.7.4_1,1.0,1
CD9101,Kananga,CD91,Kasaï-Central,2024,331,331.0,331.0,1,drc,COD,COD.7.4_1,1.0,1
CD9101,Kananga,CD91,Kasaï-Central,2025,331,331.0,331.0,2,drc,COD,COD.7.4_1,1.0,1
CD9102,Dibaya,CD91,Kasaï-Central,2017,46458,38242.5,38242.5,2,drc,COD,COD.7.2_1,1.0,1
CD9102,Dibaya,CD91,Kasaï-Central,2018,132374,106202.66666666667,94141.0,3,drc,COD,COD.7.2_1,1.0,1
CD9102,Dibaya,CD91,Kasaï-Central,2019,98859,98859.0,98859.0,1,drc,COD,COD.7.2_1,1.0,1
CD9102,Dibaya,CD91,Kasaï-Central,2020,27722,27722.0,27722.0,1,drc,COD,COD.7.2_1,1.0,1
CD9102,Dibaya,CD91,Kasaï-Central,2023,1050,1050.0,1050.0,1,drc,COD,COD.7.2_1,1.0,1
CD9102,Dibaya,CD91,Kasaï-Central,2024,12960,12960.0,12960.0,1,drc,COD,COD.7.2_1,1.0,1
CD9102,Dibaya,CD91,Kasaï-Central,2025,12960,12960.0,12960.0,2,drc,COD,COD.7.2_1,1.0,1
CD9103,Tshimbulu,CD91,Kasaï-Central,2017,18197,18197.0,18197.0,1,drc,COD,COD.7.7_1,1.0,1
CD9104,Luiza,CD91,Kasaï-Central,2017,36083,26912.0,26912.0,2,drc,COD,COD.7.6_1,1.0,2
CD9104,Luiza,CD91,Kasaï-Central,2018,75809,65915.33333333333,62939.0,3,drc,COD,COD.7.6_1,1.0,2
CD9104,Luiza,CD91,Kasaï-Central,2020,65341,65341.0,65341.0,1,drc,COD,COD.7.6_1,1.0,2
CD9104,Luiza,CD91,Kasaï-Central,2023,61762,61762.0,61762.0,1,drc,COD,COD.7.6_1,1.0,2
CD9104,Luiza,CD91,Kasaï-Central,2024,3554,3554.0,3554.0,1,drc,COD,COD.7.6_1,1.0,2
CD9104,Luiza,CD91,Kasaï-Central,2025,3554,3554.0,3554.0,2,drc,COD,COD.7.6_1,1.0,2
CD9105,Kazumba,CD91,Kasaï-Central,2017,74103,40515.0,40515.0,2,drc,COD,COD.7.5_1,1.0,1
CD9105,Kazumba,CD91,Kasaï-Central,2018,329252,253442.0,239543.0,3,drc,COD,COD.7.5_1,1.0,1
CD9105,Kazumba,CD91,Kasaï-Central,2020,135897,135897.0,135897.0,1,drc,COD,COD.7.5_1,1.0,1
CD9105,Kazumba,CD91,Kasaï-Central,2023,8071,8071.0,8071.0,1,drc,COD,COD.7.5_1,1.0,1
CD9105,Kazumba,CD91,Kasaï-Central,2024,3462,3462.0,3462.0,1,drc,COD,COD.7.5_1,1.0,1
CD9105,Kazumba,CD91,Kasaï-Central,2025,3462,3462.0,3462.0,2,drc,COD,COD.7.5_1,1.0,1
CD9106,Demba,CD91,Kasaï-Central,2017,21338,14117.5,14117.5,2,drc,COD,COD.7.1_1,1.0,2
CD9106,Demba,CD91,Kasaï-Central,2018,265514,177238.0,142882.0,3,drc,COD,COD.7.1_1,1.0,2
CD9106,Demba,CD91,Kasaï-Central,2019,149150,149150.0,149150.0,1,drc,COD,COD.7.1_1,1.0,2
CD9106,Demba,CD91,Kasaï-Central,2020,75328,75328.0,75328.0,1,drc,COD,COD.7.1_1,1.0,2
CD9106,Demba,CD91,Kasaï-Central,2023,13823,13823.0,13823.0,1,drc,COD,COD.7.1_1,1.0,2
CD9106,Demba,CD91,Kasaï-Central,2024,1651,1651.0,1651.0,1,drc,COD,COD.7.1_1,1.0,2
CD9106,Demba,CD91,Kasaï-Central,2025,1651,1651.0,1651.0,2,drc,COD,COD.7.1_1,1.0,2
CD9107,Dimbelenge,CD91,Kasaï-Central,2017,61269,33197.5,33197.5,2,drc,COD,COD.7.3_1,1.0,2
CD9107,Dimbelenge,CD91,Kasaï-Central,2018,103630,75517.33333333333,63345.0,3,drc,COD,COD.7.3_1,1.0,2
CD9107,Dimbelenge,CD91,Kasaï-Central,2019,62929,62929.0,62929.0,1,drc,COD,COD.7.3_1,1.0,2
CD9107,Dimbelenge,CD91,Kasaï-Central,2020,26133,26133.0,26133.0,1,drc,COD,COD.7.3_1,1.0,2
CD9107,Dimbelenge,CD91,Kasaï-Central,2023,17909,17909.0,17909.0,1,drc,COD,COD.7.3_1,1.0,2
CD9107,Dimbelenge,CD91,Kasaï-Central,2024,3699,3699.0,3699.0,1,drc,COD,COD.7.3_1,1.0,2
CD9107,Dimbelenge,CD91,Kasaï-Central,2025,3699,3699.0,3699.0,2,drc,COD,COD.7.3_1,1.0,2
CD9201,Tshikapa,CD92,Kasaï,2018,261099,255499.0,252699.0,3,drc,COD,COD.9.8_1,1.0,2
CD9202,Kamonia,CD92,Kasaï,2018,104586,95706.66666666667,91267.0,3,drc,COD,COD.9.4_1,1.0,1
CD9202,Kamonia,CD92,Kasaï,2019,90143,90143.0,90143.0,1,drc,COD,COD.9.4_1,1.0,1
CD9202,Kamonia,CD92,Kasaï,2023,1850,1850.0,1850.0,1,drc,COD,COD.9.4_1,1.0,1
CD9202,Kamonia,CD92,Kasaï,2024,35364,35364.0,35364.0,1,drc,COD,COD.9.4_1,1.0,1
CD9202,Kamonia,CD92,Kasaï,2025,35364,35364.0,35364.0,2,drc,COD,COD.9.4_1,1.0,1
CD9204,Luebo,CD92,Kasaï,2018,28706,28706.0,28706.0,2,drc,COD,COD.9.5_1,1.0,2
CD9204,Luebo,CD92,Kasaï,2019,25498,25498.0,25498.0,1,drc,COD,COD.9.5_1,1.0,2
CD9204,Luebo,CD92,Kasaï,2023,5673,5673.0,5673.0,1,drc,COD,COD.9.5_1,1.0,2
CD9204,Luebo,CD92,Kasaï,2024,2987,2987.0,2987.0,1,drc,COD,COD.9.5_1,1.0,2
CD9204,Luebo,CD92,Kasaï,2025,2987,2987.0,2987.0,2,drc,COD,COD.9.5_1,1.0,2
CD9205,Ilebo,CD92,Kasaï,2018,12437,12437.0,12437.0,2,drc,COD,COD.9.2_1,1.0,2
CD9205,Ilebo,CD92,Kasaï,2023,11129,11129.0,11129.0,1,drc,COD,COD.9.2_1,1.0,2
CD9205,Ilebo,CD92,Kasaï,2024,3818,3818.0,3818.0,1,drc,COD,COD.9.2_1,1.0,2
CD9205,Ilebo,CD92,Kasaï,2025,3818,3818.0,3818.0,2,drc,COD,COD.9.2_1,1.0,2
CD9207,Mweka,CD92,Kasaï,2018,18335,18335.0,18335.0,3,drc,COD,COD.9.7_1,1.0,2
CD9207,Mweka,CD92,Kasaï,2023,15623,15623.0,15623.0,1,drc,COD,COD.9.7_1,1.0,2
CD9207,Mweka,CD92,Kasaï,2024,3131,3131.0,3131.0,1,drc,COD,COD.9.7_1,1.0,2
CD9207,Mweka,CD92,Kasaï,2025,3131,3131.0,3131.0,2,drc,COD,COD.9.7_1,1.0,2
CD9208,Dekese,CD92,Kasaï,2018,25955,25955.0,25955.0,2,drc,COD,COD.9.1_1,1.0,1
CD9208,Dekese,CD92,Kasaï,2023,6544,6544.0,6544.0,1,drc,COD,COD.9.1_1,1.0,1
CD9208,Dekese,CD92,Kasaï,2024,729,729.0,729.0,1,drc,COD,COD.9.1_1,1.0,1
CD9208,Dekese,CD92,Kasaï,2025,729,729.0,729.0,2,drc,COD,COD.9.1_1,1.0,1
YE1101,Al Qafr,YE11,Ibb,2015,1250,1250.0,1250.0,1,yemen,YEM,YEM.14.4_1,0.0,0
YE1101,Al Qafr,YE11,Ibb,2016,2118,1618.0,1614.0,3,yemen,YEM,YEM.14.4_1,0.0,0
YE1101,Al Qafr,YE11,Ibb,2017,3444,2658.8571428571427,2130.0,7,yemen,YEM,YEM.14.4_1,0.0,0
YE1101,Al Qafr,YE11,Ibb,2018,14010,7002.0,3552.0,3,yemen,YEM,YEM.14.4_1,0.0,0
YE1102,Yarim,YE11,Ibb,2015,2430,2430.0,2430.0,1,yemen,YEM,YEM.14.20_1,0.0,0
YE1102,Yarim,YE11,Ibb,2016,5484,3818.0,3804.0,3,yemen,YEM,YEM.14.20_1,0.0,0
YE1102,Yarim,YE11,Ibb,2017,10470,7878.857142857143,6174.0,7,yemen,YEM,YEM.14.20_1,0.0,0
YE1102,Yarim,YE11,Ibb,2018,10524,10408.0,10524.0,3,yemen,YEM,YEM.14.20_1,0.0,0
YE1103,Ar Radmah,YE11,Ibb,2015,250,250.0,250.0,1,yemen,YEM,YEM.14.7_1,0.0,0
YE1103,Ar Radmah,YE11,Ibb,2016,4182,2764.0,2814.0,3,yemen,YEM,YEM.14.7_1,0.0,0
YE1103,Ar Radmah,YE11,Ibb,2017,4530,4437.428571428572,4470.0,7,yemen,YEM,YEM.14.7_1,0.0,0
YE1103,Ar Radmah,YE11,Ibb,2018,4548,4540.0,4548.0,3,yemen,YEM,YEM.14.7_1,0.0,0
YE1104,An Nadirah,YE11,Ibb,2015,2705,2705.0,2705.0,1,yemen,YEM,YEM.14.6_1,0.0,0
YE1104,An Nadirah,YE11,Ibb,2016,5820,4752.0,4584.0,3,yemen,YEM,YEM.14.6_1,0.0,0
YE1104,An Nadirah,YE11,Ibb,2017,5322,5148.857142857143,5112.0,7,yemen,YEM,YEM.14.6_1,0.0,0
YE1104,An Nadirah,YE11,Ibb,2018,5928,5610.0,5556.0,3,yemen,YEM,YEM.14.6_1,0.0,0
YE1105,Ash Sha'ir,YE11,Ibb,2015,900,900.0,900.0,1,yemen,YEM,YEM.14.11_1,0.0,0
YE1105,Ash Sha'ir,YE11,Ibb,2016,2688,2344.0,2202.0,3,yemen,YEM,YEM.14.11_1,0.0,0
YE1105,Ash Sha'ir,YE11,Ibb,2017,2748,2377.714285714286,2244.0,7,yemen,YEM,YEM.14.11_1,0.0,0
YE1105,Ash Sha'ir,YE11,Ibb,2018,2466,2424.0,2466.0,3,yemen,YEM,YEM.14.11_1,0.0,0
YE1106,As Saddah,YE11,Ibb,2015,1750,1750.0,1750.0,1,yemen,YEM,YEM.14.9_1,0.0,0
YE1106,As Saddah,YE11,Ibb,2016,6030,4026.0,3096.0,3,yemen,YEM,YEM.14.9_1,0.0,0
YE1106,As Saddah,YE11,Ibb,2017,8478,7878.0,7902.0,7,yemen,YEM,YEM.14.9_1,0.0,0
YE1106,As Saddah,YE11,Ibb,2018,7608,6144.0,7608.0,3,yemen,YEM,YEM.14.9_1,0.0,0
YE1107,Al Makhadir,YE11,Ibb,2015,180,180.0,180.0,1,yemen,YEM,YEM.14.2_1,0.0,0
YE1107,Al Makhadir,YE11,Ibb,2016,1818,1346.0,1452.0,3,yemen,YEM,YEM.14.2_1,0.0,0
YE1107,Al Makhadir,YE11,Ibb,2017,2268,2138.5714285714284,2100.0,7,yemen,YEM,YEM.14.2_1,0.0,0
YE1107,Al Makhadir,YE11,Ibb,2018,2598,2388.0,2310.0,3,yemen,YEM,YEM.14.2_1,0.0,0
YE1108,Hobeish,YE11,Ibb,2015,2584,2584.0,2584.0,1,yemen,YEM,,,0
YE1108,Hobeish,YE11,Ibb,2016,1860,1414.0,1500.0,3,yemen,YEM,,,0
YE1108,Hobeish,YE11,Ibb,2017,1950,1902.857142857143,1902.0,7,yemen,YEM,,,0
YE1108,Hobeish,YE11,Ibb,2018,7626,3868.0,2076.0,3,yemen,YEM,,,0
YE1109,Hazm Al Odayn,YE11,Ibb,2015,1250,1250.0,1250.0,1,yemen,YEM,,,0
YE1109,Hazm Al Odayn,YE11,Ibb,2016,6918,5206.0,4698.0,3,yemen,YEM,,,0
YE1109,Hazm Al Odayn,YE11,Ibb,2017,8544,8020.285714285715,8076.0,7,yemen,YEM,,,0
YE1109,Hazm Al Odayn,YE11,Ibb,2018,13890,10394.0,8646.0,3,yemen,YEM,,,0
YE1110,Far' Al Odayn,YE11,Ibb,2015,4425,4425.0,4425.0,1,yemen,YEM,,,0
YE1110,Far' Al Odayn,YE11,Ibb,2016,6546,6098.0,6300.0,3,yemen,YEM,,,0
YE1110,Far' Al Odayn,YE11,Ibb,2017,6696,6156.0,6090.0,7,yemen,YEM,,,0
YE1110,Far' Al Odayn,YE11,Ibb,2018,15816,9740.0,6702.0,3,yemen,YEM,,,0
YE1111,Al Odayn,YE11,Ibb,2015,1777,1777.0,1777.0,1,yemen,YEM,,,0
YE1111,Al Odayn,YE11,Ibb,2016,2724,2300.0,2166.0,3,yemen,YEM,,,0
YE1111,Al Odayn,YE11,Ibb,2017,6660,4919.142857142857,4182.0,7,yemen,YEM,,,0
YE1111,Al Odayn,YE11,Ibb,2018,7062,6834.0,6744.0,3,yemen,YEM,,,0
YE1112,Jiblah,YE11,Ibb,2015,2987,2987.0,2987.0,1,yemen,YEM,YEM.14.18_1,0.0,0
YE1112,Jiblah,YE11,Ibb,2016,6882,5836.0,5970.0,3,yemen,YEM,YEM.14.18_1,0.0,0
YE1112,Jiblah,YE11,Ibb,2017,8040,7769.142857142857,7776.0,7,yemen,YEM,YEM.14.18_1,0.0,0
YE1112,Jiblah,YE11,Ibb,2018,11358,9636.0,9858.0,3,yemen,YEM,YEM.14.18_1,0.0,0
YE1113,Ba'dan,YE11,Ibb,2015,3571,3571.0,3571.0,1,yemen,YEM,YEM.14.12_1,0.0,0
YE1113,Ba'dan,YE11,Ibb,2016,5826,5344.0,5358.0,3,yemen,YEM,YEM.14.12_1,0.0,0
YE1113,Ba'dan,YE11,Ibb,2017,6246,5362.285714285715,5826.0,7,yemen,YEM,YEM.14.12_1,0.0,0
YE1113,Ba'dan,YE11,Ibb,2018,6192,4968.0,4356.0,3,yemen,YEM,YEM.14.12_1,0.0,0
YE1114,As Sabrah,YE11,Ibb,2015,4200,4200.0,4200.0,1,yemen,YEM,YEM.14.8_1,0.0,0
YE1114,As Sabrah,YE11,Ibb,2016,10986,7290.0,5562.0,3,yemen,YEM,YEM.14.8_1,0.0,0
YE1114,As Sabrah,YE11,Ibb,2017,4728,4444.285714285715,4560.0,7,yemen,YEM,YEM.14.8_1,0.0,0
YE1114,As Sabrah,YE11,Ibb,2018,4626,4086.0,4620.0,3,yemen,YEM,YEM.14.8_1,0.0,0
YE1115,As Saiyani,YE11,Ibb,2015,4079,4079.0,4079.0,1,yemen,YEM,,,0
YE1115,As Saiyani,YE11,Ibb,2016,8760,8226.0,8544.0,3,yemen,YEM,,,0
YE1115,As Saiyani,YE11,Ibb,2017,8988,8188.285714285715,8574.0,7,yemen,YEM,,,0
YE1115,As Saiyani,YE11,Ibb,2018,10818,9352.0,8820.0,3,yemen,YEM,,,0
YE1116,Dhi As Sufal,YE11,Ibb,2015,7101,7101.0,7101.0,1,yemen,YEM,YEM.14.13_1,0.0,0
YE1116,Dhi As Sufal,YE11,Ibb,2016,27714,25198.0,27066.0,3,yemen,YEM,YEM.14.13_1,0.0,0
YE1116,Dhi As Sufal,YE11,Ibb,2017,28428,28274.571428571428,28344.0,7,yemen,YEM,YEM.14.13_1,0.0,0
YE1116,Dhi As Sufal,YE11,Ibb,2018,35442,31140.0,29052.0,3,yemen,YEM,YEM.14.13_1,0.0,0
YE1117,Mudhaykhirah,YE11,Ibb,2015,5100,5100.0,5100.0,1,yemen,YEM,YEM.14.19_1,0.0,0
YE1117,Mudhaykhirah,YE11,Ibb,2016,11544,10196.0,11178.0,3,yemen,YEM,YEM.14.19_1,0.0,0
YE1117,Mudhaykhirah,YE11,Ibb,2017,11226,10632.0,10722.0,7,yemen,YEM,YEM.14.19_1,0.0,0
YE1117,Mudhaykhirah,YE11,Ibb,2018,10374,10072.0,10332.0,3,yemen,YEM,YEM.14.19_1,0.0,0
YE1118,Al Mashannah,YE11,Ibb,2015,3369,3369.0,3369.0,1,yemen,YEM,YEM.14.3_1,0.0,0
YE1118,Al Mashannah,YE11,Ibb,2016,5898,5390.0,5706.0,3,yemen,YEM,YEM.14.3_1,0.0,0
YE1118,Al Mashannah,YE11,Ibb,2017,7614,7396.285714285715,7386.0,7,yemen,YEM,YEM.14.3_1,0.0,0
YE1118,Al Mashannah,YE11,Ibb,2018,19332,13160.0,12486.0,3,yemen,YEM,YEM.14.3_1,0.0,0
YE1119,Adh Dhihar,YE11,Ibb,2015,5020,5020.0,5020.0,1,yemen,YEM,,,0
YE1119,Adh Dhihar,YE11,Ibb,2016,7302,6832.0,6930.0,3,yemen,YEM,,,0
YE1119,Adh Dhihar,YE11,Ibb,2017,12282,10638.0,10206.0,7,yemen,YEM,,,0
YE1119,Adh Dhihar,YE11,Ibb,2018,38400,28632.0,35100.0,3,yemen,YEM,,,0
YE1120,Ibb,YE11,Ibb,2015,2060,2060.0,2060.0,1,yemen,YEM,YEM.14.17_1,0.0,0
YE1120,Ibb,YE11,Ibb,2016,3348,3012.0,2934.0,3,yemen,YEM,YEM.14.17_1,0.0,0
YE1120,Ibb,YE11,Ibb,2017,4350,4194.857142857143,4176.0,7,yemen,YEM,YEM.14.17_1,0.0,0
YE1120,Ibb,YE11,Ibb,2018,5610,4820.0,4644.0,3,yemen,YEM,YEM.14.17_1,0.0,0
YE1201,Al Mahfad,YE12,Abyan,2016,4518,3586.0,3690.0,3,yemen,YEM,YEM.2.2_1,0.0,0
YE1201,Al Mahfad,YE12,Abyan,2017,2274,1203.4285714285713,888.0,7,yemen,YEM,YEM.2.2_1,0.0,0
YE1201,Al Mahfad,YE12,Abyan,2018,762,706.2857142857143,714.0,7,yemen,YEM,YEM.2.2_1,0.0,0
YE1201,Al Mahfad,YE12,Abyan,2022,385,385.0,385.0,1,yemen,YEM,YEM.2.2_1,0.0,0
YE1201,Al Mahfad,YE12,Abyan,2023,401,401.0,401.0,1,yemen,YEM,YEM.2.2_1,0.0,0
YE1201,Al Mahfad,YE12,Abyan,2025,434,434.0,434.0,1,yemen,YEM,YEM.2.2_1,0.0,0
YE1202,Mudiyah,YE12,Abyan,2016,768,562.0,756.0,3,yemen,YEM,YEM.2.7_1,0.0,0
YE1202,Mudiyah,YE12,Abyan,2017,228,216.0,210.0,7,yemen,YEM,YEM.2.7_1,0.0,0
YE1202,Mudiyah,YE12,Abyan,2018,654,309.42857142857144,252.0,7,yemen,YEM,YEM.2.7_1,0.0,0
YE1202,Mudiyah,YE12,Abyan,2022,716,716.0,716.0,1,yemen,YEM,YEM.2.7_1,0.0,0
YE1202,Mudiyah,YE12,Abyan,2023,1346,1346.0,1346.0,1,yemen,YEM,YEM.2.7_1,0.0,0
YE1202,Mudiyah,YE12,Abyan,2025,1168,1168.0,1168.0,1,yemen,YEM,YEM.2.7_1,0.0,0
YE1203,Jayshan,YE12,Abyan,2016,96,92.0,90.0,3,yemen,YEM,YEM.2.4_1,0.0,0
YE1203,Jayshan,YE12,Abyan,2017,282,224.57142857142858,228.0,7,yemen,YEM,YEM.2.4_1,0.0,0
YE1203,Jayshan,YE12,Abyan,2018,300,274.2857142857143,288.0,7,yemen,YEM,YEM.2.4_1,0.0,0
YE1203,Jayshan,YE12,Abyan,2022,475,475.0,475.0,1,yemen,YEM,YEM.2.4_1,0.0,0
YE1203,Jayshan,YE12,Abyan,2023,561,561.0,561.0,1,yemen,YEM,YEM.2.4_1,0.0,0
YE1203,Jayshan,YE12,Abyan,2025,623,623.0,623.0,1,yemen,YEM,YEM.2.4_1,0.0,0
YE1204,Lawdar,YE12,Abyan,2016,2478,2432.0,2472.0,3,yemen,YEM,YEM.2.6_1,0.0,0
YE1204,Lawdar,YE12,Abyan,2017,2724,2253.4285714285716,2550.0,7,yemen,YEM,YEM.2.6_1,0.0,0
YE1204,Lawdar,YE12,Abyan,2018,3528,3173.1428571428573,3294.0,7,yemen,YEM,YEM.2.6_1,0.0,0
YE1204,Lawdar,YE12,Abyan,2022,16409,16409.0,16409.0,1,yemen,YEM,YEM.2.6_1,0.0,0
YE1204,Lawdar,YE12,Abyan,2023,12395,12395.0,12395.0,1,yemen,YEM,YEM.2.6_1,0.0,0
YE1204,Lawdar,YE12,Abyan,2025,12148,12148.0,12148.0,1,yemen,YEM,YEM.2.6_1,0.0,0
YE1205,Sibah,YE12,Abyan,2016,1392,1360.0,1392.0,3,yemen,YEM,YEM.2.10_1,0.0,0
YE1205,Sibah,YE12,Abyan,2017,1488,1242.0,1218.0,7,yemen,YEM,YEM.2.10_1,0.0,0
YE1205,Sibah,YE12,Abyan,2018,1032,981.4285714285714,966.0,7,yemen,YEM,YEM.2.10_1,0.0,0
YE1205,Sibah,YE12,Abyan,2022,2730,2730.0,2730.0,1,yemen,YEM,YEM.2.10_1,0.0,0
YE1205,Sibah,YE12,Abyan,2023,3042,3042.0,3042.0,1,yemen,YEM,YEM.2.10_1,0.0,0
YE1205,Sibah,YE12,Abyan,2025,3556,3556.0,3556.0,1,yemen,YEM,YEM.2.10_1,0.0,0
YE1206,Rassd,YE12,Abyan,2016,4728,3612.0,3054.0,3,yemen,YEM,,,0
YE1206,Rassd,YE12,Abyan,2017,1446,1209.4285714285713,1176.0,7,yemen,YEM,,,0
YE1206,Rassd,YE12,Abyan,2018,1062,862.2857142857143,834.0,7,yemen,YEM,,,0
YE1206,Rassd,YE12,Abyan,2022,824,824.0,824.0,1,yemen,YEM,,,0
YE1206,Rassd,YE12,Abyan,2023,1087,1087.0,1087.0,1,yemen,YEM,,,0
YE1206,Rassd,YE12,Abyan,2025,1040,1040.0,1040.0,1,yemen,YEM,,,0
YE1207,Sarar,YE12,Abyan,2016,924,836.0,816.0,3,yemen,YEM,YEM.2.9_1,0.0,0
YE1207,Sarar,YE12,Abyan,2017,726,533.1428571428571,522.0,7,yemen,YEM,YEM.2.9_1,0.0,0
YE1207,Sarar,YE12,Abyan,2018,498,395.14285714285717,378.0,7,yemen,YEM,YEM.2.9_1,0.0,0
YE1207,Sarar,YE12,Abyan,2022,249,249.0,249.0,1,yemen,YEM,YEM.2.9_1,0.0,0
YE1207,Sarar,YE12,Abyan,2023,303,303.0,303.0,1,yemen,YEM,YEM.2.9_1,0.0,0
YE1207,Sarar,YE12,Abyan,2025,300,300.0,300.0,1,yemen,YEM,YEM.2.9_1,0.0,0
YE1208,Al Wadi',YE12,Abyan,2015,6897,6897.0,6897.0,1,yemen,YEM,,,0
YE1208,Al Wadi',YE12,Abyan,2016,762,684.0,678.0,3,yemen,YEM,,,0
YE1208,Al Wadi',YE12,Abyan,2017,924,768.0,696.0,7,yemen,YEM,,,0
YE1208,Al Wadi',YE12,Abyan,2018,954,906.0,954.0,7,yemen,YEM,,,0
YE1208,Al Wadi',YE12,Abyan,2022,647,647.0,647.0,1,yemen,YEM,,,0
YE1208,Al Wadi',YE12,Abyan,2023,655,655.0,655.0,1,yemen,YEM,,,0
YE1208,Al Wadi',YE12,Abyan,2025,402,402.0,402.0,1,yemen,YEM,,,0
YE1209,Ahwar,YE12,Abyan,2015,27908,27908.0,27908.0,1,yemen,YEM,YEM.2.1_1,0.0,0
YE1209,Ahwar,YE12,Abyan,2016,204,200.0,204.0,3,yemen,YEM,YEM.2.1_1,0.0,0
YE1209,Ahwar,YE12,Abyan,2017,192,150.85714285714286,150.0,7,yemen,YEM,YEM.2.1_1,0.0,0
YE1209,Ahwar,YE12,Abyan,2018,354,292.2857142857143,354.0,7,yemen,YEM,YEM.2.1_1,0.0,0
YE1209,Ahwar,YE12,Abyan,2022,456,456.0,456.0,1,yemen,YEM,YEM.2.1_1,0.0,0
YE1209,Ahwar,YE12,Abyan,2023,530,530.0,530.0,1,yemen,YEM,YEM.2.1_1,0.0,0
YE1209,Ahwar,YE12,Abyan,2025,671,671.0,671.0,1,yemen,YEM,YEM.2.1_1,0.0,0
YE1210,Zinjibar,YE12,Abyan,2015,5540,5540.0,5540.0,1,yemen,YEM,,,0
YE1210,Zinjibar,YE12,Abyan,2016,1242,1008.0,900.0,3,yemen,YEM,,,0
YE1210,Zinjibar,YE12,Abyan,2017,3714,2971.714285714286,3384.0,7,yemen,YEM,,,0
YE1210,Zinjibar,YE12,Abyan,2018,7548,6583.714285714285,6858.0,7,yemen,YEM,,,0
YE1210,Zinjibar,YE12,Abyan,2022,7380,7380.0,7380.0,1,yemen,YEM,,,0
YE1210,Zinjibar,YE12,Abyan,2023,7397,7397.0,7397.0,1,yemen,YEM,,,0
YE1210,Zinjibar,YE12,Abyan,2025,7515,7515.0,7515.0,1,yemen,YEM,,,0
YE1211,Khanfar,YE12,Abyan,2015,12196,12196.0,12196.0,1,yemen,YEM,,,0
YE1211,Khanfar,YE12,Abyan,2016,3402,3046.0,2940.0,3,yemen,YEM,,,0
YE1211,Khanfar,YE12,Abyan,2017,5334,4355.142857142857,4554.0,7,yemen,YEM,,,0
YE1211,Khanfar,YE12,Abyan,2018,20496,16058.57142857143,17832.0,7,yemen,YEM,,,0
YE1211,Khanfar,YE12,Abyan,2022,13002,13002.0,13002.0,1,yemen,YEM,,,0
YE1211,Khanfar,YE12,Abyan,2023,15775,15775.0,15775.0,1,yemen,YEM,,,0
YE1211,Khanfar,YE12,Abyan,2025,14869,14869.0,14869.0,1,yemen,YEM,,,0
YE1301,Old City,YE13,Sana'a City,2015,6,6.0,6.0,1,yemen,YEM,YEM.9.9_1,0.0,0
YE1301,Old City,YE13,Sana'a City,2016,996,882.75,915.0,4,yemen,YEM,YEM.9.9_1,0.0,0
YE1301,Old City,YE13,Sana'a City,2017,1332,1234.5,1281.0,4,yemen,YEM,YEM.9.9_1,0.0,0
YE1301,Old City,YE13,Sana'a City,2018,4296,3006.0,3006.0,2,yemen,YEM,YEM.9.9_1,0.0,0
YE1302,Shu'ub,YE13,Sana'a City,2015,5619,5619.0,5619.0,1,yemen,YEM,,,0
YE1302,Shu'ub,YE13,Sana'a City,2016,17160,15550.5,15477.0,4,yemen,YEM,,,0
YE1302,Shu'ub,YE13,Sana'a City,2017,20874,19489.5,19956.0,4,yemen,YEM,,,0
YE1302,Shu'ub,YE13,Sana'a City,2018,25314,19290.0,19290.0,2,yemen,YEM,,,0
YE1303,Azaal,YE13,Sana'a City,2015,102,102.0,102.0,1,yemen,YEM,,,0
YE1303,Azaal,YE13,Sana'a City,2016,4728,3759.0,3663.0,4,yemen,YEM,,,0
YE1303,Azaal,YE13,Sana'a City,2017,4692,4284.0,4212.0,4,yemen,YEM,,,0
YE1303,Azaal,YE13,Sana'a City,2018,5694,5607.0,5607.0,2,yemen,YEM,,,0
YE1304,As Safiyah,YE13,Sana'a City,2015,335,335.0,335.0,1,yemen,YEM,,,0
YE1304,As Safiyah,YE13,Sana'a City,2016,4086,3858.0,3945.0,4,yemen,YEM,,,0
YE1304,As Safiyah,YE13,Sana'a City,2017,3984,3915.0,3978.0,4,yemen,YEM,,,0
YE1304,As Safiyah,YE13,Sana'a City,2018,14862,10182.0,10182.0,2,yemen,YEM,,,0
YE1305,As Sab'in,YE13,Sana'a City,2015,165,165.0,165.0,1,yemen,YEM,,,0
YE1305,As Sab'in,YE13,Sana'a City,2016,45744,39498.0,40629.0,4,yemen,YEM,,,0
YE1305,As Sab'in,YE13,Sana'a City,2017,46152,41710.5,41028.0,4,yemen,YEM,,,0
YE1305,As Sab'in,YE13,Sana'a City,2018,52782,33669.0,33669.0,2,yemen,YEM,,,0
YE1306,Al Wehdah,YE13,Sana'a City,2015,1036,1036.0,1036.0,1,yemen,YEM,,,0
YE1306,Al Wehdah,YE13,Sana'a City,2016,13146,10449.5,10318.0,4,yemen,YEM,,,0
YE1306,Al Wehdah,YE13,Sana'a City,2017,8250,7840.5,8202.0,4,yemen,YEM,,,0
YE1306,Al Wehdah,YE13,Sana'a City,2018,10542,7776.0,7776.0,2,yemen,YEM,,,0
YE1307,At Tahrir,YE13,Sana'a City,2015,61,61.0,61.0,1,yemen,YEM,YEM.9.4_1,0.0,0
YE1307,At Tahrir,YE13,Sana'a City,2016,3138,2770.5,2805.0,4,yemen,YEM,YEM.9.4_1,0.0,0
YE1307,At Tahrir,YE13,Sana'a City,2017,3726,3315.0,3600.0,4,yemen,YEM,YEM.9.4_1,0.0,0
YE1307,At Tahrir,YE13,Sana'a City,2018,4932,4407.0,4407.0,2,yemen,YEM,YEM.9.4_1,0.0,0
YE1308,Ma'in,YE13,Sana'a City,2015,478,478.0,478.0,1,yemen,YEM,,,0
YE1308,Ma'in,YE13,Sana'a City,2016,35310,33191.75,33372.0,4,yemen,YEM,,,0
YE1308,Ma'in,YE13,Sana'a City,2017,32772,28650.0,27834.0,4,yemen,YEM,,,0
YE1308,Ma'in,YE13,Sana'a City,2018,51060,45306.0,45306.0,2,yemen,YEM,,,0
YE1309,Ath Thawrah,YE13,Sana'a City,2015,389,389.0,389.0,1,yemen,YEM,,,0
YE1309,Ath Thawrah,YE13,Sana'a City,2016,14798,13799.0,13593.0,4,yemen,YEM,,,0
YE1309,Ath Thawrah,YE13,Sana'a City,2017,13050,12280.5,12102.0,4,yemen,YEM,,,0
YE1309,Ath Thawrah,YE13,Sana'a City,2018,17202,14196.0,14196.0,2,yemen,YEM,,,0
YE1310,Bani Al Harith,YE13,Sana'a City,2015,1048,1048.0,1048.0,1,yemen,YEM,YEM.9.7_1,1.0,0
YE1310,Bani Al Harith,YE13,Sana'a City,2016,35526,29111.5,28281.0,4,yemen,YEM,YEM.9.7_1,1.0,0
YE1310,Bani Al Harith,YE13,Sana'a City,2017,36684,36255.0,36186.0,4,yemen,YEM,YEM.9.7_1,1.0,0
YE1310,Bani Al Harith,YE13,Sana'a City,2018,119922,86103.0,86103.0,2,yemen,YEM,YEM.9.7_1,1.0,0
YE1401,Nu'man,YE14,Al Bayda,2016,504,500.0,504.0,3,yemen,YEM,,,0
YE1401,Nu'man,YE14,Al Bayda,2017,612,519.4285714285714,504.0,7,yemen,YEM,,,0
YE1401,Nu'man,YE14,Al Bayda,2018,1986,1070.0,612.0,3,yemen,YEM,,,0
YE1401,Nu'man,YE14,Al Bayda,2023,333,333.0,333.0,1,yemen,YEM,,,0
YE1401,Nu'man,YE14,Al Bayda,2025,287,287.0,287.0,1,yemen,YEM,,,0
YE1402,Nati',YE14,Al Bayda,2016,312,312.0,312.0,3,yemen,YEM,YEM.3.16_1,0.0,0
YE1402,Nati',YE14,Al Bayda,2017,312,312.0,312.0,7,yemen,YEM,YEM.3.16_1,0.0,0
YE1402,Nati',YE14,Al Bayda,2018,2778,1134.0,312.0,3,yemen,YEM,YEM.3.16_1,0.0,0
YE1402,Nati',YE14,Al Bayda,2023,232,232.0,232.0,1,yemen,YEM,YEM.3.16_1,0.0,0
YE1402,Nati',YE14,Al Bayda,2025,231,231.0,231.0,1,yemen,YEM,YEM.3.16_1,0.0,0
YE1403,Maswarah,YE14,Al Bayda,2016,78,62.0,78.0,3,yemen,YEM,YEM.3.13_1,0.0,0
YE1403,Maswarah,YE14,Al Bayda,2017,276,145.71428571428572,78.0,7,yemen,YEM,YEM.3.13_1,0.0,0
YE1403,Maswarah,YE14,Al Bayda,2018,738,430.0,276.0,3,yemen,YEM,YEM.3.13_1,0.0,0
YE1404,As Sawma'ah,YE14,Al Bayda,2016,636,600.0,630.0,3,yemen,YEM,YEM.3.8_1,0.0,0
YE1404,As Sawma'ah,YE14,Al Bayda,2017,1974,1095.4285714285713,1026.0,7,yemen,YEM,YEM.3.8_1,0.0,0
YE1404,As Sawma'ah,YE14,Al Bayda,2018,1440,1208.0,1092.0,3,yemen,YEM,YEM.3.8_1,0.0,0
YE1405,Az Zahir,YE14,Al Bayda,2016,1440,1348.0,1302.0,3,yemen,YEM,YEM.3.11_1,0.0,0
YE1405,Az Zahir,YE14,Al Bayda,2016,1440,1348.0,1302.0,3,yemen,YEM,YEM.6.8_1,1.0,0
YE1405,Az Zahir,YE14,Al Bayda,2017,1302,1272.857142857143,1302.0,7,yemen,YEM,YEM.3.11_1,0.0,0
YE1405,Az Zahir,YE14,Al Bayda,2017,1302,1272.857142857143,1302.0,7,yemen,YEM,YEM.6.8_1,1.0,0
YE1405,Az Zahir,YE14,Al Bayda,2018,1302,1186.0,1302.0,3,yemen,YEM,YEM.3.11_1,0.0,0
YE1405,Az Zahir,YE14,Al Bayda,2018,1302,1186.0,1302.0,3,yemen,YEM,YEM.6.8_1,1.0,0
YE1406,Dhi Na'im,YE14,Al Bayda,2016,1110,1110.0,1110.0,3,yemen,YEM,YEM.3.12_1,0.0,0
YE1406,Dhi Na'im,YE14,Al Bayda,2017,1296,1168.2857142857142,1152.0,7,yemen,YEM,YEM.3.12_1,0.0,0
YE1406,Dhi Na'im,YE14,Al Bayda,2018,2928,1840.0,1296.0,3,yemen,YEM,YEM.3.12_1,0.0,0
YE1407,At Taffah,YE14,Al Bayda,2016,312,312.0,312.0,3,yemen,YEM,YEM.3.10_1,0.0,0
YE1407,At Taffah,YE14,Al Bayda,2017,366,336.0,318.0,7,yemen,YEM,YEM.3.10_1,0.0,0
YE1407,At Taffah,YE14,Al Bayda,2018,876,536.0,366.0,3,yemen,YEM,YEM.3.10_1,0.0,0
YE1408,Mukayras,YE14,Al Bayda,2016,4104,3814.0,3828.0,3,yemen,YEM,YEM.3.14_1,0.0,0
YE1408,Mukayras,YE14,Al Bayda,2017,3510,3290.5714285714284,3288.0,7,yemen,YEM,YEM.3.14_1,0.0,0
YE1408,Mukayras,YE14,Al Bayda,2018,3624,3442.0,3378.0,3,yemen,YEM,YEM.3.14_1,0.0,0
YE1409,Al Bayda City,YE14,Al Bayda,2015,5855,5855.0,5855.0,1,yemen,YEM,YEM.3.3_1,0.0,0
YE1409,Al Bayda City,YE14,Al Bayda,2016,5922,5698.0,5922.0,3,yemen,YEM,YEM.3.3_1,0.0,0
YE1409,Al Bayda City,YE14,Al Bayda,2017,6756,6175.714285714285,6132.0,7,yemen,YEM,YEM.3.3_1,0.0,0
YE1409,Al Bayda City,YE14,Al Bayda,2018,10296,8788.0,8034.0,3,yemen,YEM,YEM.3.3_1,0.0,0
YE1410,Al Bayda,YE14,Al Bayda,2016,3504,3314.0,3402.0,3,yemen,YEM,YEM.3.2_1,0.0,0
YE1410,Al Bayda,YE14,Al Bayda,2017,3522,3290.5714285714284,3396.0,7,yemen,YEM,YEM.3.2_1,0.0,0
YE1410,Al Bayda,YE14,Al Bayda,2018,6198,4426.0,4068.0,3,yemen,YEM,YEM.3.2_1,0.0,0
YE1411,As Sawadiyah,YE14,Al Bayda,2016,270,270.0,270.0,3,yemen,YEM,YEM.3.7_1,0.0,0
YE1411,As Sawadiyah,YE14,Al Bayda,2017,558,385.7142857142857,270.0,7,yemen,YEM,YEM.3.7_1,0.0,0
YE1411,As Sawadiyah,YE14,Al Bayda,2018,1740,952.0,558.0,3,yemen,YEM,YEM.3.7_1,0.0,0
YE1412,Radman,YE14,Al Bayda,2016,600,580.0,570.0,3,yemen,YEM,,,0
YE1412,Radman,YE14,Al Bayda,2017,744,600.0,570.0,7,yemen,YEM,,,0
YE1412,Radman,YE14,Al Bayda,2018,1482,1330.0,1254.0,3,yemen,YEM,,,0
YE1413,Rada',YE14,Al Bayda,2015,1820,1820.0,1820.0,1,yemen,YEM,,,0
YE1413,Rada',YE14,Al Bayda,2016,6108,5190.0,4842.0,3,yemen,YEM,,,0
YE1413,Rada',YE14,Al Bayda,2017,5604,4699.714285714285,5190.0,7,yemen,YEM,,,0
YE1413,Rada',YE14,Al Bayda,2018,8472,6270.0,5580.0,3,yemen,YEM,,,0
YE1414,Al Quraishyah,YE14,Al Bayda,2016,2118,1370.0,1170.0,3,yemen,YEM,YEM.3.5_1,0.0,0
YE1414,Al Quraishyah,YE14,Al Bayda,2017,1662,1294.2857142857142,1326.0,7,yemen,YEM,YEM.3.5_1,0.0,0
YE1414,Al Quraishyah,YE14,Al Bayda,2018,3570,2352.0,1764.0,3,yemen,YEM,YEM.3.5_1,0.0,0
YE1415,Wald Rabi',YE14,Al Bayda,2016,1458,1150.0,1092.0,3,yemen,YEM,YEM.3.20_1,0.0,0
YE1415,Wald Rabi',YE14,Al Bayda,2017,4314,3473.1428571428573,3846.0,7,yemen,YEM,YEM.3.20_1,0.0,0
YE1415,Wald Rabi',YE14,Al Bayda,2018,4416,3584.0,4122.0,3,yemen,YEM,YEM.3.20_1,0.0,0
YE1416,Al Arsh,YE14,Al Bayda,2016,2874,2378.0,2208.0,3,yemen,YEM,,,0
YE1416,Al Arsh,YE14,Al Bayda,2017,2094,1939.7142857142858,2046.0,7,yemen,YEM,,,0
YE1416,Al Arsh,YE14,Al Bayda,2018,2646,2066.0,1776.0,3,yemen,YEM,,,0
YE1417,Sabah,YE14,Al Bayda,2016,3006,2294.0,1974.0,3,yemen,YEM,YEM.3.19_1,0.0,0
YE1417,Sabah,YE14,Al Bayda,2017,1686,1469.142857142857,1512.0,7,yemen,YEM,YEM.3.19_1,0.0,0
YE1417,Sabah,YE14,Al Bayda,2018,1734,1454.0,1314.0,3,yemen,YEM,YEM.3.19_1,0.0,0
YE1418,Ar Ryashyyah,YE14,Al Bayda,2016,3048,2634.0,2550.0,3,yemen,YEM,YEM.3.6_1,0.0,0
YE1418,Ar Ryashyyah,YE14,Al Bayda,2017,2208,1770.857142857143,1980.0,7,yemen,YEM,YEM.3.6_1,0.0,0
YE1418,Ar Ryashyyah,YE14,Al Bayda,2018,4266,2692.0,1944.0,3,yemen,YEM,YEM.3.6_1,0.0,0
YE1419,Ash Sharyah,YE14,Al Bayda,2016,876,794.0,780.0,3,yemen,YEM,YEM.3.9_1,0.0,0
YE1419,Ash Sharyah,YE14,Al Bayda,2017,798,668.5714285714286,690.0,7,yemen,YEM,YEM.3.9_1,0.0,0
YE1419,Ash Sharyah,YE14,Al Bayda,2018,2478,1226.0,600.0,3,yemen,YEM,YEM.3.9_1,0.0,0
YE1420,Al Malajim,YE14,Al Bayda,2016,384,384.0,384.0,3,yemen,YEM,,,0
YE1420,Al Malajim,YE14,Al Bayda,2017,384,384.0,384.0,7,yemen,YEM,,,0
YE1420,Al Malajim,YE14,Al Bayda,2018,1788,852.0,384.0,3,yemen,YEM,,,0
YE1501,Mawiyah,YE15,Ta'iz,2016,5562,4950.0,5358.0,3,yemen,YEM,YEM.21.17_1,0.0,0
YE1501,Mawiyah,YE15,Ta'iz,2017,9960,8023.714285714285,7866.0,7,yemen,YEM,YEM.21.17_1,0.0,0
YE1501,Mawiyah,YE15,Ta'iz,2018,14562,11369.0,10845.0,6,yemen,YEM,YEM.21.17_1,0.0,0
YE1502,Shar'ab As Salam,YE15,Ta'iz,2016,31434,24602.0,31434.0,3,yemen,YEM,,,0
YE1502,Shar'ab As Salam,YE15,Ta'iz,2017,14820,12861.42857142857,13710.0,7,yemen,YEM,,,0
YE1502,Shar'ab As Salam,YE15,Ta'iz,2018,21882,15619.0,14436.0,6,yemen,YEM,,,0
YE1503,Shar'ab Ar Rawnah,YE15,Ta'iz,2016,43686,22908.0,18654.0,3,yemen,YEM,,,0
YE1503,Shar'ab Ar Rawnah,YE15,Ta'iz,2017,13500,10650.0,11910.0,7,yemen,YEM,,,0
YE1503,Shar'ab Ar Rawnah,YE15,Ta'iz,2018,20538,15196.0,14220.0,6,yemen,YEM,,,0
YE1504,Maqbanah,YE15,Ta'iz,2015,947,947.0,947.0,1,yemen,YEM,YEM.21.15_1,0.0,0
YE1504,Maqbanah,YE15,Ta'iz,2016,17262,14836.0,14724.0,3,yemen,YEM,YEM.21.15_1,0.0,0
YE1504,Maqbanah,YE15,Ta'iz,2017,17424,15837.42857142857,15948.0,7,yemen,YEM,YEM.21.15_1,0.0,0
YE1504,Maqbanah,YE15,Ta'iz,2018,26472,18429.0,17277.0,6,yemen,YEM,YEM.21.15_1,0.0,0
YE1504,Maqbanah,YE15,Ta'iz,2022,19315,19315.0,19315.0,1,yemen,YEM,YEM.21.15_1,0.0,0
YE1504,Maqbanah,YE15,Ta'iz,2023,18275,18275.0,18275.0,1,yemen,YEM,YEM.21.15_1,0.0,0
YE1504,Maqbanah,YE15,Ta'iz,2025,15500,15500.0,15500.0,1,yemen,YEM,YEM.21.15_1,0.0,0
YE1505,Al Makha,YE15,Ta'iz,2015,720,720.0,720.0,1,yemen,YEM,,,0
YE1505,Al Makha,YE15,Ta'iz,2016,882,678.0,576.0,3,yemen,YEM,,,0
YE1505,Al Makha,YE15,Ta'iz,2017,25122,13495.714285714286,12678.0,7,yemen,YEM,,,0
YE1505,Al Makha,YE15,Ta'iz,2018,29382,26996.0,27864.0,6,yemen,YEM,,,0
YE1505,Al Makha,YE15,Ta'iz,2022,15250,15250.0,15250.0,1,yemen,YEM,,,0
YE1505,Al Makha,YE15,Ta'iz,2023,19385,19385.0,19385.0,1,yemen,YEM,,,0
YE1505,Al Makha,YE15,Ta'iz,2025,21218,21218.0,21218.0,1,yemen,YEM,,,0
YE1506,Dhubab,YE15,Ta'iz,2016,34782,31106.0,32544.0,3,yemen,YEM,YEM.21.11_1,0.0,0
YE1506,Dhubab,YE15,Ta'iz,2017,34800,19633.714285714286,14832.0,7,yemen,YEM,YEM.21.11_1,0.0,0
YE1506,Dhubab,YE15,Ta'iz,2018,15816,15347.0,15651.0,6,yemen,YEM,YEM.21.11_1,0.0,0
YE1506,Dhubab,YE15,Ta'iz,2022,2951,2951.0,2951.0,1,yemen,YEM,YEM.21.11_1,0.0,0
YE1506,Dhubab,YE15,Ta'iz,2023,3829,3829.0,3829.0,1,yemen,YEM,YEM.21.11_1,0.0,0
YE1506,Dhubab,YE15,Ta'iz,2025,3870,3870.0,3870.0,1,yemen,YEM,YEM.21.11_1,0.0,0
YE1507,Mawza',YE15,Ta'iz,2016,4056,3600.0,3444.0,3,yemen,YEM,,,0
YE1507,Mawza',YE15,Ta'iz,2017,10572,3450.0,3042.0,7,yemen,YEM,,,0
YE1507,Mawza',YE15,Ta'iz,2018,6384,4347.0,4044.0,6,yemen,YEM,,,0
YE1507,Mawza',YE15,Ta'iz,2022,4497,4497.0,4497.0,1,yemen,YEM,,,0
YE1507,Mawza',YE15,Ta'iz,2023,6822,6822.0,6822.0,1,yemen,YEM,,,0
YE1507,Mawza',YE15,Ta'iz,2025,8189,8189.0,8189.0,1,yemen,YEM,,,0
YE1508,Jabal Habashi,YE15,Ta'iz,2016,17190,13522.0,15732.0,3,yemen,YEM,,,0
YE1508,Jabal Habashi,YE15,Ta'iz,2017,17730,14961.42857142857,15342.0,7,yemen,YEM,,,0
YE1508,Jabal Habashi,YE15,Ta'iz,2018,18528,17239.0,18282.0,6,yemen,YEM,,,0
YE1508,Jabal Habashi,YE15,Ta'iz,2022,19671,19671.0,19671.0,1,yemen,YEM,,,0
YE1508,Jabal Habashi,YE15,Ta'iz,2023,18593,18593.0,18593.0,1,yemen,YEM,,,0
YE1508,Jabal Habashi,YE15,Ta'iz,2025,20894,20894.0,20894.0,1,yemen,YEM,,,0
YE1509,Mashr'ah Wa Hadnan,YE15,Ta'iz,2016,3714,3614.0,3714.0,3,yemen,YEM,,,0
YE1509,Mashr'ah Wa Hadnan,YE15,Ta'iz,2017,3186,2736.8571428571427,2550.0,7,yemen,YEM,,,0
YE1509,Mashr'ah Wa Hadnan,YE15,Ta'iz,2018,3156,2541.0,2418.0,6,yemen,YEM,,,0
YE1509,Mashr'ah Wa Hadnan,YE15,Ta'iz,2022,2461,2461.0,2461.0,1,yemen,YEM,,,0
YE1509,Mashr'ah Wa Hadnan,YE15,Ta'iz,2023,2923,2923.0,2923.0,1,yemen,YEM,,,0
YE1509,Mashr'ah Wa Hadnan,YE15,Ta'iz,2025,2905,2905.0,2905.0,1,yemen,YEM,,,0
YE1510,Sabir Al Mawadim,YE15,Ta'iz,2016,10614,10322.0,10338.0,3,yemen,YEM,YEM.21.19_1,0.0,0
YE1510,Sabir Al Mawadim,YE15,Ta'iz,2017,12750,11455.714285714286,12234.0,7,yemen,YEM,YEM.21.19_1,0.0,0
YE1510,Sabir Al Mawadim,YE15,Ta'iz,2018,17568,14356.0,14289.0,6,yemen,YEM,YEM.21.19_1,0.0,0
YE1510,Sabir Al Mawadim,YE15,Ta'iz,2022,13344,13344.0,13344.0,1,yemen,YEM,YEM.21.19_1,0.0,0
YE1510,Sabir Al Mawadim,YE15,Ta'iz,2023,18151,18151.0,18151.0,1,yemen,YEM,YEM.21.19_1,0.0,0
YE1510,Sabir Al Mawadim,YE15,Ta'iz,2025,17890,17890.0,17890.0,1,yemen,YEM,YEM.21.19_1,0.0,0
YE1511,Al Misrakh,YE15,Ta'iz,2016,792,435.0,435.0,2,yemen,YEM,YEM.21.4_1,0.0,0
YE1511,Al Misrakh,YE15,Ta'iz,2017,7872,4831.714285714285,6192.0,7,yemen,YEM,YEM.21.4_1,0.0,0
YE1511,Al Misrakh,YE15,Ta'iz,2018,8670,8365.0,8463.0,6,yemen,YEM,YEM.21.4_1,0.0,0
YE1511,Al Misrakh,YE15,Ta'iz,2022,13438,13438.0,13438.0,1,yemen,YEM,YEM.21.4_1,0.0,0
YE1511,Al Misrakh,YE15,Ta'iz,2023,15211,15211.0,15211.0,1,yemen,YEM,YEM.21.4_1,0.0,0
YE1511,Al Misrakh,YE15,Ta'iz,2025,17885,17885.0,17885.0,1,yemen,YEM,YEM.21.4_1,0.0,0
YE1512,Dimnat Khadir,YE15,Ta'iz,2015,920,920.0,920.0,1,yemen,YEM,YEM.21.12_1,0.0,0
YE1512,Dimnat Khadir,YE15,Ta'iz,2016,50238,46224.0,48600.0,3,yemen,YEM,YEM.21.12_1,0.0,0
YE1512,Dimnat Khadir,YE15,Ta'iz,2017,38760,31272.0,32244.0,7,yemen,YEM,YEM.21.12_1,0.0,0
YE1512,Dimnat Khadir,YE15,Ta'iz,2018,36816,29725.0,29049.0,6,yemen,YEM,YEM.21.12_1,0.0,0
YE1513,As Silw,YE15,Ta'iz,2016,9744,7378.0,6414.0,3,yemen,YEM,YEM.21.8_1,0.0,0
YE1513,As Silw,YE15,Ta'iz,2017,9594,5782.285714285715,5064.0,7,yemen,YEM,YEM.21.8_1,0.0,0
YE1513,As Silw,YE15,Ta'iz,2018,9822,7356.0,6729.0,6,yemen,YEM,YEM.21.8_1,0.0,0
YE1513,As Silw,YE15,Ta'iz,2022,3453,3453.0,3453.0,1,yemen,YEM,YEM.21.8_1,0.0,0
YE1513,As Silw,YE15,Ta'iz,2023,5583,5583.0,5583.0,1,yemen,YEM,YEM.21.8_1,0.0,0
YE1513,As Silw,YE15,Ta'iz,2025,7278,7278.0,7278.0,1,yemen,YEM,YEM.21.8_1,0.0,0
YE1514,Ash Shamayatayn,YE15,Ta'iz,2015,447,447.0,447.0,1,yemen,YEM,YEM.21.9_1,0.0,0
YE1514,Ash Shamayatayn,YE15,Ta'iz,2016,51690,44268.0,44406.0,3,yemen,YEM,YEM.21.9_1,0.0,0
YE1514,Ash Shamayatayn,YE15,Ta'iz,2017,35460,32903.142857142855,34176.0,7,yemen,YEM,YEM.21.9_1,0.0,0
YE1514,Ash Shamayatayn,YE15,Ta'iz,2018,41232,32334.0,30552.0,6,yemen,YEM,YEM.21.9_1,0.0,0
YE1514,Ash Shamayatayn,YE15,Ta'iz,2022,48554,48554.0,48554.0,1,yemen,YEM,YEM.21.9_1,0.0,0
YE1514,Ash Shamayatayn,YE15,Ta'iz,2023,64229,64229.0,64229.0,1,yemen,YEM,YEM.21.9_1,0.0,0
YE1514,Ash Shamayatayn,YE15,Ta'iz,2025,72103,72103.0,72103.0,1,yemen,YEM,YEM.21.9_1,0.0,0
YE1515,Al Wazi'yah,YE15,Ta'iz,2016,10224,7368.0,7812.0,3,yemen,YEM,,,0
YE1515,Al Wazi'yah,YE15,Ta'iz,2017,4026,2626.285714285714,2088.0,7,yemen,YEM,,,0
YE1515,Al Wazi'yah,YE15,Ta'iz,2018,2268,2118.0,2088.0,6,yemen,YEM,,,0
YE1515,Al Wazi'yah,YE15,Ta'iz,2022,2056,2056.0,2056.0,1,yemen,YEM,,,0
YE1515,Al Wazi'yah,YE15,Ta'iz,2023,1943,1943.0,1943.0,1,yemen,YEM,,,0
YE1515,Al Wazi'yah,YE15,Ta'iz,2025,2283,2283.0,2283.0,1,yemen,YEM,,,0
YE1516,Hayfan,YE15,Ta'iz,2015,46650,46650.0,46650.0,1,yemen,YEM,YEM.21.13_1,0.0,0
YE1516,Hayfan,YE15,Ta'iz,2016,61800,49498.0,51798.0,3,yemen,YEM,YEM.21.13_1,0.0,0
YE1516,Hayfan,YE15,Ta'iz,2017,29190,21629.14285714286,21912.0,7,yemen,YEM,YEM.21.13_1,0.0,0
YE1516,Hayfan,YE15,Ta'iz,2018,18222,15917.0,15546.0,6,yemen,YEM,YEM.21.13_1,0.0,0
YE1517,Al Mudhaffar,YE15,Ta'iz,2016,29940,20398.0,23100.0,3,yemen,YEM,YEM.21.5_1,0.0,0
YE1517,Al Mudhaffar,YE15,Ta'iz,2017,14442,11938.285714285714,12630.0,7,yemen,YEM,YEM.21.5_1,0.0,0
YE1517,Al Mudhaffar,YE15,Ta'iz,2018,17766,15389.0,15135.0,6,yemen,YEM,YEM.21.5_1,0.0,0
YE1517,Al Mudhaffar,YE15,Ta'iz,2022,55700,55700.0,55700.0,1,yemen,YEM,YEM.21.5_1,0.0,0
YE1517,Al Mudhaffar,YE15,Ta'iz,2023,60974,60974.0,60974.0,1,yemen,YEM,YEM.21.5_1,0.0,0
YE1517,Al Mudhaffar,YE15,Ta'iz,2025,66898,66898.0,66898.0,1,yemen,YEM,YEM.21.5_1,0.0,0
YE1518,Al Qahirah,YE15,Ta'iz,2016,25230,15242.0,11520.0,3,yemen,YEM,YEM.21.6_1,0.0,0
YE1518,Al Qahirah,YE15,Ta'iz,2017,12072,10705.714285714286,11544.0,7,yemen,YEM,YEM.21.6_1,0.0,0
YE1518,Al Qahirah,YE15,Ta'iz,2018,13056,12626.0,12690.0,6,yemen,YEM,YEM.21.6_1,0.0,0
YE1518,Al Qahirah,YE15,Ta'iz,2022,39539,39539.0,39539.0,1,yemen,YEM,YEM.21.6_1,0.0,0
YE1518,Al Qahirah,YE15,Ta'iz,2023,45555,45555.0,45555.0,1,yemen,YEM,YEM.21.6_1,0.0,0
YE1518,Al Qahirah,YE15,Ta'iz,2025,51090,51090.0,51090.0,1,yemen,YEM,YEM.21.6_1,0.0,0
YE1519,Salah,YE15,Ta'iz,2016,36000,21448.0,17700.0,3,yemen,YEM,,,0
YE1519,Salah,YE15,Ta'iz,2017,16146,14258.57142857143,14070.0,7,yemen,YEM,,,0
YE1519,Salah,YE15,Ta'iz,2018,19992,17672.0,17238.0,6,yemen,YEM,,,0
YE1519,Salah,YE15,Ta'iz,2022,35976,35976.0,35976.0,1,yemen,YEM,,,0
YE1519,Salah,YE15,Ta'iz,2023,54453,54453.0,54453.0,1,yemen,YEM,,,0
YE1519,Salah,YE15,Ta'iz,2025,62802,62802.0,62802.0,1,yemen,YEM,,,0
YE1520,At Ta'iziyah,YE15,Ta'iz,2015,52,52.0,52.0,1,yemen,YEM,YEM.21.10_1,0.0,0
YE1520,At Ta'iziyah,YE15,Ta'iz,2016,85764,47180.0,48396.0,3,yemen,YEM,YEM.21.10_1,0.0,0
YE1520,At Ta'iziyah,YE15,Ta'iz,2017,48876,30468.0,36270.0,7,yemen,YEM,YEM.21.10_1,0.0,0
YE1520,At Ta'iziyah,YE15,Ta'iz,2018,57456,52477.0,51558.0,6,yemen,YEM,YEM.21.10_1,0.0,0
YE1521,Al Ma'afer,YE15,Ta'iz,2016,12540,9554.0,8958.0,3,yemen,YEM,YEM.21.2_1,0.0,0
YE1521,Al Ma'afer,YE15,Ta'iz,2017,19908,15738.0,18030.0,7,yemen,YEM,YEM.21.2_1,0.0,0
YE1521,Al Ma'afer,YE15,Ta'iz,2018,20106,18878.0,18900.0,6,yemen,YEM,YEM.21.2_1,0.0,0
YE1521,Al Ma'afer,YE15,Ta'iz,2022,31466,31466.0,31466.0,1,yemen,YEM,YEM.21.2_1,0.0,0
YE1521,Al Ma'afer,YE15,Ta'iz,2023,32397,32397.0,32397.0,1,yemen,YEM,YEM.21.2_1,0.0,0
YE1521,Al Ma'afer,YE15,Ta'iz,2025,35718,35718.0,35718.0,1,yemen,YEM,YEM.21.2_1,0.0,0
YE1522,Al Mawasit,YE15,Ta'iz,2016,11004,9740.0,10278.0,3,yemen,YEM,YEM.21.3_1,0.0,0
YE1522,Al Mawasit,YE15,Ta'iz,2017,12480,10310.57142857143,10356.0,7,yemen,YEM,YEM.21.3_1,0.0,0
YE1522,Al Mawasit,YE15,Ta'iz,2018,13158,12563.0,12444.0,6,yemen,YEM,YEM.21.3_1,0.0,0
YE1522,Al Mawasit,YE15,Ta'iz,2022,10641,10641.0,10641.0,1,yemen,YEM,YEM.21.3_1,0.0,0
YE1522,Al Mawasit,YE15,Ta'iz,2023,12389,12389.0,12389.0,1,yemen,YEM,YEM.21.3_1,0.0,0
YE1522,Al Mawasit,YE15,Ta'iz,2025,12545,12545.0,12545.0,1,yemen,YEM,YEM.21.3_1,0.0,0
YE1523,Sami',YE15,Ta'iz,2016,3198,2422.0,2142.0,3,yemen,YEM,,,0
YE1523,Sami',YE15,Ta'iz,2017,4788,3995.1428571428573,4122.0,7,yemen,YEM,,,0
YE1523,Sami',YE15,Ta'iz,2018,6420,5001.0,4923.0,6,yemen,YEM,,,0
YE1601,Khab wa Ash Sha'f,YE16,Al Jawf,2015,3250,3250.0,3250.0,1,yemen,YEM,,,0
YE1601,Khab wa Ash Sha'f,YE16,Al Jawf,2016,6744,5782.0,5340.0,3,yemen,YEM,,,0
YE1601,Khab wa Ash Sha'f,YE16,Al Jawf,2017,9744,8286.857142857143,8778.0,7,yemen,YEM,,,0
YE1601,Khab wa Ash Sha'f,YE16,Al Jawf,2018,12540,11212.0,10548.0,3,yemen,YEM,,,0
YE1601,Khab wa Ash Sha'f,YE16,Al Jawf,2022,14275,14275.0,14275.0,1,yemen,YEM,,,0
YE1601,Khab wa Ash Sha'f,YE16,Al Jawf,2023,18354,18354.0,18354.0,1,yemen,YEM,,,0
YE1601,Khab wa Ash Sha'f,YE16,Al Jawf,2025,19256,19256.0,19256.0,1,yemen,YEM,,,0
YE1602,Al Humaydat,YE16,Al Jawf,2016,858,834.0,828.0,3,yemen,YEM,YEM.6.3_1,1.0,0
YE1602,Al Humaydat,YE16,Al Jawf,2017,2130,1195.7142857142858,1068.0,7,yemen,YEM,YEM.6.3_1,1.0,0
YE1602,Al Humaydat,YE16,Al Jawf,2018,4014,2106.0,1152.0,3,yemen,YEM,YEM.6.3_1,1.0,0
YE1603,Al Matammah,YE16,Al Jawf,2015,3250,3250.0,3250.0,1,yemen,YEM,YEM.6.6_1,1.0,0
YE1603,Al Matammah,YE16,Al Jawf,2016,2454,2396.0,2436.0,3,yemen,YEM,YEM.6.6_1,1.0,0
YE1603,Al Matammah,YE16,Al Jawf,2017,2604,2513.1428571428573,2508.0,7,yemen,YEM,YEM.6.6_1,1.0,0
YE1603,Al Matammah,YE16,Al Jawf,2018,8370,4502.0,2568.0,3,yemen,YEM,YEM.6.6_1,1.0,0
YE1604,Az Zahir,YE16,Al Jawf,2016,2400,1965.0,1965.0,2,yemen,YEM,YEM.3.11_1,0.0,0
YE1604,Az Zahir,YE16,Al Jawf,2016,2400,1965.0,1965.0,2,yemen,YEM,YEM.6.8_1,1.0,0
YE1604,Az Zahir,YE16,Al Jawf,2017,3012,2958.0,3000.0,6,yemen,YEM,YEM.3.11_1,0.0,0
YE1604,Az Zahir,YE16,Al Jawf,2017,3012,2958.0,3000.0,6,yemen,YEM,YEM.6.8_1,1.0,0
YE1604,Az Zahir,YE16,Al Jawf,2018,3000,3000.0,3000.0,2,yemen,YEM,YEM.3.11_1,0.0,0
YE1604,Az Zahir,YE16,Al Jawf,2018,3000,3000.0,3000.0,2,yemen,YEM,YEM.6.8_1,1.0,0
YE1605,Al Hazm,YE16,Al Jawf,2015,1890,1890.0,1890.0,1,yemen,YEM,YEM.6.2_1,1.0,0
YE1605,Al Hazm,YE16,Al Jawf,2016,5160,3640.0,3360.0,3,yemen,YEM,YEM.6.2_1,1.0,0
YE1605,Al Hazm,YE16,Al Jawf,2017,5430,4135.714285714285,4080.0,7,yemen,YEM,YEM.6.2_1,1.0,0
YE1605,Al Hazm,YE16,Al Jawf,2018,38412,15644.0,4260.0,3,yemen,YEM,YEM.6.2_1,1.0,0
YE1606,Al Mutun,YE16,Al Jawf,2015,1300,1300.0,1300.0,1,yemen,YEM,,,0
YE1606,Al Mutun,YE16,Al Jawf,2016,8310,7720.0,7470.0,3,yemen,YEM,,,0
YE1606,Al Mutun,YE16,Al Jawf,2017,8700,8309.142857142857,8640.0,7,yemen,YEM,,,0
YE1606,Al Mutun,YE16,Al Jawf,2018,28500,15276.0,8664.0,3,yemen,YEM,,,0
YE1607,Al Maslub,YE16,Al Jawf,2015,42,42.0,42.0,1,yemen,YEM,YEM.6.5_1,1.0,0
YE1607,Al Maslub,YE16,Al Jawf,2016,3150,2970.0,3150.0,3,yemen,YEM,YEM.6.5_1,1.0,0
YE1607,Al Maslub,YE16,Al Jawf,2017,3228,3054.0,3150.0,7,yemen,YEM,YEM.6.5_1,1.0,0
YE1607,Al Maslub,YE16,Al Jawf,2018,4674,3474.0,2874.0,3,yemen,YEM,YEM.6.5_1,1.0,0
YE1608,Al Ghayl,YE16,Al Jawf,2015,1300,1300.0,1300.0,1,yemen,YEM,YEM.6.1_1,1.0,0
YE1608,Al Ghayl,YE16,Al Jawf,2016,1830,1370.0,1680.0,3,yemen,YEM,YEM.6.1_1,1.0,0
YE1608,Al Ghayl,YE16,Al Jawf,2017,1230,1062.857142857143,1080.0,7,yemen,YEM,YEM.6.1_1,1.0,0
YE1608,Al Ghayl,YE16,Al Jawf,2018,6360,2928.0,1212.0,3,yemen,YEM,YEM.6.1_1,1.0,0
YE1609,Al Khalaq,YE16,Al Jawf,2015,2600,2600.0,2600.0,1,yemen,YEM,,,0
YE1609,Al Khalaq,YE16,Al Jawf,2016,1260,1220.0,1200.0,3,yemen,YEM,,,0
YE1609,Al Khalaq,YE16,Al Jawf,2017,1740,1637.142857142857,1740.0,7,yemen,YEM,,,0
YE1609,Al Khalaq,YE16,Al Jawf,2018,3504,2388.0,1830.0,3,yemen,YEM,,,0
YE1610,Barat Al Anan,YE16,Al Jawf,2015,6240,6240.0,6240.0,1,yemen,YEM,,,0
YE1610,Barat Al Anan,YE16,Al Jawf,2016,6876,6476.0,6876.0,3,yemen,YEM,,,0
YE1610,Barat Al Anan,YE16,Al Jawf,2017,7686,6540.0,6876.0,7,yemen,YEM,,,0
YE1610,Barat Al Anan,YE16,Al Jawf,2018,11790,8086.0,6234.0,3,yemen,YEM,,,0
YE1611,Rajuzah,YE16,Al Jawf,2016,3690,3500.0,3660.0,3,yemen,YEM,YEM.6.12_1,1.0,0
YE1611,Rajuzah,YE16,Al Jawf,2017,4362,4068.8571428571427,4068.0,7,yemen,YEM,YEM.6.12_1,1.0,0
YE1611,Rajuzah,YE16,Al Jawf,2018,6714,5242.0,4506.0,3,yemen,YEM,YEM.6.12_1,1.0,0
YE1612,Kharab Al Marashi,YE16,Al Jawf,2016,2394,2314.0,2364.0,3,yemen,YEM,YEM.6.11_1,1.0,0
YE1612,Kharab Al Marashi,YE16,Al Jawf,2017,2556,2454.0,2430.0,7,yemen,YEM,YEM.6.11_1,1.0,0
YE1612,Kharab Al Marashi,YE16,Al Jawf,2018,25212,10084.0,2520.0,3,yemen,YEM,YEM.6.11_1,1.0,0
YE1701,Bakil Al Mir,YE17,Hajjah,2015,24468,24468.0,24468.0,1,yemen,YEM,YEM.13.11_1,1.0,0
YE1701,Bakil Al Mir,YE17,Hajjah,2016,41165,27493.25,26115.0,4,yemen,YEM,YEM.13.11_1,1.0,0
YE1701,Bakil Al Mir,YE17,Hajjah,2017,15192,11151.0,9858.0,4,yemen,YEM,YEM.13.11_1,1.0,0
YE1701,Bakil Al Mir,YE17,Hajjah,2018,13884,11871.0,11871.0,2,yemen,YEM,YEM.13.11_1,1.0,0
YE1702,Harad,YE17,Hajjah,2015,18756,18756.0,18756.0,1,yemen,YEM,YEM.13.16_1,1.0,0
YE1702,Harad,YE17,Hajjah,2016,30306,25813.75,26349.5,4,yemen,YEM,YEM.13.16_1,1.0,0
YE1702,Harad,YE17,Hajjah,2017,33684,29755.5,33324.0,4,yemen,YEM,YEM.13.16_1,1.0,0
YE1702,Harad,YE17,Hajjah,2018,33324,33324.0,33324.0,1,yemen,YEM,YEM.13.16_1,1.0,0
YE1703,Midi,YE17,Hajjah,2015,8160,8160.0,8160.0,1,yemen,YEM,YEM.13.24_1,1.0,0
YE1703,Midi,YE17,Hajjah,2016,14941,13605.25,13188.0,4,yemen,YEM,YEM.13.24_1,1.0,0
YE1703,Midi,YE17,Hajjah,2017,12744,11868.0,11658.0,4,yemen,YEM,YEM.13.24_1,1.0,0
YE1703,Midi,YE17,Hajjah,2018,11412,8706.0,8706.0,2,yemen,YEM,YEM.13.24_1,1.0,0
YE1704,Abs,YE17,Hajjah,2015,47784,47784.0,47784.0,1,yemen,YEM,YEM.13.1_1,1.0,0
YE1704,Abs,YE17,Hajjah,2016,115866,88346.75,102432.0,4,yemen,YEM,YEM.13.1_1,1.0,0
YE1704,Abs,YE17,Hajjah,2017,107724,99313.5,97416.0,4,yemen,YEM,YEM.13.1_1,1.0,0
YE1704,Abs,YE17,Hajjah,2018,158838,128127.0,128127.0,2,yemen,YEM,YEM.13.1_1,1.0,0
YE1705,Hayran,YE17,Hajjah,2015,22818,22818.0,22818.0,1,yemen,YEM,YEM.13.17_1,1.0,0
YE1705,Hayran,YE17,Hajjah,2016,15204,13008.75,13107.0,4,yemen,YEM,YEM.13.17_1,1.0,0
YE1705,Hayran,YE17,Hajjah,2017,14376,13740.0,13812.0,4,yemen,YEM,YEM.13.17_1,1.0,0
YE1705,Hayran,YE17,Hajjah,2018,14376,14376.0,14376.0,1,yemen,YEM,YEM.13.17_1,1.0,0
YE1706,Mustaba,YE17,Hajjah,2015,17385,17385.0,17385.0,1,yemen,YEM,YEM.13.25_1,1.0,0
YE1706,Mustaba,YE17,Hajjah,2016,33606,28072.0,30846.0,4,yemen,YEM,YEM.13.25_1,1.0,0
YE1706,Mustaba,YE17,Hajjah,2017,35760,34774.5,34866.0,4,yemen,YEM,YEM.13.25_1,1.0,0
YE1706,Mustaba,YE17,Hajjah,2018,44292,39579.0,39579.0,2,yemen,YEM,YEM.13.25_1,1.0,0
YE1707,Kushar,YE17,Hajjah,2015,4713,4713.0,4713.0,1,yemen,YEM,YEM.13.22_1,1.0,0
YE1707,Kushar,YE17,Hajjah,2016,29034,25206.25,26181.0,4,yemen,YEM,YEM.13.22_1,1.0,0
YE1707,Kushar,YE17,Hajjah,2017,25440,19893.0,19005.0,4,yemen,YEM,YEM.13.22_1,1.0,0
YE1707,Kushar,YE17,Hajjah,2018,16122,10890.0,10890.0,2,yemen,YEM,YEM.13.22_1,1.0,0
YE1708,Al Jamimah,YE17,Hajjah,2015,6189,6189.0,6189.0,1,yemen,YEM,YEM.13.4_1,1.0,0
YE1708,Al Jamimah,YE17,Hajjah,2016,16290,12979.5,14874.0,4,yemen,YEM,YEM.13.4_1,1.0,0
YE1708,Al Jamimah,YE17,Hajjah,2017,5724,4818.0,4578.0,4,yemen,YEM,YEM.13.4_1,1.0,0
YE1708,Al Jamimah,YE17,Hajjah,2018,4452,3030.0,3030.0,2,yemen,YEM,YEM.13.4_1,1.0,0
YE1709,Kuhlan Ash Sharaf,YE17,Hajjah,2015,1056,1056.0,1056.0,1,yemen,YEM,YEM.13.21_1,1.0,0
YE1709,Kuhlan Ash Sharaf,YE17,Hajjah,2016,18957,17315.25,17802.0,4,yemen,YEM,YEM.13.21_1,1.0,0
YE1709,Kuhlan Ash Sharaf,YE17,Hajjah,2017,6972,6463.5,6951.0,4,yemen,YEM,YEM.13.21_1,1.0,0
YE1709,Kuhlan Ash Sharaf,YE17,Hajjah,2018,6972,5853.0,5853.0,2,yemen,YEM,YEM.13.21_1,1.0,0
YE1710,Aflah Ash Sham,YE17,Hajjah,2015,876,876.0,876.0,1,yemen,YEM,,,0
YE1710,Aflah Ash Sham,YE17,Hajjah,2016,32569,16509.25,13785.0,4,yemen,YEM,,,0
YE1710,Aflah Ash Sham,YE17,Hajjah,2017,3912,2866.5,2616.0,4,yemen,YEM,,,0
YE1710,Aflah Ash Sham,YE17,Hajjah,2018,2514,2418.0,2418.0,2,yemen,YEM,,,0
YE1711,Khayran Al Muharraq,YE17,Hajjah,2015,18534,18534.0,18534.0,1,yemen,YEM,YEM.13.18_1,1.0,0
YE1711,Khayran Al Muharraq,YE17,Hajjah,2016,25968,21228.0,22248.0,4,yemen,YEM,YEM.13.18_1,1.0,0
YE1711,Khayran Al Muharraq,YE17,Hajjah,2017,27300,17332.5,14010.0,4,yemen,YEM,YEM.13.18_1,1.0,0
YE1711,Khayran Al Muharraq,YE17,Hajjah,2018,14442,14226.0,14226.0,2,yemen,YEM,YEM.13.18_1,1.0,0
YE1712,Aslam,YE17,Hajjah,2015,25332,25332.0,25332.0,1,yemen,YEM,,,0
YE1712,Aslam,YE17,Hajjah,2016,25278,13618.0,11553.0,4,yemen,YEM,,,0
YE1712,Aslam,YE17,Hajjah,2017,27066,26584.5,26829.0,4,yemen,YEM,,,0
YE1712,Aslam,YE17,Hajjah,2018,27066,22074.0,22074.0,2,yemen,YEM,,,0
YE1713,Qafl Shammar,YE17,Hajjah,2015,558,558.0,558.0,1,yemen,YEM,,,0
YE1713,Qafl Shammar,YE17,Hajjah,2016,5934,4149.5,4455.0,4,yemen,YEM,,,0
YE1713,Qafl Shammar,YE17,Hajjah,2017,3486,3330.0,3366.0,4,yemen,YEM,,,0
YE1713,Qafl Shammar,YE17,Hajjah,2018,3306,3093.0,3093.0,2,yemen,YEM,,,0
YE1714,Aflah Al Yaman,YE17,Hajjah,2015,4506,4506.0,4506.0,1,yemen,YEM,YEM.13.2_1,1.0,0
YE1714,Aflah Al Yaman,YE17,Hajjah,2016,9678,8502.25,8484.5,4,yemen,YEM,YEM.13.2_1,1.0,0
YE1714,Aflah Al Yaman,YE17,Hajjah,2017,5736,4957.5,4752.0,4,yemen,YEM,YEM.13.2_1,1.0,0
YE1714,Aflah Al Yaman,YE17,Hajjah,2018,5196,4893.0,4893.0,2,yemen,YEM,YEM.13.2_1,1.0,0
YE1715,Al Mahabishah,YE17,Hajjah,2015,1884,1884.0,1884.0,1,yemen,YEM,YEM.13.6_1,1.0,0
YE1715,Al Mahabishah,YE17,Hajjah,2016,5682,3891.25,3585.0,4,yemen,YEM,YEM.13.6_1,1.0,0
YE1715,Al Mahabishah,YE17,Hajjah,2017,5682,3888.0,3300.0,4,yemen,YEM,YEM.13.6_1,1.0,0
YE1715,Al Mahabishah,YE17,Hajjah,2018,7080,6465.0,6465.0,2,yemen,YEM,YEM.13.6_1,1.0,0
YE1716,Al Miftah,YE17,Hajjah,2015,2154,2154.0,2154.0,1,yemen,YEM,YEM.13.7_1,1.0,0
YE1716,Al Miftah,YE17,Hajjah,2016,15666,12163.5,11481.0,4,yemen,YEM,YEM.13.7_1,1.0,0
YE1716,Al Miftah,YE17,Hajjah,2017,10050,6021.0,4704.0,4,yemen,YEM,YEM.13.7_1,1.0,0
YE1716,Al Miftah,YE17,Hajjah,2018,4704,4623.0,4623.0,2,yemen,YEM,YEM.13.7_1,1.0,0
YE1717,Al Maghrabah,YE17,Hajjah,2015,1632,1632.0,1632.0,1,yemen,YEM,YEM.13.5_1,1.0,0
YE1717,Al Maghrabah,YE17,Hajjah,2016,14010,8396.75,6582.0,4,yemen,YEM,YEM.13.5_1,1.0,0
YE1717,Al Maghrabah,YE17,Hajjah,2017,6528,5788.5,5709.0,4,yemen,YEM,YEM.13.5_1,1.0,0
YE1717,Al Maghrabah,YE17,Hajjah,2018,5208,3510.0,3510.0,2,yemen,YEM,YEM.13.5_1,1.0,0
YE1718,Kuhlan Afar,YE17,Hajjah,2015,3252,3252.0,3252.0,1,yemen,YEM,,,0
YE1718,Kuhlan Afar,YE17,Hajjah,2016,12667,6394.75,5199.0,4,yemen,YEM,,,0
YE1718,Kuhlan Afar,YE17,Hajjah,2017,3828,3690.0,3723.0,4,yemen,YEM,,,0
YE1718,Kuhlan Afar,YE17,Hajjah,2018,3828,2757.0,2757.0,2,yemen,YEM,,,0
YE1719,Sharas,YE17,Hajjah,2016,6222,4682.75,5042.5,4,yemen,YEM,YEM.13.29_1,1.0,0
YE1719,Sharas,YE17,Hajjah,2017,4098,3862.5,3900.0,4,yemen,YEM,YEM.13.29_1,1.0,0
YE1719,Sharas,YE17,Hajjah,2018,3900,3126.0,3126.0,2,yemen,YEM,YEM.13.29_1,1.0,0
YE1720,Mabyan,YE17,Hajjah,2015,3300,3300.0,3300.0,1,yemen,YEM,YEM.13.23_1,1.0,0
YE1720,Mabyan,YE17,Hajjah,2016,9906,8592.75,8692.5,4,yemen,YEM,YEM.13.23_1,1.0,0
YE1720,Mabyan,YE17,Hajjah,2017,4542,4263.0,4491.0,4,yemen,YEM,YEM.13.23_1,1.0,0
YE1720,Mabyan,YE17,Hajjah,2018,3414,2703.0,2703.0,2,yemen,YEM,YEM.13.23_1,1.0,0
YE1721,Ash Shahil,YE17,Hajjah,2015,2400,2400.0,2400.0,1,yemen,YEM,YEM.13.9_1,1.0,0
YE1721,Ash Shahil,YE17,Hajjah,2016,4326,2835.0,3009.0,4,yemen,YEM,YEM.13.9_1,1.0,0
YE1721,Ash Shahil,YE17,Hajjah,2017,2166,1368.0,1116.0,4,yemen,YEM,YEM.13.9_1,1.0,0
YE1721,Ash Shahil,YE17,Hajjah,2018,1116,828.0,828.0,2,yemen,YEM,YEM.13.9_1,1.0,0
YE1722,Ku'aydinah,YE17,Hajjah,2015,6192,6192.0,6192.0,1,yemen,YEM,YEM.13.19_1,1.0,0
YE1722,Ku'aydinah,YE17,Hajjah,2016,7968,6178.25,7599.0,4,yemen,YEM,YEM.13.19_1,1.0,0
YE1722,Ku'aydinah,YE17,Hajjah,2017,7200,6678.0,6522.0,4,yemen,YEM,YEM.13.19_1,1.0,0
YE1722,Ku'aydinah,YE17,Hajjah,2018,6708,6588.0,6588.0,2,yemen,YEM,YEM.13.19_1,1.0,0
YE1723,Wadrah,YE17,Hajjah,2015,2508,2508.0,2508.0,1,yemen,YEM,,,0
YE1723,Wadrah,YE17,Hajjah,2016,3378,3039.0,3144.0,4,yemen,YEM,,,0
YE1723,Wadrah,YE17,Hajjah,2017,3438,1617.0,1029.0,4,yemen,YEM,,,0
YE1723,Wadrah,YE17,Hajjah,2018,2778,1875.0,1875.0,2,yemen,YEM,,,0
YE1724,Bani Qays,YE17,Hajjah,2015,3138,3138.0,3138.0,1,yemen,YEM,,,0
YE1724,Bani Qays,YE17,Hajjah,2016,5628,4841.0,4987.0,4,yemen,YEM,,,0
YE1724,Bani Qays,YE17,Hajjah,2017,5688,5457.0,5526.0,4,yemen,YEM,,,0
YE1724,Bani Qays,YE17,Hajjah,2018,5526,4959.0,4959.0,2,yemen,YEM,,,0
YE1725,Ash Shaghadirah,YE17,Hajjah,2015,6075,6075.0,6075.0,1,yemen,YEM,YEM.13.8_1,1.0,0
YE1725,Ash Shaghadirah,YE17,Hajjah,2016,9192,6454.25,6132.0,4,yemen,YEM,YEM.13.8_1,1.0,0
YE1725,Ash Shaghadirah,YE17,Hajjah,2017,5652,4332.0,3894.0,4,yemen,YEM,YEM.13.8_1,1.0,0
YE1725,Ash Shaghadirah,YE17,Hajjah,2018,4158,3495.0,3495.0,2,yemen,YEM,YEM.13.8_1,1.0,0
YE1726,Najrah,YE17,Hajjah,2015,14490,14490.0,14490.0,1,yemen,YEM,YEM.13.26_1,1.0,0
YE1726,Najrah,YE17,Hajjah,2016,5742,4741.75,5109.5,4,yemen,YEM,YEM.13.26_1,1.0,0
YE1726,Najrah,YE17,Hajjah,2017,2088,1875.0,1845.0,4,yemen,YEM,YEM.13.26_1,1.0,0
YE1726,Najrah,YE17,Hajjah,2018,2484,2103.0,2103.0,2,yemen,YEM,YEM.13.26_1,1.0,0
YE1727,Bani Al Awam,YE17,Hajjah,2015,6378,6378.0,6378.0,1,yemen,YEM,YEM.13.12_1,1.0,0
YE1727,Bani Al Awam,YE17,Hajjah,2016,6126,4703.0,4656.0,4,yemen,YEM,YEM.13.12_1,1.0,0
YE1727,Bani Al Awam,YE17,Hajjah,2017,5748,4288.5,3804.0,4,yemen,YEM,YEM.13.12_1,1.0,0
YE1727,Bani Al Awam,YE17,Hajjah,2018,3804,3759.0,3759.0,2,yemen,YEM,YEM.13.12_1,1.0,0
YE1728,Hajjah City,YE17,Hajjah,2015,12876,12876.0,12876.0,1,yemen,YEM,YEM.13.15_1,1.0,0
YE1728,Hajjah City,YE17,Hajjah,2016,26794,15545.5,13122.0,4,yemen,YEM,YEM.13.15_1,1.0,0
YE1728,Hajjah City,YE17,Hajjah,2017,10968,9213.0,8661.0,4,yemen,YEM,YEM.13.15_1,1.0,0
YE1728,Hajjah City,YE17,Hajjah,2018,32664,20613.0,20613.0,2,yemen,YEM,YEM.13.15_1,1.0,0
YE1729,Hajjah,YE17,Hajjah,2015,1374,1374.0,1374.0,1,yemen,YEM,YEM.13.14_1,1.0,0
YE1729,Hajjah,YE17,Hajjah,2016,1596,1315.5,1371.0,4,yemen,YEM,YEM.13.14_1,1.0,0
YE1729,Hajjah,YE17,Hajjah,2017,1188,1143.0,1134.0,4,yemen,YEM,YEM.13.14_1,1.0,0
YE1729,Hajjah,YE17,Hajjah,2018,1134,888.0,888.0,2,yemen,YEM,YEM.13.14_1,1.0,0
YE1730,Washhah,YE17,Hajjah,2015,30000,30000.0,30000.0,1,yemen,YEM,YEM.13.31_1,1.0,0
YE1730,Washhah,YE17,Hajjah,2016,28044,15750.5,15384.0,4,yemen,YEM,YEM.13.31_1,1.0,0
YE1730,Washhah,YE17,Hajjah,2017,31728,28422.0,30231.0,4,yemen,YEM,YEM.13.31_1,1.0,0
YE1730,Washhah,YE17,Hajjah,2018,31458,20088.0,20088.0,2,yemen,YEM,YEM.13.31_1,1.0,0
YE1731,Qarah,YE17,Hajjah,2016,8100,5987.0,7899.0,4,yemen,YEM,YEM.13.28_1,1.0,0
YE1731,Qarah,YE17,Hajjah,2017,8028,7195.5,7068.0,4,yemen,YEM,YEM.13.28_1,1.0,0
YE1731,Qarah,YE17,Hajjah,2018,11334,9201.0,9201.0,2,yemen,YEM,YEM.13.28_1,1.0,0
YE1801,Az Zuhrah,YE18,Al Hodeidah,2015,11200,11200.0,11200.0,1,yemen,YEM,YEM.5.19_1,1.0,0
YE1801,Az Zuhrah,YE18,Al Hodeidah,2016,36486,29167.5,35070.0,4,yemen,YEM,YEM.5.19_1,1.0,0
YE1801,Az Zuhrah,YE18,Al Hodeidah,2017,36876,36318.0,36234.0,4,yemen,YEM,YEM.5.19_1,1.0,0
YE1801,Az Zuhrah,YE18,Al Hodeidah,2018,38622,36450.0,36450.0,2,yemen,YEM,YEM.5.19_1,1.0,0
YE1802,Alluhayah,YE18,Al Hodeidah,2015,4848,4848.0,4848.0,1,yemen,YEM,,,0
YE1802,Alluhayah,YE18,Al Hodeidah,2016,10152,9177.0,9693.0,4,yemen,YEM,,,0
YE1802,Alluhayah,YE18,Al Hodeidah,2017,9696,9415.5,9414.0,4,yemen,YEM,,,0
YE1802,Alluhayah,YE18,Al Hodeidah,2018,13572,11526.0,11526.0,2,yemen,YEM,,,0
YE1803,Kamaran,YE18,Al Hodeidah,2016,24,12.0,6.0,3,yemen,YEM,YEM.5.25_1,0.0,0
YE1803,Kamaran,YE18,Al Hodeidah,2017,6,6.0,6.0,1,yemen,YEM,YEM.5.25_1,0.0,0
YE1804,As Salif,YE18,Al Hodeidah,2016,264,192.0,168.0,3,yemen,YEM,YEM.5.15_1,0.0,0
YE1804,As Salif,YE18,Al Hodeidah,2017,252,247.5,246.0,4,yemen,YEM,YEM.5.15_1,0.0,0
YE1804,As Salif,YE18,Al Hodeidah,2018,672,459.0,459.0,2,yemen,YEM,YEM.5.15_1,0.0,0
YE1805,Al Munirah,YE18,Al Hodeidah,2015,2100,2100.0,2100.0,1,yemen,YEM,YEM.5.12_1,0.0,0
YE1805,Al Munirah,YE18,Al Hodeidah,2016,2700,2205.0,2292.0,4,yemen,YEM,YEM.5.12_1,0.0,0
YE1805,Al Munirah,YE18,Al Hodeidah,2017,3138,2512.5,2346.0,4,yemen,YEM,YEM.5.12_1,0.0,0
YE1805,Al Munirah,YE18,Al Hodeidah,2018,3258,2562.0,2562.0,2,yemen,YEM,YEM.5.12_1,0.0,0
YE1806,Al Qanawis,YE18,Al Hodeidah,2016,7716,5881.5,7107.0,4,yemen,YEM,YEM.5.13_1,1.0,0
YE1806,Al Qanawis,YE18,Al Hodeidah,2017,7830,6909.0,6702.0,4,yemen,YEM,YEM.5.13_1,1.0,0
YE1806,Al Qanawis,YE18,Al Hodeidah,2018,10248,9078.0,9078.0,2,yemen,YEM,YEM.5.13_1,1.0,0
YE1807,Az Zaydiah,YE18,Al Hodeidah,2015,1162,1162.0,1162.0,1,yemen,YEM,,,0
YE1807,Az Zaydiah,YE18,Al Hodeidah,2016,6486,4245.0,5241.0,4,yemen,YEM,,,0
YE1807,Az Zaydiah,YE18,Al Hodeidah,2017,5580,5208.0,5157.0,4,yemen,YEM,,,0
YE1807,Az Zaydiah,YE18,Al Hodeidah,2018,12798,9288.0,9288.0,2,yemen,YEM,,,0
YE1808,Al Mighlaf,YE18,Al Hodeidah,2015,511,511.0,511.0,1,yemen,YEM,YEM.5.10_1,0.0,0
YE1808,Al Mighlaf,YE18,Al Hodeidah,2016,1500,1089.0,1419.0,4,yemen,YEM,YEM.5.10_1,0.0,0
YE1808,Al Mighlaf,YE18,Al Hodeidah,2017,1590,1522.5,1500.0,4,yemen,YEM,YEM.5.10_1,0.0,0
YE1808,Al Mighlaf,YE18,Al Hodeidah,2018,5166,3387.0,3387.0,2,yemen,YEM,YEM.5.10_1,0.0,0
YE1809,Ad Dohi,YE18,Al Hodeidah,2016,4068,2791.5,3324.0,4,yemen,YEM,,,0
YE1809,Ad Dohi,YE18,Al Hodeidah,2017,3288,3099.0,3213.0,4,yemen,YEM,,,0
YE1809,Ad Dohi,YE18,Al Hodeidah,2018,3474,3414.0,3414.0,2,yemen,YEM,,,0
YE1810,Bajil,YE18,Al Hodeidah,2016,3120,1869.0,1866.0,4,yemen,YEM,YEM.5.20_1,0.0,0
YE1810,Bajil,YE18,Al Hodeidah,2017,2814,1449.0,1176.0,4,yemen,YEM,YEM.5.20_1,0.0,0
YE1810,Bajil,YE18,Al Hodeidah,2018,27942,14328.0,14328.0,2,yemen,YEM,YEM.5.20_1,0.0,0
YE1811,Al Hujjaylah,YE18,Al Hodeidah,2015,1925,1925.0,1925.0,1,yemen,YEM,,,0
YE1811,Al Hujjaylah,YE18,Al Hodeidah,2016,948,850.0,834.0,3,yemen,YEM,,,0
YE1811,Al Hujjaylah,YE18,Al Hodeidah,2017,702,655.5,645.0,4,yemen,YEM,,,0
YE1811,Al Hujjaylah,YE18,Al Hodeidah,2018,2832,1734.0,1734.0,2,yemen,YEM,,,0
YE1812,Bura',YE18,Al Hodeidah,2015,2688,2688.0,2688.0,1,yemen,YEM,,,0
YE1812,Bura',YE18,Al Hodeidah,2016,1938,1782.0,1734.0,3,yemen,YEM,,,0
YE1812,Bura',YE18,Al Hodeidah,2017,1674,1420.5,1350.0,4,yemen,YEM,,,0
YE1812,Bura',YE18,Al Hodeidah,2018,5586,3465.0,3465.0,2,yemen,YEM,,,0
YE1813,Al Marawi'ah,YE18,Al Hodeidah,2016,25176,7836.0,2280.0,4,yemen,YEM,YEM.5.9_1,0.0,0
YE1813,Al Marawi'ah,YE18,Al Hodeidah,2017,2208,2154.0,2145.0,4,yemen,YEM,YEM.5.9_1,0.0,0
YE1813,Al Marawi'ah,YE18,Al Hodeidah,2018,29742,15960.0,15960.0,2,yemen,YEM,YEM.5.9_1,0.0,0
YE1814,Ad Durayhimi,YE18,Al Hodeidah,2016,6288,3250.5,2523.0,4,yemen,YEM,YEM.5.2_1,0.0,0
YE1814,Ad Durayhimi,YE18,Al Hodeidah,2017,2268,1828.5,1686.0,4,yemen,YEM,YEM.5.2_1,0.0,0
YE1814,Ad Durayhimi,YE18,Al Hodeidah,2018,11244,6540.0,6540.0,2,yemen,YEM,YEM.5.2_1,0.0,0
YE1815,As Sukhnah,YE18,Al Hodeidah,2016,864,832.0,828.0,3,yemen,YEM,YEM.5.16_1,0.0,0
YE1815,As Sukhnah,YE18,Al Hodeidah,2017,864,850.5,858.0,4,yemen,YEM,YEM.5.16_1,0.0,0
YE1815,As Sukhnah,YE18,Al Hodeidah,2018,32694,16788.0,16788.0,2,yemen,YEM,YEM.5.16_1,0.0,0
YE1816,Al Mansuriyah,YE18,Al Hodeidah,2015,2653,2653.0,2653.0,1,yemen,YEM,YEM.5.8_1,0.0,0
YE1816,Al Mansuriyah,YE18,Al Hodeidah,2016,6498,2296.5,1065.0,4,yemen,YEM,YEM.5.8_1,0.0,0
YE1816,Al Mansuriyah,YE18,Al Hodeidah,2017,984,954.0,975.0,4,yemen,YEM,YEM.5.8_1,0.0,0
YE1816,Al Mansuriyah,YE18,Al Hodeidah,2018,23010,12024.0,12024.0,2,yemen,YEM,YEM.5.8_1,0.0,0
YE1817,Bayt Al Faqih,YE18,Al Hodeidah,2015,90,90.0,90.0,1,yemen,YEM,,,0
YE1817,Bayt Al Faqih,YE18,Al Hodeidah,2016,44178,13101.0,3195.0,4,yemen,YEM,,,0
YE1817,Bayt Al Faqih,YE18,Al Hodeidah,2017,2340,2221.5,2211.0,4,yemen,YEM,,,0
YE1817,Bayt Al Faqih,YE18,Al Hodeidah,2018,16542,10248.0,10248.0,2,yemen,YEM,,,0
YE1818,Jabal Ras,YE18,Al Hodeidah,2015,2625,2625.0,2625.0,1,yemen,YEM,,,0
YE1818,Jabal Ras,YE18,Al Hodeidah,2016,2094,1658.0,1488.0,3,yemen,YEM,,,0
YE1818,Jabal Ras,YE18,Al Hodeidah,2017,1698,1189.5,1056.0,4,yemen,YEM,,,0
YE1818,Jabal Ras,YE18,Al Hodeidah,2018,1806,1722.0,1722.0,2,yemen,YEM,,,0
YE1819,Hays,YE18,Al Hodeidah,2015,6342,6342.0,6342.0,1,yemen,YEM,YEM.5.23_1,0.0,0
YE1819,Hays,YE18,Al Hodeidah,2016,1914,1058.0,714.0,3,yemen,YEM,YEM.5.23_1,0.0,0
YE1819,Hays,YE18,Al Hodeidah,2017,1566,1491.0,1542.0,4,yemen,YEM,YEM.5.23_1,0.0,0
YE1819,Hays,YE18,Al Hodeidah,2018,14922,9327.0,9327.0,2,yemen,YEM,YEM.5.23_1,0.0,0
YE1819,Hays,YE18,Al Hodeidah,2022,26053,26053.0,26053.0,1,yemen,YEM,YEM.5.23_1,0.0,0
YE1819,Hays,YE18,Al Hodeidah,2023,30243,30243.0,30243.0,1,yemen,YEM,YEM.5.23_1,0.0,0
YE1819,Hays,YE18,Al Hodeidah,2025,33268,33268.0,33268.0,1,yemen,YEM,YEM.5.23_1,0.0,0
YE1820,Al Khukhah,YE18,Al Hodeidah,2015,2016,2016.0,2016.0,1,yemen,YEM,,,0
YE1820,Al Khukhah,YE18,Al Hodeidah,2016,6888,4488.0,4710.0,3,yemen,YEM,,,0
YE1820,Al Khukhah,YE18,Al Hodeidah,2017,3036,2778.0,2997.0,4,yemen,YEM,,,0
YE1820,Al Khukhah,YE18,Al Hodeidah,2018,24492,17220.0,17220.0,2,yemen,YEM,,,0
YE1820,Al Khukhah,YE18,Al Hodeidah,2022,72627,72627.0,72627.0,1,yemen,YEM,,,0
YE1820,Al Khukhah,YE18,Al Hodeidah,2023,89730,89730.0,89730.0,1,yemen,YEM,,,0
YE1820,Al Khukhah,YE18,Al Hodeidah,2025,97605,97605.0,97605.0,1,yemen,YEM,,,0
YE1821,Al Hawak,YE18,Al Hodeidah,2016,4446,2511.0,1992.0,4,yemen,YEM,YEM.5.6_1,0.0,0
YE1821,Al Hawak,YE18,Al Hodeidah,2017,3768,2977.5,3294.0,4,yemen,YEM,YEM.5.6_1,0.0,0
YE1821,Al Hawak,YE18,Al Hodeidah,2018,3438,3036.0,3036.0,2,yemen,YEM,YEM.5.6_1,0.0,0
YE1822,Al Mina,YE18,Al Hodeidah,2016,3498,2013.0,1527.0,4,yemen,YEM,YEM.5.11_1,0.0,0
YE1822,Al Mina,YE18,Al Hodeidah,2017,3312,2469.0,2784.0,4,yemen,YEM,YEM.5.11_1,0.0,0
YE1822,Al Mina,YE18,Al Hodeidah,2018,7038,5220.0,5220.0,2,yemen,YEM,YEM.5.11_1,0.0,0
YE1823,Al Hali,YE18,Al Hodeidah,2015,105,105.0,105.0,1,yemen,YEM,YEM.5.5_1,0.0,0
YE1823,Al Hali,YE18,Al Hodeidah,2016,6444,4683.0,4764.0,4,yemen,YEM,YEM.5.5_1,0.0,0
YE1823,Al Hali,YE18,Al Hodeidah,2017,6420,5713.5,5595.0,4,yemen,YEM,YEM.5.5_1,0.0,0
YE1823,Al Hali,YE18,Al Hodeidah,2018,9804,6822.0,6822.0,2,yemen,YEM,YEM.5.5_1,0.0,0
YE1824,Zabid,YE18,Al Hodeidah,2015,385,385.0,385.0,1,yemen,YEM,YEM.5.26_1,0.0,0
YE1824,Zabid,YE18,Al Hodeidah,2016,4086,3057.0,3252.0,4,yemen,YEM,YEM.5.26_1,0.0,0
YE1824,Zabid,YE18,Al Hodeidah,2017,6822,6205.5,6732.0,4,yemen,YEM,YEM.5.26_1,0.0,0
YE1824,Zabid,YE18,Al Hodeidah,2018,49218,28521.0,28521.0,2,yemen,YEM,YEM.5.26_1,0.0,0
YE1825,Al Jarrahi,YE18,Al Hodeidah,2015,8785,8785.0,8785.0,1,yemen,YEM,,,0
YE1825,Al Jarrahi,YE18,Al Hodeidah,2016,5316,5066.0,5136.0,3,yemen,YEM,,,0
YE1825,Al Jarrahi,YE18,Al Hodeidah,2017,6114,4914.0,4626.0,4,yemen,YEM,,,0
YE1825,Al Jarrahi,YE18,Al Hodeidah,2018,8736,7698.0,7698.0,2,yemen,YEM,,,0
YE1826,At Tuhayta,YE18,Al Hodeidah,2015,1225,1225.0,1225.0,1,yemen,YEM,,,0
YE1826,At Tuhayta,YE18,Al Hodeidah,2016,624,376.5,369.0,4,yemen,YEM,,,0
YE1826,At Tuhayta,YE18,Al Hodeidah,2017,2172,1792.5,2154.0,4,yemen,YEM,,,0
YE1826,At Tuhayta,YE18,Al Hodeidah,2018,20184,11244.0,11244.0,2,yemen,YEM,,,0
YE1826,At Tuhayta,YE18,Al Hodeidah,2022,7119,7119.0,7119.0,1,yemen,YEM,,,0
YE1826,At Tuhayta,YE18,Al Hodeidah,2023,7160,7160.0,7160.0,1,yemen,YEM,,,0
YE1826,At Tuhayta,YE18,Al Hodeidah,2025,4020,4020.0,4020.0,1,yemen,YEM,,,0
YE1901,Rumah,YE19,Hadramawt,2016,366,222.0,150.0,3,yemen,YEM,YEM.12.22_1,0.0,0
YE1901,Rumah,YE19,Hadramawt,2017,150,150.0,150.0,7,yemen,YEM,YEM.12.22_1,0.0,0
YE1901,Rumah,YE19,Hadramawt,2018,672,260.57142857142856,192.0,7,yemen,YEM,YEM.12.22_1,0.0,0
YE1901,Rumah,YE19,Hadramawt,2022,582,582.0,582.0,1,yemen,YEM,YEM.12.22_1,0.0,0
YE1901,Rumah,YE19,Hadramawt,2023,1050,1050.0,1050.0,1,yemen,YEM,YEM.12.22_1,0.0,0
YE1901,Rumah,YE19,Hadramawt,2025,1085,1085.0,1085.0,1,yemen,YEM,YEM.12.22_1,0.0,0
YE1902,Thamud,YE19,Hadramawt,2016,204,160.0,138.0,3,yemen,YEM,YEM.12.27_1,0.0,0
YE1902,Thamud,YE19,Hadramawt,2017,204,204.0,204.0,7,yemen,YEM,YEM.12.27_1,0.0,0
YE1902,Thamud,YE19,Hadramawt,2018,204,204.0,204.0,7,yemen,YEM,YEM.12.27_1,0.0,0
YE1902,Thamud,YE19,Hadramawt,2022,750,750.0,750.0,1,yemen,YEM,YEM.12.27_1,0.0,0
YE1902,Thamud,YE19,Hadramawt,2023,1070,1070.0,1070.0,1,yemen,YEM,YEM.12.27_1,0.0,0
YE1902,Thamud,YE19,Hadramawt,2025,1085,1085.0,1085.0,1,yemen,YEM,YEM.12.27_1,0.0,0
YE1906,Al Abr,YE19,Hadramawt,2016,2796,2488.0,2796.0,3,yemen,YEM,YEM.12.3_1,1.0,0
YE1906,Al Abr,YE19,Hadramawt,2017,4632,4104.0,4542.0,7,yemen,YEM,YEM.12.3_1,1.0,0
YE1906,Al Abr,YE19,Hadramawt,2018,4662,4550.0,4536.0,6,yemen,YEM,YEM.12.3_1,1.0,0
YE1906,Al Abr,YE19,Hadramawt,2022,16348,16348.0,16348.0,1,yemen,YEM,YEM.12.3_1,1.0,0
YE1906,Al Abr,YE19,Hadramawt,2023,18174,18174.0,18174.0,1,yemen,YEM,YEM.12.3_1,1.0,0
YE1906,Al Abr,YE19,Hadramawt,2025,18303,18303.0,18303.0,1,yemen,YEM,YEM.12.3_1,1.0,0
YE1907,Al Qatn,YE19,Hadramawt,2015,1146,1146.0,1146.0,1,yemen,YEM,YEM.12.7_1,0.0,0
YE1907,Al Qatn,YE19,Hadramawt,2016,84,60.0,54.0,3,yemen,YEM,YEM.12.7_1,0.0,0
YE1907,Al Qatn,YE19,Hadramawt,2017,300,203.14285714285714,270.0,7,yemen,YEM,YEM.12.7_1,0.0,0
YE1907,Al Qatn,YE19,Hadramawt,2018,564,359.14285714285717,324.0,7,yemen,YEM,YEM.12.7_1,0.0,0
YE1907,Al Qatn,YE19,Hadramawt,2022,1410,1410.0,1410.0,1,yemen,YEM,YEM.12.7_1,0.0,0
YE1907,Al Qatn,YE19,Hadramawt,2023,1539,1539.0,1539.0,1,yemen,YEM,YEM.12.7_1,0.0,0
YE1907,Al Qatn,YE19,Hadramawt,2025,1696,1696.0,1696.0,1,yemen,YEM,YEM.12.7_1,0.0,0
YE1908,Shibam,YE19,Hadramawt,2016,462,446.0,444.0,3,yemen,YEM,YEM.12.25_1,0.0,0
YE1908,Shibam,YE19,Hadramawt,2017,504,484.2857142857143,486.0,7,yemen,YEM,YEM.12.25_1,0.0,0
YE1908,Shibam,YE19,Hadramawt,2018,876,748.2857142857143,720.0,7,yemen,YEM,YEM.12.25_1,0.0,0
YE1908,Shibam,YE19,Hadramawt,2022,1034,1034.0,1034.0,1,yemen,YEM,YEM.12.25_1,0.0,0
YE1908,Shibam,YE19,Hadramawt,2023,987,987.0,987.0,1,yemen,YEM,YEM.12.25_1,0.0,0
YE1908,Shibam,YE19,Hadramawt,2025,1015,1015.0,1015.0,1,yemen,YEM,YEM.12.25_1,0.0,0
YE1909,Sah,YE19,Hadramawt,2017,24,24.0,24.0,4,yemen,YEM,YEM.12.23_1,0.0,0
YE1909,Sah,YE19,Hadramawt,2018,24,24.0,24.0,6,yemen,YEM,YEM.12.23_1,0.0,0
YE1909,Sah,YE19,Hadramawt,2022,32,32.0,32.0,1,yemen,YEM,YEM.12.23_1,0.0,0
YE1909,Sah,YE19,Hadramawt,2023,86,86.0,86.0,1,yemen,YEM,YEM.12.23_1,0.0,0
YE1909,Sah,YE19,Hadramawt,2025,102,102.0,102.0,1,yemen,YEM,YEM.12.23_1,0.0,0
YE1910,Sayun,YE19,Hadramawt,2015,1069,1069.0,1069.0,1,yemen,YEM,YEM.12.24_1,0.0,0
YE1910,Sayun,YE19,Hadramawt,2016,660,566.0,624.0,3,yemen,YEM,YEM.12.24_1,0.0,0
YE1910,Sayun,YE19,Hadramawt,2017,1686,1286.5714285714287,1200.0,7,yemen,YEM,YEM.12.24_1,0.0,0
YE1910,Sayun,YE19,Hadramawt,2018,3516,2842.285714285714,2724.0,7,yemen,YEM,YEM.12.24_1,0.0,0
YE1910,Sayun,YE19,Hadramawt,2022,24014,24014.0,24014.0,1,yemen,YEM,YEM.12.24_1,0.0,0
YE1910,Sayun,YE19,Hadramawt,2023,31325,31325.0,31325.0,1,yemen,YEM,YEM.12.24_1,0.0,0
YE1910,Sayun,YE19,Hadramawt,2025,32453,32453.0,32453.0,1,yemen,YEM,YEM.12.24_1,0.0,0
YE1911,Tarim,YE19,Hadramawt,2015,668,668.0,668.0,1,yemen,YEM,YEM.12.26_1,0.0,0
YE1911,Tarim,YE19,Hadramawt,2016,510,444.0,510.0,3,yemen,YEM,YEM.12.26_1,0.0,0
YE1911,Tarim,YE19,Hadramawt,2017,1128,1042.2857142857142,1044.0,7,yemen,YEM,YEM.12.26_1,0.0,0
YE1911,Tarim,YE19,Hadramawt,2018,1680,1680.0,1680.0,7,yemen,YEM,YEM.12.26_1,0.0,0
YE1911,Tarim,YE19,Hadramawt,2022,3534,3534.0,3534.0,1,yemen,YEM,YEM.12.26_1,0.0,0
YE1911,Tarim,YE19,Hadramawt,2023,5194,5194.0,5194.0,1,yemen,YEM,YEM.12.26_1,0.0,0
YE1911,Tarim,YE19,Hadramawt,2025,5350,5350.0,5350.0,1,yemen,YEM,YEM.12.26_1,0.0,0
YE1912,As Sawm,YE19,Hadramawt,2016,18,18.0,18.0,2,yemen,YEM,YEM.12.10_1,0.0,0
YE1912,As Sawm,YE19,Hadramawt,2017,30,24.857142857142858,30.0,7,yemen,YEM,YEM.12.10_1,0.0,0
YE1912,As Sawm,YE19,Hadramawt,2018,84,76.28571428571429,84.0,7,yemen,YEM,YEM.12.10_1,0.0,0
YE1912,As Sawm,YE19,Hadramawt,2022,45,45.0,45.0,1,yemen,YEM,YEM.12.10_1,0.0,0
YE1912,As Sawm,YE19,Hadramawt,2023,71,71.0,71.0,1,yemen,YEM,YEM.12.10_1,0.0,0
YE1912,As Sawm,YE19,Hadramawt,2025,72,72.0,72.0,1,yemen,YEM,YEM.12.10_1,0.0,0
YE1913,Ar Raydah wa Qussay'ar,YE19,Hadramawt,2015,66,66.0,66.0,1,yemen,YEM,,,0
YE1913,Ar Raydah wa Qussay'ar,YE19,Hadramawt,2016,2088,1276.0,1020.0,3,yemen,YEM,,,0
YE1913,Ar Raydah wa Qussay'ar,YE19,Hadramawt,2017,816,671.1428571428571,642.0,7,yemen,YEM,,,0
YE1913,Ar Raydah wa Qussay'ar,YE19,Hadramawt,2018,1350,901.7142857142857,720.0,7,yemen,YEM,,,0
YE1913,Ar Raydah wa Qussay'ar,YE19,Hadramawt,2022,1611,1611.0,1611.0,1,yemen,YEM,,,0
YE1913,Ar Raydah wa Qussay'ar,YE19,Hadramawt,2023,1737,1737.0,1737.0,1,yemen,YEM,,,0
YE1913,Ar Raydah wa Qussay'ar,YE19,Hadramawt,2025,1743,1743.0,1743.0,1,yemen,YEM,,,0
YE1914,Ad Dis,YE19,Hadramawt,2015,3383,3383.0,3383.0,1,yemen,YEM,YEM.12.1_1,0.0,0
YE1914,Ad Dis,YE19,Hadramawt,2016,546,512.0,534.0,3,yemen,YEM,YEM.12.1_1,0.0,0
YE1914,Ad Dis,YE19,Hadramawt,2017,546,420.85714285714283,444.0,7,yemen,YEM,YEM.12.1_1,0.0,0
YE1914,Ad Dis,YE19,Hadramawt,2018,450,158.0,75.0,6,yemen,YEM,YEM.12.1_1,0.0,0
YE1914,Ad Dis,YE19,Hadramawt,2022,483,483.0,483.0,1,yemen,YEM,YEM.12.1_1,0.0,0
YE1914,Ad Dis,YE19,Hadramawt,2023,544,544.0,544.0,1,yemen,YEM,YEM.12.1_1,0.0,0
YE1914,Ad Dis,YE19,Hadramawt,2025,553,553.0,553.0,1,yemen,YEM,YEM.12.1_1,0.0,0
YE1915,Ash Shihr,YE19,Hadramawt,2015,8000,8000.0,8000.0,1,yemen,YEM,YEM.12.11_1,0.0,0
YE1915,Ash Shihr,YE19,Hadramawt,2016,288,270.0,282.0,3,yemen,YEM,YEM.12.11_1,0.0,0
YE1915,Ash Shihr,YE19,Hadramawt,2017,354,339.42857142857144,342.0,7,yemen,YEM,YEM.12.11_1,0.0,0
YE1915,Ash Shihr,YE19,Hadramawt,2018,396,368.0,369.0,6,yemen,YEM,YEM.12.11_1,0.0,0
YE1915,Ash Shihr,YE19,Hadramawt,2022,2621,2621.0,2621.0,1,yemen,YEM,YEM.12.11_1,0.0,0
YE1915,Ash Shihr,YE19,Hadramawt,2023,3503,3503.0,3503.0,1,yemen,YEM,YEM.12.11_1,0.0,0
YE1915,Ash Shihr,YE19,Hadramawt,2025,4891,4891.0,4891.0,1,yemen,YEM,YEM.12.11_1,0.0,0
YE1916,Ghayl bin Yamin,YE19,Hadramawt,2023,369,369.0,369.0,1,yemen,YEM,YEM.12.15_1,0.0,0
YE1917,Ghayl Bawazir,YE19,Hadramawt,2015,1600,1600.0,1600.0,1,yemen,YEM,,,0
YE1917,Ghayl Bawazir,YE19,Hadramawt,2016,504,424.0,396.0,3,yemen,YEM,,,0
YE1917,Ghayl Bawazir,YE19,Hadramawt,2017,444,416.57142857142856,414.0,7,yemen,YEM,,,0
YE1917,Ghayl Bawazir,YE19,Hadramawt,2018,480,462.0,462.0,7,yemen,YEM,,,0
YE1917,Ghayl Bawazir,YE19,Hadramawt,2022,543,543.0,543.0,1,yemen,YEM,,,0
YE1917,Ghayl Bawazir,YE19,Hadramawt,2023,1583,1583.0,1583.0,1,yemen,YEM,,,0
YE1917,Ghayl Bawazir,YE19,Hadramawt,2025,1708,1708.0,1708.0,1,yemen,YEM,,,0
YE1918,Daw'an,YE19,Hadramawt,2015,1527,1527.0,1527.0,1,yemen,YEM,YEM.12.13_1,0.0,0
YE1918,Daw'an,YE19,Hadramawt,2016,156,138.0,150.0,3,yemen,YEM,YEM.12.13_1,0.0,0
YE1918,Daw'an,YE19,Hadramawt,2017,180,102.0,60.0,7,yemen,YEM,YEM.12.13_1,0.0,0
YE1918,Daw'an,YE19,Hadramawt,2018,72,56.57142857142857,54.0,7,yemen,YEM,YEM.12.13_1,0.0,0
YE1918,Daw'an,YE19,Hadramawt,2022,132,132.0,132.0,1,yemen,YEM,YEM.12.13_1,0.0,0
YE1918,Daw'an,YE19,Hadramawt,2023,111,111.0,111.0,1,yemen,YEM,YEM.12.13_1,0.0,0
YE1918,Daw'an,YE19,Hadramawt,2025,117,117.0,117.0,1,yemen,YEM,YEM.12.13_1,0.0,0
YE1919,Wadi Al Ayn,YE19,Hadramawt,2018,24,24.0,24.0,1,yemen,YEM,YEM.12.28_1,0.0,0
YE1919,Wadi Al Ayn,YE19,Hadramawt,2022,841,841.0,841.0,1,yemen,YEM,YEM.12.28_1,0.0,0
YE1919,Wadi Al Ayn,YE19,Hadramawt,2023,954,954.0,954.0,1,yemen,YEM,YEM.12.28_1,0.0,0
YE1919,Wadi Al Ayn,YE19,Hadramawt,2025,1159,1159.0,1159.0,1,yemen,YEM,YEM.12.28_1,0.0,0
YE1920,Rakhyah,YE19,Hadramawt,2016,6,6.0,6.0,2,yemen,YEM,YEM.12.21_1,0.0,0
YE1920,Rakhyah,YE19,Hadramawt,2017,36,14.571428571428571,6.0,7,yemen,YEM,YEM.12.21_1,0.0,0
YE1920,Rakhyah,YE19,Hadramawt,2018,60,55.714285714285715,60.0,7,yemen,YEM,YEM.12.21_1,0.0,0
YE1920,Rakhyah,YE19,Hadramawt,2022,43,43.0,43.0,1,yemen,YEM,YEM.12.21_1,0.0,0
YE1920,Rakhyah,YE19,Hadramawt,2023,51,51.0,51.0,1,yemen,YEM,YEM.12.21_1,0.0,0
YE1920,Rakhyah,YE19,Hadramawt,2025,124,124.0,124.0,1,yemen,YEM,YEM.12.21_1,0.0,0
YE1921,Amd,YE19,Hadramawt,2016,30,28.0,30.0,3,yemen,YEM,YEM.12.8_1,0.0,0
YE1921,Amd,YE19,Hadramawt,2017,36,29.142857142857142,24.0,7,yemen,YEM,YEM.12.8_1,0.0,0
YE1921,Amd,YE19,Hadramawt,2018,108,71.14285714285714,72.0,7,yemen,YEM,YEM.12.8_1,0.0,0
YE1921,Amd,YE19,Hadramawt,2022,522,522.0,522.0,1,yemen,YEM,YEM.12.8_1,0.0,0
YE1921,Amd,YE19,Hadramawt,2023,201,201.0,201.0,1,yemen,YEM,YEM.12.8_1,0.0,0
YE1921,Amd,YE19,Hadramawt,2025,266,266.0,266.0,1,yemen,YEM,YEM.12.8_1,0.0,0
YE1923,Yab'uth,YE19,Hadramawt,2016,54,54.0,54.0,3,yemen,YEM,,,0
YE1923,Yab'uth,YE19,Hadramawt,2017,54,43.714285714285715,36.0,7,yemen,YEM,,,0
YE1923,Yab'uth,YE19,Hadramawt,2018,36,30.0,30.0,7,yemen,YEM,,,0
YE1923,Yab'uth,YE19,Hadramawt,2022,22,22.0,22.0,1,yemen,YEM,,,0
YE1923,Yab'uth,YE19,Hadramawt,2023,35,35.0,35.0,1,yemen,YEM,,,0
YE1923,Yab'uth,YE19,Hadramawt,2025,36,36.0,36.0,1,yemen,YEM,,,0
YE1924,Hajar,YE19,Hadramawt,2015,167,167.0,167.0,1,yemen,YEM,,,0
YE1924,Hajar,YE19,Hadramawt,2016,528,376.0,474.0,3,yemen,YEM,,,0
YE1924,Hajar,YE19,Hadramawt,2017,576,491.14285714285717,516.0,7,yemen,YEM,,,0
YE1924,Hajar,YE19,Hadramawt,2018,384,330.85714285714283,324.0,7,yemen,YEM,,,0
YE1924,Hajar,YE19,Hadramawt,2022,178,178.0,178.0,1,yemen,YEM,,,0
YE1924,Hajar,YE19,Hadramawt,2023,401,401.0,401.0,1,yemen,YEM,,,0
YE1924,Hajar,YE19,Hadramawt,2025,571,571.0,571.0,1,yemen,YEM,,,0
YE1925,Brum Mayf'ah,YE19,Hadramawt,2015,214,214.0,214.0,1,yemen,YEM,,,0
YE1925,Brum Mayf'ah,YE19,Hadramawt,2016,558,534.0,552.0,3,yemen,YEM,,,0
YE1925,Brum Mayf'ah,YE19,Hadramawt,2017,540,327.42857142857144,318.0,7,yemen,YEM,,,0
YE1925,Brum Mayf'ah,YE19,Hadramawt,2018,258,186.0,162.0,7,yemen,YEM,,,0
YE1925,Brum Mayf'ah,YE19,Hadramawt,2022,182,182.0,182.0,1,yemen,YEM,,,0
YE1925,Brum Mayf'ah,YE19,Hadramawt,2023,336,336.0,336.0,1,yemen,YEM,,,0
YE1925,Brum Mayf'ah,YE19,Hadramawt,2025,253,253.0,253.0,1,yemen,YEM,,,0
YE1926,Al Mukalla,YE19,Hadramawt,2015,19176,19176.0,19176.0,1,yemen,YEM,YEM.12.4_1,0.0,0
YE1926,Al Mukalla,YE19,Hadramawt,2016,162,156.0,162.0,3,yemen,YEM,YEM.12.4_1,0.0,0
YE1926,Al Mukalla,YE19,Hadramawt,2017,1050,791.1428571428571,1032.0,7,yemen,YEM,YEM.12.4_1,0.0,0
YE1926,Al Mukalla,YE19,Hadramawt,2018,1050,1050.0,1050.0,7,yemen,YEM,YEM.12.4_1,0.0,0
YE1926,Al Mukalla,YE19,Hadramawt,2022,1252,1252.0,1252.0,1,yemen,YEM,YEM.12.4_1,0.0,0
YE1926,Al Mukalla,YE19,Hadramawt,2023,1210,1210.0,1210.0,1,yemen,YEM,YEM.12.4_1,0.0,0
YE1926,Al Mukalla,YE19,Hadramawt,2025,1388,1388.0,1388.0,1,yemen,YEM,YEM.12.4_1,0.0,0
YE1927,Al Mukalla City,YE19,Hadramawt,2016,4488,4406.0,4470.0,3,yemen,YEM,YEM.12.5_1,0.0,0
YE1927,Al Mukalla City,YE19,Hadramawt,2017,3516,3276.0,3252.0,7,yemen,YEM,YEM.12.5_1,0.0,0
YE1927,Al Mukalla City,YE19,Hadramawt,2018,4128,3816.8571428571427,3936.0,7,yemen,YEM,YEM.12.5_1,0.0,0
YE1927,Al Mukalla City,YE19,Hadramawt,2022,6228,6228.0,6228.0,1,yemen,YEM,YEM.12.5_1,0.0,0
YE1927,Al Mukalla City,YE19,Hadramawt,2023,18718,18718.0,18718.0,1,yemen,YEM,YEM.12.5_1,0.0,0
YE1927,Al Mukalla City,YE19,Hadramawt,2025,26316,26316.0,26316.0,1,yemen,YEM,YEM.12.5_1,0.0,0
YE1928,Haridah,YE19,Hadramawt,2018,42,15.0,6.0,4,yemen,YEM,,,0
YE1928,Haridah,YE19,Hadramawt,2022,594,594.0,594.0,1,yemen,YEM,,,0
YE1928,Haridah,YE19,Hadramawt,2023,411,411.0,411.0,1,yemen,YEM,,,0
YE1928,Haridah,YE19,Hadramawt,2025,459,459.0,459.0,1,yemen,YEM,,,0
YE2001,Al Hada,YE20,Dhamar,2016,6486,6058.5,6087.0,4,yemen,YEM,YEM.11.1_1,0.0,0
YE2001,Al Hada,YE20,Dhamar,2017,5898,5515.5,5424.0,4,yemen,YEM,YEM.11.1_1,0.0,0
YE2001,Al Hada,YE20,Dhamar,2018,6234,5775.0,5775.0,2,yemen,YEM,YEM.11.1_1,0.0,0
YE2002,Jahran,YE20,Dhamar,2015,910,910.0,910.0,1,yemen,YEM,YEM.11.7_1,0.0,0
YE2002,Jahran,YE20,Dhamar,2016,4308,3924.0,4032.0,4,yemen,YEM,YEM.11.7_1,0.0,0
YE2002,Jahran,YE20,Dhamar,2017,4998,4281.0,4437.0,4,yemen,YEM,YEM.11.7_1,0.0,0
YE2002,Jahran,YE20,Dhamar,2018,20154,12576.0,12576.0,2,yemen,YEM,YEM.11.7_1,0.0,0
YE2003,Jabal Ash sharq,YE20,Dhamar,2016,6546,5678.25,5964.0,4,yemen,YEM,YEM.11.6_1,0.0,0
YE2003,Jabal Ash sharq,YE20,Dhamar,2017,6330,6307.5,6300.0,4,yemen,YEM,YEM.11.6_1,0.0,0
YE2003,Jabal Ash sharq,YE20,Dhamar,2018,6300,5280.0,5280.0,2,yemen,YEM,YEM.11.6_1,0.0,0
YE2004,Maghrib Ans,YE20,Dhamar,2015,2485,2485.0,2485.0,1,yemen,YEM,,,0
YE2004,Maghrib Ans,YE20,Dhamar,2016,4692,3390.25,3105.0,4,yemen,YEM,,,0
YE2004,Maghrib Ans,YE20,Dhamar,2017,5760,5550.0,5733.0,4,yemen,YEM,,,0
YE2004,Maghrib Ans,YE20,Dhamar,2018,5760,5439.0,5439.0,2,yemen,YEM,,,0
YE2005,Otmah,YE20,Dhamar,2015,4578,4578.0,4578.0,1,yemen,YEM,,,0
YE2005,Otmah,YE20,Dhamar,2016,25176,18579.0,21102.0,4,yemen,YEM,,,0
YE2005,Otmah,YE20,Dhamar,2017,24972,23811.0,23493.0,4,yemen,YEM,,,0
YE2005,Otmah,YE20,Dhamar,2018,23286,22419.0,22419.0,2,yemen,YEM,,,0
YE2006,Wusab Al Aali,YE20,Dhamar,2015,3500,3500.0,3500.0,1,yemen,YEM,,,0
YE2006,Wusab Al Aali,YE20,Dhamar,2016,30330,24857.0,26268.0,4,yemen,YEM,,,0
YE2006,Wusab Al Aali,YE20,Dhamar,2017,29718,23866.5,21972.0,4,yemen,YEM,,,0
YE2006,Wusab Al Aali,YE20,Dhamar,2018,21972,21846.0,21846.0,2,yemen,YEM,,,0
YE2007,Wusab As Safil,YE20,Dhamar,2015,18249,18249.0,18249.0,1,yemen,YEM,YEM.11.12_1,0.0,0
YE2007,Wusab As Safil,YE20,Dhamar,2016,36840,31044.75,34257.0,4,yemen,YEM,YEM.11.12_1,0.0,0
YE2007,Wusab As Safil,YE20,Dhamar,2017,33792,25963.5,23466.0,4,yemen,YEM,YEM.11.12_1,0.0,0
YE2007,Wusab As Safil,YE20,Dhamar,2018,41046,32256.0,32256.0,2,yemen,YEM,YEM.11.12_1,0.0,0
YE2008,Dhamar City,YE20,Dhamar,2015,2937,2937.0,2937.0,1,yemen,YEM,YEM.11.5_1,0.0,0
YE2008,Dhamar City,YE20,Dhamar,2016,14610,12182.75,13134.0,4,yemen,YEM,YEM.11.5_1,0.0,0
YE2008,Dhamar City,YE20,Dhamar,2017,14940,14725.5,14670.0,4,yemen,YEM,YEM.11.5_1,0.0,0
YE2008,Dhamar City,YE20,Dhamar,2018,48780,31725.0,31725.0,2,yemen,YEM,YEM.11.5_1,0.0,0
YE2009,Mayfa'at Ans,YE20,Dhamar,2015,182,182.0,182.0,1,yemen,YEM,,,0
YE2009,Mayfa'at Ans,YE20,Dhamar,2016,3264,2348.25,2403.0,4,yemen,YEM,,,0
YE2009,Mayfa'at Ans,YE20,Dhamar,2017,2418,1639.5,1446.0,4,yemen,YEM,,,0
YE2009,Mayfa'at Ans,YE20,Dhamar,2018,2610,1929.0,1929.0,2,yemen,YEM,,,0
YE2010,Ans,YE20,Dhamar,2015,2142,2142.0,2142.0,1,yemen,YEM,,,0
YE2010,Ans,YE20,Dhamar,2016,4434,3999.0,4176.0,4,yemen,YEM,,,0
YE2010,Ans,YE20,Dhamar,2017,4188,3438.0,3255.0,4,yemen,YEM,,,0
YE2010,Ans,YE20,Dhamar,2018,3054,3036.0,3036.0,2,yemen,YEM,,,0
YE2011,Dawran Anis,YE20,Dhamar,2015,1778,1778.0,1778.0,1,yemen,YEM,,,0
YE2011,Dawran Anis,YE20,Dhamar,2016,9174,8063.75,8310.0,4,yemen,YEM,,,0
YE2011,Dawran Anis,YE20,Dhamar,2017,8658,8278.5,8226.0,4,yemen,YEM,,,0
YE2011,Dawran Anis,YE20,Dhamar,2018,9396,8811.0,8811.0,2,yemen,YEM,,,0
YE2012,Al Manar,YE20,Dhamar,2016,4224,3815.5,3837.0,4,yemen,YEM,YEM.11.2_1,0.0,0
YE2012,Al Manar,YE20,Dhamar,2017,3744,3222.0,3120.0,4,yemen,YEM,YEM.11.2_1,0.0,0
YE2012,Al Manar,YE20,Dhamar,2018,3120,3003.0,3003.0,2,yemen,YEM,YEM.11.2_1,0.0,0
YE2101,Dahr,YE21,Shabwah,2016,882,848.0,834.0,3,yemen,YEM,,,0
YE2101,Dahr,YE21,Shabwah,2017,810,785.1428571428571,780.0,7,yemen,YEM,,,0
YE2101,Dahr,YE21,Shabwah,2018,726,642.0,696.0,7,yemen,YEM,,,0
YE2101,Dahr,YE21,Shabwah,2022,309,309.0,309.0,1,yemen,YEM,,,0
YE2101,Dahr,YE21,Shabwah,2023,234,234.0,234.0,1,yemen,YEM,,,0
YE2101,Dahr,YE21,Shabwah,2025,238,238.0,238.0,1,yemen,YEM,,,0
YE2102,At Talh,YE21,Shabwah,2015,33,33.0,33.0,1,yemen,YEM,,,0
YE2102,At Talh,YE21,Shabwah,2016,948,922.0,924.0,3,yemen,YEM,,,0
YE2102,At Talh,YE21,Shabwah,2017,834,682.2857142857143,660.0,7,yemen,YEM,,,0
YE2102,At Talh,YE21,Shabwah,2018,612,582.8571428571429,582.0,7,yemen,YEM,,,0
YE2102,At Talh,YE21,Shabwah,2022,338,338.0,338.0,1,yemen,YEM,,,0
YE2102,At Talh,YE21,Shabwah,2023,249,249.0,249.0,1,yemen,YEM,,,0
YE2102,At Talh,YE21,Shabwah,2025,252,252.0,252.0,1,yemen,YEM,,,0
YE2103,Jardan,YE21,Shabwah,2015,2130,2130.0,2130.0,1,yemen,YEM,YEM.20.11_1,0.0,0
YE2103,Jardan,YE21,Shabwah,2016,258,234.0,234.0,3,yemen,YEM,YEM.20.11_1,0.0,0
YE2103,Jardan,YE21,Shabwah,2017,240,194.57142857142858,186.0,7,yemen,YEM,YEM.20.11_1,0.0,0
YE2103,Jardan,YE21,Shabwah,2018,282,258.0,252.0,7,yemen,YEM,YEM.20.11_1,0.0,0
YE2103,Jardan,YE21,Shabwah,2022,891,891.0,891.0,1,yemen,YEM,YEM.20.11_1,0.0,0
YE2103,Jardan,YE21,Shabwah,2023,1109,1109.0,1109.0,1,yemen,YEM,YEM.20.11_1,0.0,0
YE2103,Jardan,YE21,Shabwah,2025,455,455.0,455.0,1,yemen,YEM,YEM.20.11_1,0.0,0
YE2104,Arma'a,YE21,Shabwah,2015,345,345.0,345.0,1,yemen,YEM,,,0
YE2104,Arma'a,YE21,Shabwah,2016,90,86.0,84.0,3,yemen,YEM,,,0
YE2104,Arma'a,YE21,Shabwah,2017,198,146.57142857142858,192.0,7,yemen,YEM,,,0
YE2104,Arma'a,YE21,Shabwah,2018,198,198.0,198.0,6,yemen,YEM,,,0
YE2104,Arma'a,YE21,Shabwah,2022,628,628.0,628.0,1,yemen,YEM,,,0
YE2104,Arma'a,YE21,Shabwah,2023,1234,1234.0,1234.0,1,yemen,YEM,,,0
YE2104,Arma'a,YE21,Shabwah,2025,1239,1239.0,1239.0,1,yemen,YEM,,,0
YE2105,Osaylan,YE21,Shabwah,2016,3486,3268.0,3240.0,3,yemen,YEM,,,0
YE2105,Osaylan,YE21,Shabwah,2017,5688,5050.285714285715,5196.0,7,yemen,YEM,,,0
YE2105,Osaylan,YE21,Shabwah,2018,9738,9003.42857142857,9012.0,7,yemen,YEM,,,0
YE2105,Osaylan,YE21,Shabwah,2022,3766,3766.0,3766.0,1,yemen,YEM,,,0
YE2105,Osaylan,YE21,Shabwah,2023,5001,5001.0,5001.0,1,yemen,YEM,,,0
YE2105,Osaylan,YE21,Shabwah,2025,5334,5334.0,5334.0,1,yemen,YEM,,,0
YE2106,Ayn,YE21,Shabwah,2015,7975,7975.0,7975.0,1,yemen,YEM,,,0
YE2106,Ayn,YE21,Shabwah,2016,1602,1434.0,1596.0,3,yemen,YEM,,,0
YE2106,Ayn,YE21,Shabwah,2017,1908,1613.142857142857,1626.0,7,yemen,YEM,,,0
YE2106,Ayn,YE21,Shabwah,2018,1506,1430.5714285714287,1410.0,7,yemen,YEM,,,0
YE2106,Ayn,YE21,Shabwah,2022,2370,2370.0,2370.0,1,yemen,YEM,,,0
YE2106,Ayn,YE21,Shabwah,2023,1026,1026.0,1026.0,1,yemen,YEM,,,0
YE2106,Ayn,YE21,Shabwah,2025,1477,1477.0,1477.0,1,yemen,YEM,,,0
YE2107,Bayhan,YE21,Shabwah,2015,390,390.0,390.0,1,yemen,YEM,YEM.20.7_1,0.0,0
YE2107,Bayhan,YE21,Shabwah,2016,576,522.0,558.0,3,yemen,YEM,YEM.20.7_1,0.0,0
YE2107,Bayhan,YE21,Shabwah,2017,2382,1836.0,1842.0,7,yemen,YEM,YEM.20.7_1,0.0,0
YE2107,Bayhan,YE21,Shabwah,2018,3510,2955.4285714285716,2928.0,7,yemen,YEM,YEM.20.7_1,0.0,0
YE2107,Bayhan,YE21,Shabwah,2022,5634,5634.0,5634.0,1,yemen,YEM,YEM.20.7_1,0.0,0
YE2107,Bayhan,YE21,Shabwah,2023,8702,8702.0,8702.0,1,yemen,YEM,YEM.20.7_1,0.0,0
YE2107,Bayhan,YE21,Shabwah,2025,10808,10808.0,10808.0,1,yemen,YEM,YEM.20.7_1,0.0,0
YE2108,Markhah Al Olya,YE21,Shabwah,2016,414,366.0,342.0,3,yemen,YEM,,,0
YE2108,Markhah Al Olya,YE21,Shabwah,2017,432,392.57142857142856,390.0,7,yemen,YEM,,,0
YE2108,Markhah Al Olya,YE21,Shabwah,2018,552,449.14285714285717,432.0,7,yemen,YEM,,,0
YE2108,Markhah Al Olya,YE21,Shabwah,2022,812,812.0,812.0,1,yemen,YEM,,,0
YE2108,Markhah Al Olya,YE21,Shabwah,2023,2376,2376.0,2376.0,1,yemen,YEM,,,0
YE2108,Markhah Al Olya,YE21,Shabwah,2025,2590,2590.0,2590.0,1,yemen,YEM,,,0
YE2109,Markhah As Sufla,YE21,Shabwah,2015,555,555.0,555.0,1,yemen,YEM,,,0
YE2109,Markhah As Sufla,YE21,Shabwah,2016,1014,972.0,996.0,3,yemen,YEM,,,0
YE2109,Markhah As Sufla,YE21,Shabwah,2017,1290,1165.7142857142858,1248.0,7,yemen,YEM,,,0
YE2109,Markhah As Sufla,YE21,Shabwah,2018,1296,1282.2857142857142,1278.0,7,yemen,YEM,,,0
YE2109,Markhah As Sufla,YE21,Shabwah,2022,1261,1261.0,1261.0,1,yemen,YEM,,,0
YE2109,Markhah As Sufla,YE21,Shabwah,2023,1329,1329.0,1329.0,1,yemen,YEM,,,0
YE2109,Markhah As Sufla,YE21,Shabwah,2025,1786,1786.0,1786.0,1,yemen,YEM,,,0
YE2110,Nisab,YE21,Shabwah,2015,682,682.0,682.0,1,yemen,YEM,YEM.20.15_1,0.0,0
YE2110,Nisab,YE21,Shabwah,2016,336,292.0,336.0,3,yemen,YEM,YEM.20.15_1,0.0,0
YE2110,Nisab,YE21,Shabwah,2017,570,466.2857142857143,558.0,7,yemen,YEM,YEM.20.15_1,0.0,0
YE2110,Nisab,YE21,Shabwah,2018,888,617.1428571428571,588.0,7,yemen,YEM,YEM.20.15_1,0.0,0
YE2110,Nisab,YE21,Shabwah,2022,1245,1245.0,1245.0,1,yemen,YEM,YEM.20.15_1,0.0,0
YE2110,Nisab,YE21,Shabwah,2023,1077,1077.0,1077.0,1,yemen,YEM,YEM.20.15_1,0.0,0
YE2110,Nisab,YE21,Shabwah,2025,1134,1134.0,1134.0,1,yemen,YEM,YEM.20.15_1,0.0,0
YE2111,Hatib,YE21,Shabwah,2015,702,702.0,702.0,1,yemen,YEM,YEM.20.10_1,0.0,0
YE2111,Hatib,YE21,Shabwah,2016,210,210.0,210.0,3,yemen,YEM,YEM.20.10_1,0.0,0
YE2111,Hatib,YE21,Shabwah,2017,210,196.28571428571428,198.0,7,yemen,YEM,YEM.20.10_1,0.0,0
YE2111,Hatib,YE21,Shabwah,2018,228,222.85714285714286,222.0,7,yemen,YEM,YEM.20.10_1,0.0,0
YE2111,Hatib,YE21,Shabwah,2022,47,47.0,47.0,1,yemen,YEM,YEM.20.10_1,0.0,0
YE2111,Hatib,YE21,Shabwah,2023,157,157.0,157.0,1,yemen,YEM,YEM.20.10_1,0.0,0
YE2111,Hatib,YE21,Shabwah,2025,161,161.0,161.0,1,yemen,YEM,YEM.20.10_1,0.0,0
YE2112,As Sa'id,YE21,Shabwah,2015,17589,17589.0,17589.0,1,yemen,YEM,,,0
YE2112,As Sa'id,YE21,Shabwah,2016,708,666.0,708.0,3,yemen,YEM,,,0
YE2112,As Sa'id,YE21,Shabwah,2017,1314,960.0,900.0,7,yemen,YEM,,,0
YE2112,As Sa'id,YE21,Shabwah,2018,900,835.0,828.0,6,yemen,YEM,,,0
YE2112,As Sa'id,YE21,Shabwah,2022,363,363.0,363.0,1,yemen,YEM,,,0
YE2112,As Sa'id,YE21,Shabwah,2023,496,496.0,496.0,1,yemen,YEM,,,0
YE2112,As Sa'id,YE21,Shabwah,2025,546,546.0,546.0,1,yemen,YEM,,,0
YE2113,Ataq,YE21,Shabwah,2015,2861,2861.0,2861.0,1,yemen,YEM,YEM.20.6_1,0.0,0
YE2113,Ataq,YE21,Shabwah,2016,3282,3068.0,3252.0,3,yemen,YEM,YEM.20.6_1,0.0,0
YE2113,Ataq,YE21,Shabwah,2017,4044,3718.285714285714,3594.0,7,yemen,YEM,YEM.20.6_1,0.0,0
YE2113,Ataq,YE21,Shabwah,2018,5286,4506.0,4362.0,7,yemen,YEM,YEM.20.6_1,0.0,0
YE2113,Ataq,YE21,Shabwah,2022,25046,25046.0,25046.0,1,yemen,YEM,YEM.20.6_1,0.0,0
YE2113,Ataq,YE21,Shabwah,2023,18104,18104.0,18104.0,1,yemen,YEM,YEM.20.6_1,0.0,0
YE2113,Ataq,YE21,Shabwah,2025,20139,20139.0,20139.0,1,yemen,YEM,YEM.20.6_1,0.0,0
YE2114,Habban,YE21,Shabwah,2015,1750,1750.0,1750.0,1,yemen,YEM,YEM.20.9_1,0.0,0
YE2114,Habban,YE21,Shabwah,2016,810,622.0,750.0,3,yemen,YEM,YEM.20.9_1,0.0,0
YE2114,Habban,YE21,Shabwah,2017,768,731.1428571428571,726.0,7,yemen,YEM,YEM.20.9_1,0.0,0
YE2114,Habban,YE21,Shabwah,2018,786,774.8571428571429,774.0,7,yemen,YEM,YEM.20.9_1,0.0,0
YE2114,Habban,YE21,Shabwah,2022,812,812.0,812.0,1,yemen,YEM,YEM.20.9_1,0.0,0
YE2114,Habban,YE21,Shabwah,2023,924,924.0,924.0,1,yemen,YEM,YEM.20.9_1,0.0,0
YE2114,Habban,YE21,Shabwah,2025,931,931.0,931.0,1,yemen,YEM,YEM.20.9_1,0.0,0
YE2115,Ar Rawdah,YE21,Shabwah,2015,195,195.0,195.0,1,yemen,YEM,YEM.20.3_1,0.0,0
YE2115,Ar Rawdah,YE21,Shabwah,2016,156,154.0,156.0,3,yemen,YEM,YEM.20.3_1,0.0,0
YE2115,Ar Rawdah,YE21,Shabwah,2017,354,284.57142857142856,306.0,7,yemen,YEM,YEM.20.3_1,0.0,0
YE2115,Ar Rawdah,YE21,Shabwah,2018,480,375.0,354.0,6,yemen,YEM,YEM.20.3_1,0.0,0
YE2115,Ar Rawdah,YE21,Shabwah,2022,976,976.0,976.0,1,yemen,YEM,YEM.20.3_1,0.0,0
YE2115,Ar Rawdah,YE21,Shabwah,2023,1460,1460.0,1460.0,1,yemen,YEM,YEM.20.3_1,0.0,0
YE2115,Ar Rawdah,YE21,Shabwah,2025,1477,1477.0,1477.0,1,yemen,YEM,YEM.20.3_1,0.0,0
YE2116,Mayfa'ah,YE21,Shabwah,2015,277,277.0,277.0,1,yemen,YEM,,,0
YE2116,Mayfa'ah,YE21,Shabwah,2016,630,478.0,606.0,3,yemen,YEM,,,0
YE2116,Mayfa'ah,YE21,Shabwah,2017,3930,1331.142857142857,816.0,7,yemen,YEM,,,0
YE2116,Mayfa'ah,YE21,Shabwah,2018,3948,2377.714285714286,2088.0,7,yemen,YEM,,,0
YE2116,Mayfa'ah,YE21,Shabwah,2022,1355,1355.0,1355.0,1,yemen,YEM,,,0
YE2116,Mayfa'ah,YE21,Shabwah,2023,1332,1332.0,1332.0,1,yemen,YEM,,,0
YE2116,Mayfa'ah,YE21,Shabwah,2025,1694,1694.0,1694.0,1,yemen,YEM,,,0
YE2117,Radum,YE21,Shabwah,2015,1170,1170.0,1170.0,1,yemen,YEM,,,0
YE2117,Radum,YE21,Shabwah,2016,1410,1330.0,1308.0,3,yemen,YEM,,,0
YE2117,Radum,YE21,Shabwah,2017,1320,1302.857142857143,1308.0,7,yemen,YEM,,,0
YE2117,Radum,YE21,Shabwah,2018,1656,1494.0,1458.0,7,yemen,YEM,,,0
YE2117,Radum,YE21,Shabwah,2022,1184,1184.0,1184.0,1,yemen,YEM,,,0
YE2117,Radum,YE21,Shabwah,2023,1071,1071.0,1071.0,1,yemen,YEM,,,0
YE2117,Radum,YE21,Shabwah,2025,1029,1029.0,1029.0,1,yemen,YEM,,,0
YE2201,Baqim,YE22,Sa'dah,2016,2106,1151.0,1128.0,4,yemen,YEM,YEM.18.4_1,1.0,0
YE2201,Baqim,YE22,Sa'dah,2017,1764,1644.0,1605.0,4,yemen,YEM,YEM.18.4_1,1.0,0
YE2201,Baqim,YE22,Sa'dah,2018,14250,7995.0,7995.0,2,yemen,YEM,YEM.18.4_1,1.0,0
YE2202,Qatabir,YE22,Sa'dah,2018,2304,1467.0,1467.0,2,yemen,YEM,YEM.18.10_1,1.0,0
YE2203,Monabbih,YE22,Sa'dah,2016,1272,1272.0,1272.0,1,yemen,YEM,YEM.18.9_1,1.0,0
YE2203,Monabbih,YE22,Sa'dah,2018,14172,7440.0,7440.0,2,yemen,YEM,YEM.18.9_1,1.0,0
YE2204,Ghamr,YE22,Sa'dah,2018,3150,3150.0,3150.0,1,yemen,YEM,YEM.18.5_1,1.0,0
YE2205,Razih,YE22,Sa'dah,2016,3138,2076.0,1614.0,3,yemen,YEM,YEM.18.11_1,1.0,0
YE2205,Razih,YE22,Sa'dah,2017,3336,3322.5,3336.0,4,yemen,YEM,YEM.18.11_1,1.0,0
YE2205,Razih,YE22,Sa'dah,2018,9798,7986.0,7986.0,2,yemen,YEM,YEM.18.11_1,1.0,0
YE2206,Shada'a,YE22,Sa'dah,2018,174,93.0,93.0,2,yemen,YEM,YEM.18.15_1,1.0,0
YE2207,Adh Dhahir,YE22,Sa'dah,2018,4200,2502.0,2502.0,2,yemen,YEM,,,0
YE2208,Haydan,YE22,Sa'dah,2018,8310,4158.0,4158.0,2,yemen,YEM,YEM.18.6_1,1.0,0
YE2209,Saqin,YE22,Sa'dah,2015,5500,5500.0,5500.0,1,yemen,YEM,,,0
YE2209,Saqin,YE22,Sa'dah,2016,41917,19566.25,16818.0,4,yemen,YEM,,,0
YE2209,Saqin,YE22,Sa'dah,2017,23562,23514.0,23538.0,4,yemen,YEM,,,0
YE2209,Saqin,YE22,Sa'dah,2018,24702,14292.0,14292.0,2,yemen,YEM,,,0
YE2210,Majz,YE22,Sa'dah,2015,8050,8050.0,8050.0,1,yemen,YEM,YEM.18.8_1,1.0,0
YE2210,Majz,YE22,Sa'dah,2016,50517,19184.25,9135.0,4,yemen,YEM,YEM.18.8_1,1.0,0
YE2210,Majz,YE22,Sa'dah,2017,11964,11256.0,11931.0,4,yemen,YEM,YEM.18.8_1,1.0,0
YE2210,Majz,YE22,Sa'dah,2018,14208,14136.0,14136.0,2,yemen,YEM,YEM.18.8_1,1.0,0
YE2211,Sahar,YE22,Sa'dah,2015,3250,3250.0,3250.0,1,yemen,YEM,YEM.18.13_1,1.0,0
YE2211,Sahar,YE22,Sa'dah,2016,29778,20536.0,22251.0,4,yemen,YEM,YEM.18.13_1,1.0,0
YE2211,Sahar,YE22,Sa'dah,2017,30150,27480.0,26643.0,4,yemen,YEM,YEM.18.13_1,1.0,0
YE2211,Sahar,YE22,Sa'dah,2018,43896,35556.0,35556.0,2,yemen,YEM,YEM.18.13_1,1.0,0
YE2212,As Safra,YE22,Sa'dah,2015,3370,3370.0,3370.0,1,yemen,YEM,YEM.18.3_1,1.0,0
YE2212,As Safra,YE22,Sa'dah,2016,14250,7472.25,5835.0,4,yemen,YEM,YEM.18.3_1,1.0,0
YE2212,As Safra,YE22,Sa'dah,2017,14454,11958.0,11154.0,4,yemen,YEM,YEM.18.3_1,1.0,0
YE2212,As Safra,YE22,Sa'dah,2018,16548,15240.0,15240.0,2,yemen,YEM,YEM.18.3_1,1.0,0
YE2213,Al Hashwah,YE22,Sa'dah,2016,4020,2596.5,2787.0,4,yemen,YEM,YEM.18.2_1,1.0,0
YE2213,Al Hashwah,YE22,Sa'dah,2017,4506,4224.0,4359.0,4,yemen,YEM,YEM.18.2_1,1.0,0
YE2213,Al Hashwah,YE22,Sa'dah,2018,4506,2793.0,2793.0,2,yemen,YEM,YEM.18.2_1,1.0,0
YE2214,Kitaf wa Al Boqa',YE22,Sa'dah,2016,31036,12551.5,7608.0,4,yemen,YEM,,,0
YE2214,Kitaf wa Al Boqa',YE22,Sa'dah,2017,9048,7470.0,7032.0,4,yemen,YEM,,,0
YE2214,Kitaf wa Al Boqa',YE22,Sa'dah,2018,16032,11406.0,11406.0,2,yemen,YEM,,,0
YE2215,Sa'dah,YE22,Sa'dah,2015,3000,3000.0,3000.0,1,yemen,YEM,,,0
YE2215,Sa'dah,YE22,Sa'dah,2016,7926,7371.25,7515.0,4,yemen,YEM,,,0
YE2215,Sa'dah,YE22,Sa'dah,2017,16632,14185.5,16032.0,4,yemen,YEM,,,0
YE2215,Sa'dah,YE22,Sa'dah,2018,20118,19482.0,19482.0,2,yemen,YEM,,,0
YE2301,Hamdan,YE23,Sana'a,2015,921,921.0,921.0,1,yemen,YEM,YEM.19.10_1,1.0,0
YE2301,Hamdan,YE23,Sana'a,2016,29268,20989.75,20703.5,4,yemen,YEM,YEM.19.10_1,1.0,0
YE2301,Hamdan,YE23,Sana'a,2017,12108,11841.0,12078.0,4,yemen,YEM,YEM.19.10_1,1.0,0
YE2301,Hamdan,YE23,Sana'a,2018,38652,25380.0,25380.0,2,yemen,YEM,YEM.19.10_1,1.0,0
YE2302,Arhab,YE23,Sana'a,2016,28668,21313.5,19665.0,4,yemen,YEM,YEM.19.4_1,1.0,0
YE2302,Arhab,YE23,Sana'a,2017,13512,12688.5,12438.0,4,yemen,YEM,YEM.19.4_1,1.0,0
YE2302,Arhab,YE23,Sana'a,2018,12438,6948.0,6948.0,2,yemen,YEM,YEM.19.4_1,1.0,0
YE2303,Nihm,YE23,Sana'a,2015,921,921.0,921.0,1,yemen,YEM,YEM.19.14_1,1.0,0
YE2303,Nihm,YE23,Sana'a,2016,27668,22109.0,23736.0,4,yemen,YEM,YEM.19.14_1,1.0,0
YE2303,Nihm,YE23,Sana'a,2017,11796,9744.0,9159.0,4,yemen,YEM,YEM.19.14_1,1.0,0
YE2303,Nihm,YE23,Sana'a,2018,8862,6615.0,6615.0,2,yemen,YEM,YEM.19.14_1,1.0,0
YE2304,Bani Hushaysh,YE23,Sana'a,2015,1311,1311.0,1311.0,1,yemen,YEM,YEM.19.7_1,1.0,0
YE2304,Bani Hushaysh,YE23,Sana'a,2016,10548,8969.75,9885.0,4,yemen,YEM,YEM.19.7_1,1.0,0
YE2304,Bani Hushaysh,YE23,Sana'a,2017,10794,10635.0,10794.0,4,yemen,YEM,YEM.19.7_1,1.0,0
YE2304,Bani Hushaysh,YE23,Sana'a,2018,10794,6705.0,6705.0,2,yemen,YEM,YEM.19.7_1,1.0,0
YE2305,Sanhan wa Bani Bahlul,YE23,Sana'a,2015,72,72.0,72.0,1,yemen,YEM,,,0
YE2305,Sanhan wa Bani Bahlul,YE23,Sana'a,2016,20586,14830.0,15828.0,4,yemen,YEM,,,0
YE2305,Sanhan wa Bani Bahlul,YE23,Sana'a,2017,13182,8172.0,6762.0,4,yemen,YEM,,,0
YE2305,Sanhan wa Bani Bahlul,YE23,Sana'a,2018,23340,14661.0,14661.0,2,yemen,YEM,,,0
YE2306,Bilad Ar Rus,YE23,Sana'a,2016,2426,1575.5,1362.0,4,yemen,YEM,YEM.19.9_1,0.0,0
YE2306,Bilad Ar Rus,YE23,Sana'a,2017,1338,1260.0,1302.0,4,yemen,YEM,YEM.19.9_1,0.0,0
YE2306,Bilad Ar Rus,YE23,Sana'a,2018,1338,1245.0,1245.0,2,yemen,YEM,YEM.19.9_1,0.0,0
YE2307,Bani Matar,YE23,Sana'a,2016,34134,25524.0,27318.0,4,yemen,YEM,YEM.19.8_1,0.0,0
YE2307,Bani Matar,YE23,Sana'a,2017,12282,10452.0,9888.0,4,yemen,YEM,YEM.19.8_1,0.0,0
YE2307,Bani Matar,YE23,Sana'a,2018,9888,7215.0,7215.0,2,yemen,YEM,YEM.19.8_1,0.0,0
YE2308,Al Haymah Ad Dakhiliyah,YE23,Sana'a,2016,14268,10719.0,12909.0,4,yemen,YEM,YEM.19.1_1,0.0,0
YE2308,Al Haymah Ad Dakhiliyah,YE23,Sana'a,2017,11100,9450.0,8946.0,4,yemen,YEM,YEM.19.1_1,0.0,0
YE2308,Al Haymah Ad Dakhiliyah,YE23,Sana'a,2018,8946,4809.0,4809.0,2,yemen,YEM,YEM.19.1_1,0.0,0
YE2309,Al Haymah Al Kharijiyah,YE23,Sana'a,2015,921,921.0,921.0,1,yemen,YEM,YEM.19.2_1,0.0,0
YE2309,Al Haymah Al Kharijiyah,YE23,Sana'a,2016,8142,6838.0,7518.0,4,yemen,YEM,YEM.19.2_1,0.0,0
YE2309,Al Haymah Al Kharijiyah,YE23,Sana'a,2017,7668,6583.5,6234.0,4,yemen,YEM,YEM.19.2_1,0.0,0
YE2309,Al Haymah Al Kharijiyah,YE23,Sana'a,2018,6234,3744.0,3744.0,2,yemen,YEM,YEM.19.2_1,0.0,0
YE2310,Manakhah,YE23,Sana'a,2016,15960,14543.25,14502.0,4,yemen,YEM,YEM.19.13_1,0.0,0
YE2310,Manakhah,YE23,Sana'a,2017,16500,15883.5,15933.0,4,yemen,YEM,YEM.19.13_1,0.0,0
YE2310,Manakhah,YE23,Sana'a,2018,16500,10779.0,10779.0,2,yemen,YEM,YEM.19.13_1,0.0,0
YE2311,Sa'fan,YE23,Sana'a,2016,3396,3094.5,3315.0,4,yemen,YEM,YEM.19.15_1,0.0,0
YE2311,Sa'fan,YE23,Sana'a,2017,3402,3073.5,2964.0,4,yemen,YEM,YEM.19.15_1,0.0,0
YE2311,Sa'fan,YE23,Sana'a,2018,4032,3498.0,3498.0,2,yemen,YEM,YEM.19.15_1,0.0,0
YE2312,Khawlan,YE23,Sana'a,2016,7686,6945.5,6981.0,4,yemen,YEM,,,0
YE2312,Khawlan,YE23,Sana'a,2017,6666,5938.5,5724.0,4,yemen,YEM,,,0
YE2312,Khawlan,YE23,Sana'a,2018,5724,3912.0,3912.0,2,yemen,YEM,,,0
YE2313,At Tyal,YE23,Sana'a,2016,8046,7504.75,7446.5,4,yemen,YEM,,,0
YE2313,At Tyal,YE23,Sana'a,2017,8466,8233.5,8289.0,4,yemen,YEM,,,0
YE2313,At Tyal,YE23,Sana'a,2018,8466,6990.0,6990.0,2,yemen,YEM,,,0
YE2314,Bani Dabyan,YE23,Sana'a,2016,9372,8726.75,8864.5,4,yemen,YEM,,,0
YE2314,Bani Dabyan,YE23,Sana'a,2017,10998,10311.0,10437.0,4,yemen,YEM,,,0
YE2314,Bani Dabyan,YE23,Sana'a,2018,10998,5844.0,5844.0,2,yemen,YEM,,,0
YE2315,Al Hissn,YE23,Sana'a,2016,13535,8653.25,8349.0,4,yemen,YEM,,,0
YE2315,Al Hissn,YE23,Sana'a,2017,3438,3070.5,3033.0,4,yemen,YEM,,,0
YE2315,Al Hissn,YE23,Sana'a,2018,2778,1593.0,1593.0,2,yemen,YEM,,,0
YE2316,Jihanah,YE23,Sana'a,2016,6702,3865.0,3476.0,4,yemen,YEM,YEM.19.11_1,0.0,0
YE2316,Jihanah,YE23,Sana'a,2017,2004,1894.5,1953.0,4,yemen,YEM,YEM.19.11_1,0.0,0
YE2316,Jihanah,YE23,Sana'a,2018,2610,2307.0,2307.0,2,yemen,YEM,YEM.19.11_1,0.0,0
YE2401,Dar Sa'd,YE24,Aden,2015,30779,30779.0,30779.0,1,yemen,YEM,,,0
YE2401,Dar Sa'd,YE24,Aden,2016,7326,4724.0,3996.0,3,yemen,YEM,,,0
YE2401,Dar Sa'd,YE24,Aden,2017,9660,9159.42857142857,9306.0,7,yemen,YEM,,,0
YE2401,Dar Sa'd,YE24,Aden,2018,13302,10920.0,10638.0,7,yemen,YEM,,,0
YE2401,Dar Sa'd,YE24,Aden,2022,37350,37350.0,37350.0,1,yemen,YEM,,,0
YE2401,Dar Sa'd,YE24,Aden,2023,68237,68237.0,68237.0,1,yemen,YEM,,,0
YE2401,Dar Sa'd,YE24,Aden,2025,68890,68890.0,68890.0,1,yemen,YEM,,,0
YE2402,Ash Shaykh Othman,YE24,Aden,2015,43302,43302.0,43302.0,1,yemen,YEM,,,0
YE2402,Ash Shaykh Othman,YE24,Aden,2016,2982,2832.0,2886.0,3,yemen,YEM,,,0
YE2402,Ash Shaykh Othman,YE24,Aden,2017,4596,4319.142857142857,4278.0,7,yemen,YEM,,,0
YE2402,Ash Shaykh Othman,YE24,Aden,2018,8370,5880.857142857143,5586.0,7,yemen,YEM,,,0
YE2402,Ash Shaykh Othman,YE24,Aden,2022,12904,12904.0,12904.0,1,yemen,YEM,,,0
YE2402,Ash Shaykh Othman,YE24,Aden,2023,59095,59095.0,59095.0,1,yemen,YEM,,,0
YE2402,Ash Shaykh Othman,YE24,Aden,2025,59095,59095.0,59095.0,1,yemen,YEM,,,0
YE2403,Al Mansurah,YE24,Aden,2015,33376,33376.0,33376.0,1,yemen,YEM,,,0
YE2403,Al Mansurah,YE24,Aden,2016,612,550.0,600.0,3,yemen,YEM,,,0
YE2403,Al Mansurah,YE24,Aden,2017,1236,928.2857142857143,882.0,7,yemen,YEM,,,0
YE2403,Al Mansurah,YE24,Aden,2018,2172,1440.0,1350.0,7,yemen,YEM,,,0
YE2403,Al Mansurah,YE24,Aden,2022,8778,8778.0,8778.0,1,yemen,YEM,,,0
YE2403,Al Mansurah,YE24,Aden,2023,63656,63656.0,63656.0,1,yemen,YEM,,,0
YE2403,Al Mansurah,YE24,Aden,2025,64404,64404.0,64404.0,1,yemen,YEM,,,0
YE2404,Al Burayqah,YE24,Aden,2015,76643,76643.0,76643.0,1,yemen,YEM,,,0
YE2404,Al Burayqah,YE24,Aden,2016,16440,15630.0,16440.0,3,yemen,YEM,,,0
YE2404,Al Burayqah,YE24,Aden,2017,19386,17672.571428571428,17616.0,7,yemen,YEM,,,0
YE2404,Al Burayqah,YE24,Aden,2018,22650,21745.714285714286,21558.0,7,yemen,YEM,,,0
YE2404,Al Burayqah,YE24,Aden,2022,25991,25991.0,25991.0,1,yemen,YEM,,,0
YE2404,Al Burayqah,YE24,Aden,2023,40636,40636.0,40636.0,1,yemen,YEM,,,0
YE2404,Al Burayqah,YE24,Aden,2025,41565,41565.0,41565.0,1,yemen,YEM,,,0
YE2405,At Tawahi,YE24,Aden,2016,2814,2798.0,2814.0,3,yemen,YEM,,,0
YE2405,At Tawahi,YE24,Aden,2017,2934,2884.285714285714,2898.0,7,yemen,YEM,,,0
YE2405,At Tawahi,YE24,Aden,2018,4098,3213.4285714285716,3072.0,7,yemen,YEM,,,0
YE2405,At Tawahi,YE24,Aden,2022,2017,2017.0,2017.0,1,yemen,YEM,,,0
YE2405,At Tawahi,YE24,Aden,2023,11025,11025.0,11025.0,1,yemen,YEM,,,0
YE2405,At Tawahi,YE24,Aden,2025,11175,11175.0,11175.0,1,yemen,YEM,,,0
YE2406,Al Mu'alla,YE24,Aden,2016,624,594.0,624.0,3,yemen,YEM,,,0
YE2406,Al Mu'alla,YE24,Aden,2017,864,756.0,780.0,7,yemen,YEM,,,0
YE2406,Al Mu'alla,YE24,Aden,2018,2154,1112.5714285714287,1008.0,7,yemen,YEM,,,0
YE2406,Al Mu'alla,YE24,Aden,2022,5129,5129.0,5129.0,1,yemen,YEM,,,0
YE2406,Al Mu'alla,YE24,Aden,2023,21875,21875.0,21875.0,1,yemen,YEM,,,0
YE2406,Al Mu'alla,YE24,Aden,2025,21640,21640.0,21640.0,1,yemen,YEM,,,0
YE2407,Kritar - Sirah,YE24,Aden,2016,1140,1040.0,990.0,3,yemen,YEM,,,0
YE2407,Kritar - Sirah,YE24,Aden,2017,2556,2048.5714285714284,2100.0,7,yemen,YEM,,,0
YE2407,Kritar - Sirah,YE24,Aden,2018,5304,4229.142857142857,4350.0,7,yemen,YEM,,,0
YE2407,Kritar - Sirah,YE24,Aden,2022,3222,3222.0,3222.0,1,yemen,YEM,,,0
YE2407,Kritar - Sirah,YE24,Aden,2023,26556,26556.0,26556.0,1,yemen,YEM,,,0
YE2407,Kritar - Sirah,YE24,Aden,2025,26479,26479.0,26479.0,1,yemen,YEM,,,0
YE2408,Khur Maksar,YE24,Aden,2016,2172,2166.0,2172.0,3,yemen,YEM,YEM.1.8_1,0.0,0
YE2408,Khur Maksar,YE24,Aden,2017,2388,1856.5714285714287,1752.0,7,yemen,YEM,YEM.1.8_1,0.0,0
YE2408,Khur Maksar,YE24,Aden,2018,1914,1604.5714285714287,1536.0,7,yemen,YEM,YEM.1.8_1,0.0,0
YE2408,Khur Maksar,YE24,Aden,2022,4620,4620.0,4620.0,1,yemen,YEM,YEM.1.8_1,0.0,0
YE2408,Khur Maksar,YE24,Aden,2023,9763,9763.0,9763.0,1,yemen,YEM,YEM.1.8_1,0.0,0
YE2408,Khur Maksar,YE24,Aden,2025,9805,9805.0,9805.0,1,yemen,YEM,YEM.1.8_1,0.0,0
YE2501,Al Had,YE25,Lahj,2016,2664,2450.0,2664.0,3,yemen,YEM,YEM.15.2_1,0.0,0
YE2501,Al Had,YE25,Lahj,2017,2814,2518.285714285714,2556.0,7,yemen,YEM,YEM.15.2_1,0.0,0
YE2501,Al Had,YE25,Lahj,2018,2706,2578.285714285714,2682.0,7,yemen,YEM,YEM.15.2_1,0.0,0
YE2501,Al Had,YE25,Lahj,2022,3660,3660.0,3660.0,1,yemen,YEM,YEM.15.2_1,0.0,0
YE2501,Al Had,YE25,Lahj,2023,3823,3823.0,3823.0,1,yemen,YEM,YEM.15.2_1,0.0,0
YE2501,Al Had,YE25,Lahj,2025,3764,3764.0,3764.0,1,yemen,YEM,YEM.15.2_1,0.0,0
YE2502,Yafi',YE25,Lahj,2016,600,494.0,486.0,3,yemen,YEM,,,0
YE2502,Yafi',YE25,Lahj,2017,666,528.8571428571429,462.0,7,yemen,YEM,,,0
YE2502,Yafi',YE25,Lahj,2018,558,483.42857142857144,468.0,7,yemen,YEM,,,0
YE2502,Yafi',YE25,Lahj,2022,798,798.0,798.0,1,yemen,YEM,,,0
YE2502,Yafi',YE25,Lahj,2023,903,903.0,903.0,1,yemen,YEM,,,0
YE2502,Yafi',YE25,Lahj,2025,721,721.0,721.0,1,yemen,YEM,,,0
YE2503,Al Maflahi,YE25,Lahj,2016,1344,1208.0,1308.0,3,yemen,YEM,,,0
YE2503,Al Maflahi,YE25,Lahj,2017,1224,1164.0,1158.0,7,yemen,YEM,,,0
YE2503,Al Maflahi,YE25,Lahj,2018,1140,1129.7142857142858,1128.0,7,yemen,YEM,,,0
YE2503,Al Maflahi,YE25,Lahj,2022,304,304.0,304.0,1,yemen,YEM,,,0
YE2503,Al Maflahi,YE25,Lahj,2023,405,405.0,405.0,1,yemen,YEM,,,0
YE2503,Al Maflahi,YE25,Lahj,2025,432,432.0,432.0,1,yemen,YEM,,,0
YE2504,Yahr,YE25,Lahj,2016,360,344.0,348.0,3,yemen,YEM,YEM.15.15_1,0.0,0
YE2504,Yahr,YE25,Lahj,2017,720,492.85714285714283,420.0,7,yemen,YEM,YEM.15.15_1,0.0,0
YE2504,Yahr,YE25,Lahj,2018,570,549.4285714285714,570.0,7,yemen,YEM,YEM.15.15_1,0.0,0
YE2504,Yahr,YE25,Lahj,2022,733,733.0,733.0,1,yemen,YEM,YEM.15.15_1,0.0,0
YE2504,Yahr,YE25,Lahj,2023,585,585.0,585.0,1,yemen,YEM,YEM.15.15_1,0.0,0
YE2504,Yahr,YE25,Lahj,2025,393,393.0,393.0,1,yemen,YEM,YEM.15.15_1,0.0,0
YE2505,Habil Jabr,YE25,Lahj,2016,300,262.0,276.0,3,yemen,YEM,YEM.15.9_1,0.0,0
YE2505,Habil Jabr,YE25,Lahj,2017,312,296.57142857142856,300.0,7,yemen,YEM,YEM.15.9_1,0.0,0
YE2505,Habil Jabr,YE25,Lahj,2018,354,294.0,276.0,7,yemen,YEM,YEM.15.9_1,0.0,0
YE2505,Habil Jabr,YE25,Lahj,2022,609,609.0,609.0,1,yemen,YEM,YEM.15.9_1,0.0,0
YE2505,Habil Jabr,YE25,Lahj,2023,639,639.0,639.0,1,yemen,YEM,YEM.15.9_1,0.0,0
YE2505,Habil Jabr,YE25,Lahj,2025,638,638.0,638.0,1,yemen,YEM,YEM.15.9_1,0.0,0
YE2506,Halmin,YE25,Lahj,2015,347,347.0,347.0,1,yemen,YEM,,,0
YE2506,Halmin,YE25,Lahj,2016,210,194.0,210.0,3,yemen,YEM,,,0
YE2506,Halmin,YE25,Lahj,2017,318,258.85714285714283,228.0,7,yemen,YEM,,,0
YE2506,Halmin,YE25,Lahj,2018,360,353.14285714285717,360.0,7,yemen,YEM,,,0
YE2506,Halmin,YE25,Lahj,2022,350,350.0,350.0,1,yemen,YEM,,,0
YE2506,Halmin,YE25,Lahj,2023,1544,1544.0,1544.0,1,yemen,YEM,,,0
YE2506,Halmin,YE25,Lahj,2025,1591,1591.0,1591.0,1,yemen,YEM,,,0
YE2507,Radfan,YE25,Lahj,2015,1750,1750.0,1750.0,1,yemen,YEM,YEM.15.11_1,0.0,0
YE2507,Radfan,YE25,Lahj,2016,882,858.0,864.0,3,yemen,YEM,YEM.15.11_1,0.0,0
YE2507,Radfan,YE25,Lahj,2017,984,915.4285714285714,894.0,7,yemen,YEM,YEM.15.11_1,0.0,0
YE2507,Radfan,YE25,Lahj,2018,1098,1038.857142857143,1056.0,7,yemen,YEM,YEM.15.11_1,0.0,0
YE2507,Radfan,YE25,Lahj,2022,3325,3325.0,3325.0,1,yemen,YEM,YEM.15.11_1,0.0,0
YE2507,Radfan,YE25,Lahj,2023,3426,3426.0,3426.0,1,yemen,YEM,YEM.15.11_1,0.0,0
YE2507,Radfan,YE25,Lahj,2025,3466,3466.0,3466.0,1,yemen,YEM,YEM.15.11_1,0.0,0
YE2508,Al Malah,YE25,Lahj,2016,702,660.0,660.0,3,yemen,YEM,,,0
YE2508,Al Malah,YE25,Lahj,2017,756,658.2857142857143,606.0,7,yemen,YEM,,,0
YE2508,Al Malah,YE25,Lahj,2018,738,724.2857142857143,714.0,7,yemen,YEM,,,0
YE2508,Al Malah,YE25,Lahj,2022,475,475.0,475.0,1,yemen,YEM,,,0
YE2508,Al Malah,YE25,Lahj,2023,692,692.0,692.0,1,yemen,YEM,,,0
YE2508,Al Malah,YE25,Lahj,2025,1043,1043.0,1043.0,1,yemen,YEM,,,0
YE2509,Al Musaymir,YE25,Lahj,2016,624,568.0,570.0,3,yemen,YEM,YEM.15.7_1,0.0,0
YE2509,Al Musaymir,YE25,Lahj,2017,582,531.4285714285714,552.0,7,yemen,YEM,YEM.15.7_1,0.0,0
YE2509,Al Musaymir,YE25,Lahj,2018,912,542.5714285714286,486.0,7,yemen,YEM,YEM.15.7_1,0.0,0
YE2509,Al Musaymir,YE25,Lahj,2022,1171,1171.0,1171.0,1,yemen,YEM,YEM.15.7_1,0.0,0
YE2509,Al Musaymir,YE25,Lahj,2023,2107,2107.0,2107.0,1,yemen,YEM,YEM.15.7_1,0.0,0
YE2509,Al Musaymir,YE25,Lahj,2025,5127,5127.0,5127.0,1,yemen,YEM,YEM.15.7_1,0.0,0
YE2510,Al Qubaytah,YE25,Lahj,2016,20292,18914.0,18510.0,3,yemen,YEM,,,0
YE2510,Al Qubaytah,YE25,Lahj,2017,16686,15236.57142857143,14898.0,7,yemen,YEM,,,0
YE2510,Al Qubaytah,YE25,Lahj,2018,16524,14927.142857142857,14820.0,7,yemen,YEM,,,0
YE2510,Al Qubaytah,YE25,Lahj,2022,2505,2505.0,2505.0,1,yemen,YEM,,,0
YE2510,Al Qubaytah,YE25,Lahj,2023,5082,5082.0,5082.0,1,yemen,YEM,,,0
YE2510,Al Qubaytah,YE25,Lahj,2025,4995,4995.0,4995.0,1,yemen,YEM,,,0
YE2511,Tur Al Bahah,YE25,Lahj,2015,7875,7875.0,7875.0,1,yemen,YEM,YEM.15.13_1,0.0,0
YE2511,Tur Al Bahah,YE25,Lahj,2016,4128,3648.0,3738.0,3,yemen,YEM,YEM.15.13_1,0.0,0
YE2511,Tur Al Bahah,YE25,Lahj,2017,5586,3420.0,3768.0,7,yemen,YEM,YEM.15.13_1,0.0,0
YE2511,Tur Al Bahah,YE25,Lahj,2018,5994,5620.285714285715,5904.0,7,yemen,YEM,YEM.15.13_1,0.0,0
YE2511,Tur Al Bahah,YE25,Lahj,2022,2341,2341.0,2341.0,1,yemen,YEM,YEM.15.13_1,0.0,0
YE2511,Tur Al Bahah,YE25,Lahj,2023,2648,2648.0,2648.0,1,yemen,YEM,YEM.15.13_1,0.0,0
YE2511,Tur Al Bahah,YE25,Lahj,2025,2760,2760.0,2760.0,1,yemen,YEM,YEM.15.13_1,0.0,0
YE2512,Al Maqatirah,YE25,Lahj,2016,12840,12702.0,12768.0,3,yemen,YEM,YEM.15.5_1,0.0,0
YE2512,Al Maqatirah,YE25,Lahj,2017,12654,10588.285714285714,10104.0,7,yemen,YEM,YEM.15.5_1,0.0,0
YE2512,Al Maqatirah,YE25,Lahj,2018,9216,8507.142857142857,8382.0,7,yemen,YEM,YEM.15.5_1,0.0,0
YE2512,Al Maqatirah,YE25,Lahj,2022,3785,3785.0,3785.0,1,yemen,YEM,YEM.15.5_1,0.0,0
YE2512,Al Maqatirah,YE25,Lahj,2023,3786,3786.0,3786.0,1,yemen,YEM,YEM.15.5_1,0.0,0
YE2512,Al Maqatirah,YE25,Lahj,2025,3484,3484.0,3484.0,1,yemen,YEM,YEM.15.5_1,0.0,0
YE2513,Al Madaribah Wa Al Aarah,YE25,Lahj,2016,8988,7994.0,7596.0,3,yemen,YEM,,,0
YE2513,Al Madaribah Wa Al Aarah,YE25,Lahj,2017,12042,10476.857142857143,10482.0,7,yemen,YEM,,,0
YE2513,Al Madaribah Wa Al Aarah,YE25,Lahj,2018,13836,12078.857142857143,13362.0,7,yemen,YEM,,,0
YE2513,Al Madaribah Wa Al Aarah,YE25,Lahj,2022,2425,2425.0,2425.0,1,yemen,YEM,,,0
YE2513,Al Madaribah Wa Al Aarah,YE25,Lahj,2023,3098,3098.0,3098.0,1,yemen,YEM,,,0
YE2513,Al Madaribah Wa Al Aarah,YE25,Lahj,2025,2894,2894.0,2894.0,1,yemen,YEM,,,0
YE2514,Al Hawtah,YE25,Lahj,2016,624,610.0,612.0,3,yemen,YEM,YEM.15.1_1,0.0,0
YE2514,Al Hawtah,YE25,Lahj,2017,738,648.0,642.0,7,yemen,YEM,YEM.15.1_1,0.0,0
YE2514,Al Hawtah,YE25,Lahj,2018,1638,1294.2857142857142,1236.0,7,yemen,YEM,YEM.15.1_1,0.0,0
YE2514,Al Hawtah,YE25,Lahj,2022,1881,1881.0,1881.0,1,yemen,YEM,YEM.15.1_1,0.0,0
YE2514,Al Hawtah,YE25,Lahj,2023,2020,2020.0,2020.0,1,yemen,YEM,YEM.15.1_1,0.0,0
YE2514,Al Hawtah,YE25,Lahj,2025,1920,1920.0,1920.0,1,yemen,YEM,YEM.15.1_1,0.0,0
YE2515,Tuban,YE25,Lahj,2015,28512,28512.0,28512.0,1,yemen,YEM,YEM.15.12_1,0.0,0
YE2515,Tuban,YE25,Lahj,2016,6804,5688.0,5292.0,3,yemen,YEM,YEM.15.12_1,0.0,0
YE2515,Tuban,YE25,Lahj,2017,14460,10393.714285714286,9984.0,7,yemen,YEM,YEM.15.12_1,0.0,0
YE2515,Tuban,YE25,Lahj,2018,27810,22305.428571428572,22140.0,7,yemen,YEM,YEM.15.12_1,0.0,0
YE2515,Tuban,YE25,Lahj,2022,27971,27971.0,27971.0,1,yemen,YEM,YEM.15.12_1,0.0,0
YE2515,Tuban,YE25,Lahj,2023,33701,33701.0,33701.0,1,yemen,YEM,YEM.15.12_1,0.0,0
YE2515,Tuban,YE25,Lahj,2025,33682,33682.0,33682.0,1,yemen,YEM,YEM.15.12_1,0.0,0
YE2601,Majzar,YE26,Ma'rib,2015,2875,2875.0,2875.0,1,yemen,YEM,YEM.16.8_1,1.0,0
YE2601,Majzar,YE26,Ma'rib,2016,1746,1135.75,1137.0,4,yemen,YEM,YEM.16.8_1,1.0,0
YE2601,Majzar,YE26,Ma'rib,2017,6480,5274.0,6423.0,4,yemen,YEM,YEM.16.8_1,1.0,0
YE2601,Majzar,YE26,Ma'rib,2018,18540,12510.0,12510.0,2,yemen,YEM,YEM.16.8_1,1.0,0
YE2602,Raghwan,YE26,Ma'rib,2016,768,625.75,699.0,4,yemen,YEM,YEM.16.12_1,1.0,0
YE2602,Raghwan,YE26,Ma'rib,2017,786,781.5,786.0,4,yemen,YEM,YEM.16.12_1,1.0,0
YE2602,Raghwan,YE26,Ma'rib,2018,8484,4635.0,4635.0,2,yemen,YEM,YEM.16.12_1,1.0,0
YE2602,Raghwan,YE26,Ma'rib,2022,20981,20981.0,20981.0,1,yemen,YEM,YEM.16.12_1,1.0,0
YE2602,Raghwan,YE26,Ma'rib,2023,20470,20470.0,20470.0,1,yemen,YEM,YEM.16.12_1,1.0,0
YE2602,Raghwan,YE26,Ma'rib,2025,21157,21157.0,21157.0,1,yemen,YEM,YEM.16.12_1,1.0,0
YE2603,Madghal Al Jid'an,YE26,Ma'rib,2015,2875,2875.0,2875.0,1,yemen,YEM,,,0
YE2603,Madghal Al Jid'an,YE26,Ma'rib,2016,4122,2278.5,2382.0,4,yemen,YEM,,,0
YE2603,Madghal Al Jid'an,YE26,Ma'rib,2017,3942,3838.5,3921.0,4,yemen,YEM,,,0
YE2603,Madghal Al Jid'an,YE26,Ma'rib,2018,16188,10065.0,10065.0,2,yemen,YEM,,,0
YE2604,Harib Al Qaramish,YE26,Ma'rib,2016,1560,1425.0,1548.0,4,yemen,YEM,YEM.16.5_1,1.0,0
YE2604,Harib Al Qaramish,YE26,Ma'rib,2017,2370,2160.0,2355.0,4,yemen,YEM,YEM.16.5_1,1.0,0
YE2604,Harib Al Qaramish,YE26,Ma'rib,2018,6858,5190.0,5190.0,2,yemen,YEM,YEM.16.5_1,1.0,0
YE2605,Bidbadah,YE26,Ma'rib,2016,648,393.75,331.5,4,yemen,YEM,YEM.16.3_1,0.0,0
YE2605,Bidbadah,YE26,Ma'rib,2017,384,357.0,378.0,4,yemen,YEM,YEM.16.3_1,0.0,0
YE2605,Bidbadah,YE26,Ma'rib,2018,5154,2868.0,2868.0,2,yemen,YEM,YEM.16.3_1,0.0,0
YE2606,Sirwah,YE26,Ma'rib,2015,6780,6780.0,6780.0,1,yemen,YEM,YEM.16.14_1,0.0,0
YE2606,Sirwah,YE26,Ma'rib,2016,7896,6963.5,7515.0,4,yemen,YEM,YEM.16.14_1,0.0,0
YE2606,Sirwah,YE26,Ma'rib,2017,11148,10090.5,10746.0,4,yemen,YEM,YEM.16.14_1,0.0,0
YE2606,Sirwah,YE26,Ma'rib,2018,29154,20835.0,20835.0,2,yemen,YEM,YEM.16.14_1,0.0,0
YE2607,Al Jubah,YE26,Ma'rib,2016,3464,2220.5,1833.0,4,yemen,YEM,YEM.16.2_1,0.0,0
YE2607,Al Jubah,YE26,Ma'rib,2017,1854,1794.0,1782.0,4,yemen,YEM,YEM.16.2_1,0.0,0
YE2607,Al Jubah,YE26,Ma'rib,2018,6900,4320.0,4320.0,2,yemen,YEM,YEM.16.2_1,0.0,0
YE2608,Rahabah,YE26,Ma'rib,2016,884,738.5,744.0,4,yemen,YEM,YEM.16.13_1,0.0,0
YE2608,Rahabah,YE26,Ma'rib,2017,1794,1563.0,1794.0,4,yemen,YEM,YEM.16.13_1,0.0,0
YE2608,Rahabah,YE26,Ma'rib,2018,2646,2220.0,2220.0,2,yemen,YEM,YEM.16.13_1,0.0,0
YE2609,Harib,YE26,Ma'rib,2016,1248,1150.5,1173.0,4,yemen,YEM,YEM.16.4_1,0.0,0
YE2609,Harib,YE26,Ma'rib,2017,3054,2596.5,3042.0,4,yemen,YEM,YEM.16.4_1,0.0,0
YE2609,Harib,YE26,Ma'rib,2018,7386,5214.0,5214.0,2,yemen,YEM,YEM.16.4_1,0.0,0
YE2609,Harib,YE26,Ma'rib,2022,98949,98949.0,98949.0,1,yemen,YEM,YEM.16.4_1,0.0,0
YE2609,Harib,YE26,Ma'rib,2023,100571,100571.0,100571.0,1,yemen,YEM,YEM.16.4_1,0.0,0
YE2609,Harib,YE26,Ma'rib,2025,105487,105487.0,105487.0,1,yemen,YEM,YEM.16.4_1,0.0,0
YE2610,Mahliyah,YE26,Ma'rib,2016,1482,1205.75,1374.0,4,yemen,YEM,YEM.16.7_1,0.0,0
YE2610,Mahliyah,YE26,Ma'rib,2017,3846,3241.5,3822.0,4,yemen,YEM,YEM.16.7_1,0.0,0
YE2610,Mahliyah,YE26,Ma'rib,2018,3822,3132.0,3132.0,2,yemen,YEM,YEM.16.7_1,0.0,0
YE2611,Al Abdiyah,YE26,Ma'rib,2016,444,338.75,341.5,4,yemen,YEM,YEM.16.1_1,0.0,0
YE2611,Al Abdiyah,YE26,Ma'rib,2017,720,601.5,720.0,4,yemen,YEM,YEM.16.1_1,0.0,0
YE2611,Al Abdiyah,YE26,Ma'rib,2018,14826,7836.0,7836.0,2,yemen,YEM,YEM.16.1_1,0.0,0
YE2611,Al Abdiyah,YE26,Ma'rib,2022,1837,1837.0,1837.0,1,yemen,YEM,YEM.16.1_1,0.0,0
YE2611,Al Abdiyah,YE26,Ma'rib,2023,3424,3424.0,3424.0,1,yemen,YEM,YEM.16.1_1,0.0,0
YE2611,Al Abdiyah,YE26,Ma'rib,2025,4062,4062.0,4062.0,1,yemen,YEM,YEM.16.1_1,0.0,0
YE2612,Ma'rib City,YE26,Ma'rib,2015,1962,1962.0,1962.0,1,yemen,YEM,,,0
YE2612,Ma'rib City,YE26,Ma'rib,2016,13722,10404.75,11256.0,4,yemen,YEM,,,0
YE2612,Ma'rib City,YE26,Ma'rib,2017,25320,22275.0,23757.0,4,yemen,YEM,,,0
YE2612,Ma'rib City,YE26,Ma'rib,2018,577854,301587.0,301587.0,2,yemen,YEM,,,0
YE2612,Ma'rib City,YE26,Ma'rib,2022,1096000,1096000.0,1096000.0,1,yemen,YEM,,,0
YE2612,Ma'rib City,YE26,Ma'rib,2023,1130367,1130367.0,1130367.0,1,yemen,YEM,,,0
YE2612,Ma'rib City,YE26,Ma'rib,2025,1261730,1261730.0,1261730.0,1,yemen,YEM,,,0
YE2613,Ma'rib,YE26,Ma'rib,2016,12462,10140.5,11721.0,4,yemen,YEM,,,0
YE2613,Ma'rib,YE26,Ma'rib,2017,12246,11007.0,10656.0,4,yemen,YEM,,,0
YE2613,Ma'rib,YE26,Ma'rib,2018,71742,41220.0,41220.0,2,yemen,YEM,,,0
YE2613,Ma'rib,YE26,Ma'rib,2022,254467,254467.0,254467.0,1,yemen,YEM,,,0
YE2613,Ma'rib,YE26,Ma'rib,2023,351128,351128.0,351128.0,1,yemen,YEM,,,0
YE2613,Ma'rib,YE26,Ma'rib,2025,399586,399586.0,399586.0,1,yemen,YEM,,,0
YE2614,Jabal Murad,YE26,Ma'rib,2016,894,789.0,834.0,4,yemen,YEM,YEM.16.6_1,0.0,0
YE2614,Jabal Murad,YE26,Ma'rib,2017,1788,1560.0,1779.0,4,yemen,YEM,YEM.16.6_1,0.0,0
YE2614,Jabal Murad,YE26,Ma'rib,2018,1854,1821.0,1821.0,2,yemen,YEM,YEM.16.6_1,0.0,0
YE2701,Shibam Kawkaban,YE27,Al Mahwit,2015,2700,2700.0,2700.0,1,yemen,YEM,YEM.8.9_1,1.0,0
YE2701,Shibam Kawkaban,YE27,Al Mahwit,2016,2286,1698.0,1575.0,4,yemen,YEM,YEM.8.9_1,1.0,0
YE2701,Shibam Kawkaban,YE27,Al Mahwit,2017,1260,1203.0,1248.0,4,yemen,YEM,YEM.8.9_1,1.0,0
YE2701,Shibam Kawkaban,YE27,Al Mahwit,2018,4272,2778.0,2778.0,2,yemen,YEM,YEM.8.9_1,1.0,0
YE2702,At Tawilah,YE27,Al Mahwit,2015,3000,3000.0,3000.0,1,yemen,YEM,YEM.8.5_1,1.0,0
YE2702,At Tawilah,YE27,Al Mahwit,2016,6468,4823.5,4893.0,4,yemen,YEM,YEM.8.5_1,1.0,0
YE2702,At Tawilah,YE27,Al Mahwit,2017,4458,3834.0,3642.0,4,yemen,YEM,YEM.8.5_1,1.0,0
YE2702,At Tawilah,YE27,Al Mahwit,2018,3642,2934.0,2934.0,2,yemen,YEM,YEM.8.5_1,1.0,0
YE2703,Ar Rujum,YE27,Al Mahwit,2015,4200,4200.0,4200.0,1,yemen,YEM,YEM.8.4_1,1.0,0
YE2703,Ar Rujum,YE27,Al Mahwit,2016,7170,5666.75,6351.0,4,yemen,YEM,YEM.8.4_1,1.0,0
YE2703,Ar Rujum,YE27,Al Mahwit,2017,6354,6228.0,6312.0,4,yemen,YEM,YEM.8.4_1,1.0,0
YE2703,Ar Rujum,YE27,Al Mahwit,2018,6360,4479.0,4479.0,2,yemen,YEM,YEM.8.4_1,1.0,0
YE2704,Al Khabt,YE27,Al Mahwit,2015,1064,1064.0,1064.0,1,yemen,YEM,YEM.8.1_1,1.0,0
YE2704,Al Khabt,YE27,Al Mahwit,2016,5094,3806.25,3580.5,4,yemen,YEM,YEM.8.1_1,1.0,0
YE2704,Al Khabt,YE27,Al Mahwit,2017,3372,3277.5,3252.0,4,yemen,YEM,YEM.8.1_1,1.0,0
YE2704,Al Khabt,YE27,Al Mahwit,2018,7086,6213.0,6213.0,2,yemen,YEM,YEM.8.1_1,1.0,0
YE2705,Melhan,YE27,Al Mahwit,2015,3600,3600.0,3600.0,1,yemen,YEM,,,0
YE2705,Melhan,YE27,Al Mahwit,2016,6792,5522.5,6012.0,4,yemen,YEM,,,0
YE2705,Melhan,YE27,Al Mahwit,2017,7650,7356.0,7479.0,4,yemen,YEM,,,0
YE2705,Melhan,YE27,Al Mahwit,2018,7662,5214.0,5214.0,2,yemen,YEM,,,0
YE2706,Hufash,YE27,Al Mahwit,2015,1986,1986.0,1986.0,1,yemen,YEM,YEM.8.7_1,0.0,0
YE2706,Hufash,YE27,Al Mahwit,2016,6936,5429.0,5137.0,4,yemen,YEM,YEM.8.7_1,0.0,0
YE2706,Hufash,YE27,Al Mahwit,2017,4194,3871.5,3774.0,4,yemen,YEM,YEM.8.7_1,0.0,0
YE2706,Hufash,YE27,Al Mahwit,2018,3774,3561.0,3561.0,2,yemen,YEM,YEM.8.7_1,0.0,0
YE2707,Bani Sa'd,YE27,Al Mahwit,2015,4200,4200.0,4200.0,1,yemen,YEM,YEM.8.6_1,0.0,0
YE2707,Bani Sa'd,YE27,Al Mahwit,2016,16758,13471.25,12785.5,4,yemen,YEM,YEM.8.6_1,0.0,0
YE2707,Bani Sa'd,YE27,Al Mahwit,2017,11952,9592.5,9114.0,4,yemen,YEM,YEM.8.6_1,0.0,0
YE2707,Bani Sa'd,YE27,Al Mahwit,2018,9210,7008.0,7008.0,2,yemen,YEM,YEM.8.6_1,0.0,0
YE2708,Al Mahwit City,YE27,Al Mahwit,2015,4800,4800.0,4800.0,1,yemen,YEM,,,0
YE2708,Al Mahwit City,YE27,Al Mahwit,2016,3967,3006.25,2844.0,4,yemen,YEM,,,0
YE2708,Al Mahwit City,YE27,Al Mahwit,2017,2220,1611.0,1488.0,4,yemen,YEM,,,0
YE2708,Al Mahwit City,YE27,Al Mahwit,2018,4968,3291.0,3291.0,2,yemen,YEM,,,0
YE2709,Al Mahwit,YE27,Al Mahwit,2015,6700,6700.0,6700.0,1,yemen,YEM,,,0
YE2709,Al Mahwit,YE27,Al Mahwit,2016,4002,3347.75,3509.5,4,yemen,YEM,,,0
YE2709,Al Mahwit,YE27,Al Mahwit,2017,3966,3660.0,3648.0,4,yemen,YEM,,,0
YE2709,Al Mahwit,YE27,Al Mahwit,2018,9462,6534.0,6534.0,2,yemen,YEM,,,0
YE2801,Shahin,YE28,Al Maharah,2016,270,232.0,270.0,3,yemen,YEM,,,0
YE2801,Shahin,YE28,Al Maharah,2017,174,132.85714285714286,102.0,7,yemen,YEM,,,0
YE2801,Shahin,YE28,Al Maharah,2018,180,144.0,138.0,7,yemen,YEM,,,0
YE2801,Shahin,YE28,Al Maharah,2022,2302,2302.0,2302.0,1,yemen,YEM,,,0
YE2801,Shahin,YE28,Al Maharah,2023,3035,3035.0,3035.0,1,yemen,YEM,,,0
YE2801,Shahin,YE28,Al Maharah,2025,4844,4844.0,4844.0,1,yemen,YEM,,,0
YE2802,Hat,YE28,Al Maharah,2016,36,24.0,18.0,3,yemen,YEM,YEM.7.3_1,0.0,0
YE2802,Hat,YE28,Al Maharah,2017,72,59.142857142857146,60.0,7,yemen,YEM,YEM.7.3_1,0.0,0
YE2802,Hat,YE28,Al Maharah,2018,60,60.0,60.0,7,yemen,YEM,YEM.7.3_1,0.0,0
YE2802,Hat,YE28,Al Maharah,2022,249,249.0,249.0,1,yemen,YEM,YEM.7.3_1,0.0,0
YE2802,Hat,YE28,Al Maharah,2023,130,130.0,130.0,1,yemen,YEM,YEM.7.3_1,0.0,0
YE2802,Hat,YE28,Al Maharah,2025,386,386.0,386.0,1,yemen,YEM,YEM.7.3_1,0.0,0
YE2803,Hawf,YE28,Al Maharah,2016,108,100.0,102.0,3,yemen,YEM,YEM.7.4_1,0.0,0
YE2803,Hawf,YE28,Al Maharah,2017,126,120.85714285714286,126.0,7,yemen,YEM,YEM.7.4_1,0.0,0
YE2803,Hawf,YE28,Al Maharah,2018,168,146.57142857142858,168.0,7,yemen,YEM,YEM.7.4_1,0.0,0
YE2803,Hawf,YE28,Al Maharah,2022,327,327.0,327.0,1,yemen,YEM,YEM.7.4_1,0.0,0
YE2803,Hawf,YE28,Al Maharah,2023,414,414.0,414.0,1,yemen,YEM,YEM.7.4_1,0.0,0
YE2803,Hawf,YE28,Al Maharah,2025,427,427.0,427.0,1,yemen,YEM,YEM.7.4_1,0.0,0
YE2804,Al Ghaydhah,YE28,Al Maharah,2015,110,110.0,110.0,1,yemen,YEM,,,0
YE2804,Al Ghaydhah,YE28,Al Maharah,2016,2358,2084.0,2112.0,3,yemen,YEM,,,0
YE2804,Al Ghaydhah,YE28,Al Maharah,2017,3126,2652.8571428571427,2634.0,7,yemen,YEM,,,0
YE2804,Al Ghaydhah,YE28,Al Maharah,2018,6318,5506.285714285715,5766.0,7,yemen,YEM,,,0
YE2804,Al Ghaydhah,YE28,Al Maharah,2022,14017,14017.0,14017.0,1,yemen,YEM,,,0
YE2804,Al Ghaydhah,YE28,Al Maharah,2023,18929,18929.0,18929.0,1,yemen,YEM,,,0
YE2804,Al Ghaydhah,YE28,Al Maharah,2025,33739,33739.0,33739.0,1,yemen,YEM,,,0
YE2805,Man'ar,YE28,Al Maharah,2022,106,106.0,106.0,1,yemen,YEM,YEM.7.6_1,0.0,0
YE2805,Man'ar,YE28,Al Maharah,2023,18,18.0,18.0,1,yemen,YEM,YEM.7.6_1,0.0,0
YE2805,Man'ar,YE28,Al Maharah,2025,137,137.0,137.0,1,yemen,YEM,YEM.7.6_1,0.0,0
YE2806,Al Masilah,YE28,Al Maharah,2016,1728,580.0,6.0,3,yemen,YEM,YEM.7.2_1,0.0,0
YE2806,Al Masilah,YE28,Al Maharah,2017,6,6.0,6.0,7,yemen,YEM,YEM.7.2_1,0.0,0
YE2806,Al Masilah,YE28,Al Maharah,2018,1374,201.42857142857142,6.0,7,yemen,YEM,YEM.7.2_1,0.0,0
YE2806,Al Masilah,YE28,Al Maharah,2022,720,720.0,720.0,1,yemen,YEM,YEM.7.2_1,0.0,0
YE2806,Al Masilah,YE28,Al Maharah,2023,963,963.0,963.0,1,yemen,YEM,YEM.7.2_1,0.0,0
YE2806,Al Masilah,YE28,Al Maharah,2025,886,886.0,886.0,1,yemen,YEM,YEM.7.2_1,0.0,0
YE2807,Sayhut,YE28,Al Maharah,2016,3018,1078.0,108.0,3,yemen,YEM,YEM.7.8_1,0.0,0
YE2807,Sayhut,YE28,Al Maharah,2017,114,114.0,114.0,7,yemen,YEM,YEM.7.8_1,0.0,0
YE2807,Sayhut,YE28,Al Maharah,2018,540,486.0,516.0,7,yemen,YEM,YEM.7.8_1,0.0,0
YE2807,Sayhut,YE28,Al Maharah,2022,590,590.0,590.0,1,yemen,YEM,YEM.7.8_1,0.0,0
YE2807,Sayhut,YE28,Al Maharah,2023,721,721.0,721.0,1,yemen,YEM,YEM.7.8_1,0.0,0
YE2807,Sayhut,YE28,Al Maharah,2025,2281,2281.0,2281.0,1,yemen,YEM,YEM.7.8_1,0.0,0
YE2808,Qishn,YE28,Al Maharah,2016,378,324.0,312.0,3,yemen,YEM,YEM.7.7_1,0.0,0
YE2808,Qishn,YE28,Al Maharah,2017,432,354.85714285714283,378.0,7,yemen,YEM,YEM.7.7_1,0.0,0
YE2808,Qishn,YE28,Al Maharah,2018,1122,1012.2857142857143,1008.0,7,yemen,YEM,YEM.7.7_1,0.0,0
YE2808,Qishn,YE28,Al Maharah,2022,823,823.0,823.0,1,yemen,YEM,YEM.7.7_1,0.0,0
YE2808,Qishn,YE28,Al Maharah,2023,706,706.0,706.0,1,yemen,YEM,YEM.7.7_1,0.0,0
YE2808,Qishn,YE28,Al Maharah,2025,875,875.0,875.0,1,yemen,YEM,YEM.7.7_1,0.0,0
YE2809,Haswin,YE28,Al Maharah,2016,222,196.0,192.0,3,yemen,YEM,,,0
YE2809,Haswin,YE28,Al Maharah,2017,258,236.57142857142858,234.0,7,yemen,YEM,,,0
YE2809,Haswin,YE28,Al Maharah,2018,540,412.2857142857143,414.0,7,yemen,YEM,,,0
YE2809,Haswin,YE28,Al Maharah,2022,585,585.0,585.0,1,yemen,YEM,,,0
YE2809,Haswin,YE28,Al Maharah,2023,940,940.0,940.0,1,yemen,YEM,,,0
YE2809,Haswin,YE28,Al Maharah,2025,3071,3071.0,3071.0,1,yemen,YEM,,,0
YE2901,Harf Sufyan,YE29,Amran,2016,9003,8690.25,8676.0,4,yemen,YEM,YEM.10.10_1,1.0,0
YE2901,Harf Sufyan,YE29,Amran,2017,9978,9807.0,9900.0,4,yemen,YEM,YEM.10.10_1,1.0,0
YE2901,Harf Sufyan,YE29,Amran,2018,15510,12705.0,12705.0,2,yemen,YEM,YEM.10.10_1,1.0,0
YE2902,Huth,YE29,Amran,2015,5,5.0,5.0,1,yemen,YEM,YEM.10.11_1,1.0,0
YE2902,Huth,YE29,Amran,2016,4626,3357.25,3447.5,4,yemen,YEM,YEM.10.11_1,1.0,0
YE2902,Huth,YE29,Amran,2017,8382,7468.5,8301.0,4,yemen,YEM,YEM.10.11_1,1.0,0
YE2902,Huth,YE29,Amran,2018,9960,9171.0,9171.0,2,yemen,YEM,YEM.10.11_1,1.0,0
YE2903,Al Ashah,YE29,Amran,2016,8193,6681.75,6318.0,4,yemen,YEM,YEM.10.1_1,1.0,0
YE2903,Al Ashah,YE29,Amran,2017,5850,5001.0,4728.0,4,yemen,YEM,YEM.10.1_1,1.0,0
YE2903,Al Ashah,YE29,Amran,2018,6738,5733.0,5733.0,2,yemen,YEM,YEM.10.1_1,1.0,0
YE2904,Qaflat Odhar,YE29,Amran,2016,3930,3399.25,3555.0,4,yemen,YEM,,,0
YE2904,Qaflat Odhar,YE29,Amran,2017,4068,3979.5,4059.0,4,yemen,YEM,,,0
YE2904,Qaflat Odhar,YE29,Amran,2018,5454,4761.0,4761.0,2,yemen,YEM,,,0
YE2905,Shaharah,YE29,Amran,2015,1164,1164.0,1164.0,1,yemen,YEM,YEM.10.18_1,1.0,0
YE2905,Shaharah,YE29,Amran,2016,9618,6608.75,7158.0,4,yemen,YEM,YEM.10.18_1,1.0,0
YE2905,Shaharah,YE29,Amran,2017,9606,9475.5,9438.0,4,yemen,YEM,YEM.10.18_1,1.0,0
YE2905,Shaharah,YE29,Amran,2018,15720,12579.0,12579.0,2,yemen,YEM,YEM.10.18_1,1.0,0
YE2906,Al Madan,YE29,Amran,2016,4332,3812.0,3795.0,4,yemen,YEM,YEM.10.2_1,1.0,0
YE2906,Al Madan,YE29,Amran,2017,4350,4089.0,4002.0,4,yemen,YEM,YEM.10.2_1,1.0,0
YE2906,Al Madan,YE29,Amran,2018,7734,5868.0,5868.0,2,yemen,YEM,YEM.10.2_1,1.0,0
YE2907,Suwayr,YE29,Amran,2015,1164,1164.0,1164.0,1,yemen,YEM,YEM.10.19_1,1.0,0
YE2907,Suwayr,YE29,Amran,2016,8886,4667.75,4209.0,4,yemen,YEM,YEM.10.19_1,1.0,0
YE2907,Suwayr,YE29,Amran,2017,13920,12790.5,13806.0,4,yemen,YEM,YEM.10.19_1,1.0,0
YE2907,Suwayr,YE29,Amran,2018,13920,12300.0,12300.0,2,yemen,YEM,YEM.10.19_1,1.0,0
YE2908,Dhulaymat Habur,YE29,Amran,2016,4320,3329.5,3017.0,4,yemen,YEM,,,0
YE2908,Dhulaymat Habur,YE29,Amran,2017,5268,5011.5,5247.0,4,yemen,YEM,,,0
YE2908,Dhulaymat Habur,YE29,Amran,2018,11790,8529.0,8529.0,2,yemen,YEM,,,0
YE2909,Dhibain,YE29,Amran,2016,6186,4396.25,3861.0,4,yemen,YEM,,,0
YE2909,Dhibain,YE29,Amran,2017,6036,4926.0,4584.0,4,yemen,YEM,,,0
YE2909,Dhibain,YE29,Amran,2018,5232,4908.0,4908.0,2,yemen,YEM,,,0
YE2910,Kharif,YE29,Amran,2015,1164,1164.0,1164.0,1,yemen,YEM,YEM.10.15_1,1.0,0
YE2910,Kharif,YE29,Amran,2016,6582,4384.75,4419.0,4,yemen,YEM,YEM.10.15_1,1.0,0
YE2910,Kharif,YE29,Amran,2017,8802,6825.0,6168.0,4,yemen,YEM,YEM.10.15_1,1.0,0
YE2910,Kharif,YE29,Amran,2018,8010,7944.0,7944.0,2,yemen,YEM,YEM.10.15_1,1.0,0
YE2911,Raydah,YE29,Amran,2015,1191,1191.0,1191.0,1,yemen,YEM,YEM.10.17_1,1.0,0
YE2911,Raydah,YE29,Amran,2016,8310,7292.0,7285.0,4,yemen,YEM,YEM.10.17_1,1.0,0
YE2911,Raydah,YE29,Amran,2017,8664,8040.0,8658.0,4,yemen,YEM,YEM.10.17_1,1.0,0
YE2911,Raydah,YE29,Amran,2018,12750,9849.0,9849.0,2,yemen,YEM,YEM.10.17_1,1.0,0
YE2912,Jabal Eyal Yazid,YE29,Amran,2015,42,42.0,42.0,1,yemen,YEM,,,0
YE2912,Jabal Eyal Yazid,YE29,Amran,2016,12672,10588.75,10263.5,4,yemen,YEM,,,0
YE2912,Jabal Eyal Yazid,YE29,Amran,2017,13566,13287.0,13494.0,4,yemen,YEM,,,0
YE2912,Jabal Eyal Yazid,YE29,Amran,2018,22626,18096.0,18096.0,2,yemen,YEM,,,0
YE2913,As Sudah,YE29,Amran,2016,2944,2611.0,2571.0,4,yemen,YEM,YEM.10.6_1,1.0,0
YE2913,As Sudah,YE29,Amran,2017,3096,2983.5,3057.0,4,yemen,YEM,YEM.10.6_1,1.0,0
YE2913,As Sudah,YE29,Amran,2018,6006,4551.0,4551.0,2,yemen,YEM,YEM.10.6_1,1.0,0
YE2914,As Sawd,YE29,Amran,2015,1569,1569.0,1569.0,1,yemen,YEM,YEM.10.5_1,1.0,0
YE2914,As Sawd,YE29,Amran,2016,3534,2458.0,2139.0,4,yemen,YEM,YEM.10.5_1,1.0,0
YE2914,As Sawd,YE29,Amran,2017,3774,2949.0,2712.0,4,yemen,YEM,YEM.10.5_1,1.0,0
YE2914,As Sawd,YE29,Amran,2018,9654,6183.0,6183.0,2,yemen,YEM,YEM.10.5_1,1.0,0
YE2915,Amran,YE29,Amran,2015,27155,27155.0,27155.0,1,yemen,YEM,YEM.10.4_1,1.0,0
YE2915,Amran,YE29,Amran,2016,26321,18920.75,18240.0,4,yemen,YEM,YEM.10.4_1,1.0,0
YE2915,Amran,YE29,Amran,2017,25518,24846.0,25041.0,4,yemen,YEM,YEM.10.4_1,1.0,0
YE2915,Amran,YE29,Amran,2018,59388,42453.0,42453.0,2,yemen,YEM,YEM.10.4_1,1.0,0
YE2916,Maswar,YE29,Amran,2015,1164,1164.0,1164.0,1,yemen,YEM,YEM.10.16_1,1.0,0
YE2916,Maswar,YE29,Amran,2016,6690,5998.0,5915.0,4,yemen,YEM,YEM.10.16_1,1.0,0
YE2916,Maswar,YE29,Amran,2017,6792,6723.0,6738.0,4,yemen,YEM,YEM.10.16_1,1.0,0
YE2916,Maswar,YE29,Amran,2018,9930,8361.0,8361.0,2,yemen,YEM,YEM.10.16_1,1.0,0
YE2917,Thula,YE29,Amran,2015,1164,1164.0,1164.0,1,yemen,YEM,YEM.10.20_1,1.0,0
YE2917,Thula,YE29,Amran,2016,2772,2038.0,2006.0,4,yemen,YEM,YEM.10.20_1,1.0,0
YE2917,Thula,YE29,Amran,2017,3054,2850.0,2793.0,4,yemen,YEM,YEM.10.20_1,1.0,0
YE2917,Thula,YE29,Amran,2018,7386,5214.0,5214.0,2,yemen,YEM,YEM.10.20_1,1.0,0
YE2918,Eyal Surayh,YE29,Amran,2015,58,58.0,58.0,1,yemen,YEM,,,0
YE2918,Eyal Surayh,YE29,Amran,2016,5856,3922.75,3378.5,4,yemen,YEM,,,0
YE2918,Eyal Surayh,YE29,Amran,2017,6000,5799.0,5844.0,4,yemen,YEM,,,0
YE2918,Eyal Surayh,YE29,Amran,2018,7128,6423.0,6423.0,2,yemen,YEM,,,0
YE2919,Khamir,YE29,Amran,2015,12707,12707.0,12707.0,1,yemen,YEM,YEM.10.14_1,1.0,0
YE2919,Khamir,YE29,Amran,2016,13806,12433.5,12300.0,4,yemen,YEM,YEM.10.14_1,1.0,0
YE2919,Khamir,YE29,Amran,2017,14094,13990.5,14031.0,4,yemen,YEM,YEM.10.14_1,1.0,0
YE2919,Khamir,YE29,Amran,2018,14604,14349.0,14349.0,2,yemen,YEM,YEM.10.14_1,1.0,0
YE2920,Bani Surim,YE29,Amran,2015,1164,1164.0,1164.0,1,yemen,YEM,,,0
YE2920,Bani Surim,YE29,Amran,2016,4824,2707.0,2030.0,4,yemen,YEM,,,0
YE2920,Bani Surim,YE29,Amran,2017,4728,4206.0,4158.0,4,yemen,YEM,,,0
YE2920,Bani Surim,YE29,Amran,2018,5946,5052.0,5052.0,2,yemen,YEM,,,0
YE3001,Juban,YE30,Ad Dali',2016,2880,2520.0,2454.0,3,yemen,YEM,YEM.4.8_1,0.0,0
YE3001,Juban,YE30,Ad Dali',2017,2178,1854.0,1758.0,7,yemen,YEM,YEM.4.8_1,0.0,0
YE3001,Juban,YE30,Ad Dali',2018,1950,1829.142857142857,1800.0,7,yemen,YEM,YEM.4.8_1,0.0,0
YE3002,Damt,YE30,Ad Dali',2015,11901,11901.0,11901.0,1,yemen,YEM,YEM.4.6_1,0.0,0
YE3002,Damt,YE30,Ad Dali',2016,5106,4752.0,4836.0,3,yemen,YEM,YEM.4.6_1,0.0,0
YE3002,Damt,YE30,Ad Dali',2017,5778,5449.714285714285,5430.0,7,yemen,YEM,YEM.4.6_1,0.0,0
YE3002,Damt,YE30,Ad Dali',2018,6084,5962.285714285715,5946.0,7,yemen,YEM,YEM.4.6_1,0.0,0
YE3003,Qa'tabah,YE30,Ad Dali',2015,79254,79254.0,79254.0,1,yemen,YEM,,,0
YE3003,Qa'tabah,YE30,Ad Dali',2016,3528,3348.0,3264.0,3,yemen,YEM,,,0
YE3003,Qa'tabah,YE30,Ad Dali',2017,4566,4454.571428571428,4488.0,7,yemen,YEM,,,0
YE3003,Qa'tabah,YE30,Ad Dali',2018,6918,5007.428571428572,4668.0,7,yemen,YEM,,,0
YE3003,Qa'tabah,YE30,Ad Dali',2022,22575,22575.0,22575.0,1,yemen,YEM,,,0
YE3003,Qa'tabah,YE30,Ad Dali',2023,37984,37984.0,37984.0,1,yemen,YEM,,,0
YE3003,Qa'tabah,YE30,Ad Dali',2025,31106,31106.0,31106.0,1,yemen,YEM,,,0
YE3004,Ash Shu'ayb,YE30,Ad Dali',2015,840,840.0,840.0,1,yemen,YEM,YEM.4.5_1,0.0,0
YE3004,Ash Shu'ayb,YE30,Ad Dali',2016,1458,1318.0,1296.0,3,yemen,YEM,YEM.4.5_1,0.0,0
YE3004,Ash Shu'ayb,YE30,Ad Dali',2017,1116,938.5714285714286,870.0,7,yemen,YEM,YEM.4.5_1,0.0,0
YE3004,Ash Shu'ayb,YE30,Ad Dali',2018,912,798.8571428571429,774.0,7,yemen,YEM,YEM.4.5_1,0.0,0
YE3004,Ash Shu'ayb,YE30,Ad Dali',2022,1060,1060.0,1060.0,1,yemen,YEM,YEM.4.5_1,0.0,0
YE3004,Ash Shu'ayb,YE30,Ad Dali',2023,2715,2715.0,2715.0,1,yemen,YEM,YEM.4.5_1,0.0,0
YE3004,Ash Shu'ayb,YE30,Ad Dali',2025,4299,4299.0,4299.0,1,yemen,YEM,YEM.4.5_1,0.0,0
YE3005,Al Hasayn,YE30,Ad Dali',2015,6300,6300.0,6300.0,1,yemen,YEM,,,0
YE3005,Al Hasayn,YE30,Ad Dali',2016,2364,2174.0,2358.0,3,yemen,YEM,,,0
YE3005,Al Hasayn,YE30,Ad Dali',2017,1824,1756.2857142857142,1776.0,7,yemen,YEM,,,0
YE3005,Al Hasayn,YE30,Ad Dali',2018,2244,1912.2857142857142,1866.0,7,yemen,YEM,,,0
YE3005,Al Hasayn,YE30,Ad Dali',2022,4122,4122.0,4122.0,1,yemen,YEM,,,0
YE3005,Al Hasayn,YE30,Ad Dali',2023,3763,3763.0,3763.0,1,yemen,YEM,,,0
YE3005,Al Hasayn,YE30,Ad Dali',2025,5278,5278.0,5278.0,1,yemen,YEM,,,0
YE3006,Ad Dali',YE30,Ad Dali',2015,101232,101232.0,101232.0,1,yemen,YEM,,,0
YE3006,Ad Dali',YE30,Ad Dali',2016,3462,3266.0,3222.0,3,yemen,YEM,,,0
YE3006,Ad Dali',YE30,Ad Dali',2017,3666,3186.0,3120.0,7,yemen,YEM,,,0
YE3006,Ad Dali',YE30,Ad Dali',2018,4530,3589.714285714286,3480.0,7,yemen,YEM,,,0
YE3006,Ad Dali',YE30,Ad Dali',2022,21096,21096.0,21096.0,1,yemen,YEM,,,0
YE3006,Ad Dali',YE30,Ad Dali',2023,23223,23223.0,23223.0,1,yemen,YEM,,,0
YE3006,Ad Dali',YE30,Ad Dali',2025,26984,26984.0,26984.0,1,yemen,YEM,,,0
YE3007,Jahaf,YE30,Ad Dali',2015,12075,12075.0,12075.0,1,yemen,YEM,YEM.4.7_1,0.0,0
YE3007,Jahaf,YE30,Ad Dali',2016,3540,3100.0,2952.0,3,yemen,YEM,YEM.4.7_1,0.0,0
YE3007,Jahaf,YE30,Ad Dali',2017,2778,2736.0,2742.0,7,yemen,YEM,YEM.4.7_1,0.0,0
YE3007,Jahaf,YE30,Ad Dali',2018,2982,2696.5714285714284,2664.0,7,yemen,YEM,YEM.4.7_1,0.0,0
YE3007,Jahaf,YE30,Ad Dali',2022,5781,5781.0,5781.0,1,yemen,YEM,YEM.4.7_1,0.0,0
YE3007,Jahaf,YE30,Ad Dali',2023,3727,3727.0,3727.0,1,yemen,YEM,YEM.4.7_1,0.0,0
YE3007,Jahaf,YE30,Ad Dali',2025,3568,3568.0,3568.0,1,yemen,YEM,YEM.4.7_1,0.0,0
YE3008,Al Azariq,YE30,Ad Dali',2015,12950,12950.0,12950.0,1,yemen,YEM,YEM.4.2_1,0.0,0
YE3008,Al Azariq,YE30,Ad Dali',2016,2670,2610.0,2646.0,3,yemen,YEM,YEM.4.2_1,0.0,0
YE3008,Al Azariq,YE30,Ad Dali',2017,3630,3387.4285714285716,3486.0,7,yemen,YEM,YEM.4.2_1,0.0,0
YE3008,Al Azariq,YE30,Ad Dali',2018,3678,3587.0,3594.0,6,yemen,YEM,YEM.4.2_1,0.0,0
YE3008,Al Azariq,YE30,Ad Dali',2022,2589,2589.0,2589.0,1,yemen,YEM,YEM.4.2_1,0.0,0
YE3008,Al Azariq,YE30,Ad Dali',2023,6010,6010.0,6010.0,1,yemen,YEM,YEM.4.2_1,0.0,0
YE3008,Al Azariq,YE30,Ad Dali',2025,6809,6809.0,6809.0,1,yemen,YEM,YEM.4.2_1,0.0,0
YE3009,Al Husha,YE30,Ad Dali',2015,2863,2863.0,2863.0,1,yemen,YEM,YEM.4.3_1,0.0,0
YE3009,Al Husha,YE30,Ad Dali',2016,4380,4186.0,4122.0,3,yemen,YEM,YEM.4.3_1,0.0,0
YE3009,Al Husha,YE30,Ad Dali',2017,3858,3563.1428571428573,3702.0,7,yemen,YEM,YEM.4.3_1,0.0,0
YE3009,Al Husha,YE30,Ad Dali',2018,4260,3519.0,3402.0,6,yemen,YEM,YEM.4.3_1,0.0,0
YE3101,Bilad Atta'am,YE31,Raymah,2015,1253,1253.0,1253.0,1,yemen,YEM,,,0
YE3101,Bilad Atta'am,YE31,Raymah,2016,4056,3586.75,3591.5,4,yemen,YEM,,,0
YE3101,Bilad Atta'am,YE31,Raymah,2017,4050,3954.0,3924.0,4,yemen,YEM,,,0
YE3101,Bilad Atta'am,YE31,Raymah,2018,6030,4977.0,4977.0,2,yemen,YEM,,,0
YE3102,As Salafiyyah,YE31,Raymah,2015,5684,5684.0,5684.0,1,yemen,YEM,,,0
YE3102,As Salafiyyah,YE31,Raymah,2016,10278,8545.0,9627.0,4,yemen,YEM,,,0
YE3102,As Salafiyyah,YE31,Raymah,2017,10722,10092.0,9885.0,4,yemen,YEM,,,0
YE3102,As Salafiyyah,YE31,Raymah,2018,9786,8886.0,8886.0,2,yemen,YEM,,,0
YE3103,Al Jabin,YE31,Raymah,2015,8295,8295.0,8295.0,1,yemen,YEM,YEM.17.1_1,0.0,0
YE3103,Al Jabin,YE31,Raymah,2016,11664,9914.0,10734.0,4,yemen,YEM,YEM.17.1_1,0.0,0
YE3103,Al Jabin,YE31,Raymah,2017,11154,9384.0,8826.0,4,yemen,YEM,YEM.17.1_1,0.0,0
YE3103,Al Jabin,YE31,Raymah,2018,10416,9639.0,9639.0,2,yemen,YEM,YEM.17.1_1,0.0,0
YE3104,Mazhar,YE31,Raymah,2015,15918,15918.0,15918.0,1,yemen,YEM,YEM.17.6_1,0.0,0
YE3104,Mazhar,YE31,Raymah,2016,11076,8808.0,8808.0,2,yemen,YEM,YEM.17.6_1,0.0,0
YE3104,Mazhar,YE31,Raymah,2017,9852,8380.5,7986.0,4,yemen,YEM,YEM.17.6_1,0.0,0
YE3104,Mazhar,YE31,Raymah,2018,11130,9582.0,9582.0,2,yemen,YEM,YEM.17.6_1,0.0,0
YE3105,Kusmah,YE31,Raymah,2015,4627,4627.0,4627.0,1,yemen,YEM,YEM.17.5_1,0.0,0
YE3105,Kusmah,YE31,Raymah,2016,13050,9788.5,9137.0,4,yemen,YEM,YEM.17.5_1,0.0,0
YE3105,Kusmah,YE31,Raymah,2017,7122,3459.0,2256.0,4,yemen,YEM,YEM.17.5_1,0.0,0
YE3105,Kusmah,YE31,Raymah,2018,4530,3393.0,3393.0,2,yemen,YEM,YEM.17.5_1,0.0,0
YE3106,Al Ja'fariyyah,YE31,Raymah,2015,1036,1036.0,1036.0,1,yemen,YEM,,,0
YE3106,Al Ja'fariyyah,YE31,Raymah,2016,11334,8883.75,8683.5,4,yemen,YEM,,,0
YE3106,Al Ja'fariyyah,YE31,Raymah,2017,9678,9429.0,9513.0,4,yemen,YEM,,,0
YE3106,Al Ja'fariyyah,YE31,Raymah,2018,16362,13041.0,13041.0,2,yemen,YEM,,,0
YE3201,Hadibu,YE32,Socotra,2015,355,355.0,355.0,1,yemen,YEM,,,0
YE3201,Hadibu,YE32,Socotra,2016,1320,1280.0,1260.0,3,yemen,YEM,,,0
YE3201,Hadibu,YE32,Socotra,2017,1170,1118.5714285714287,1140.0,7,yemen,YEM,,,0
YE3201,Hadibu,YE32,Socotra,2018,2976,1350.857142857143,1080.0,7,yemen,YEM,,,0
YE3201,Hadibu,YE32,Socotra,2022,6677,6677.0,6677.0,1,yemen,YEM,,,0
YE3201,Hadibu,YE32,Socotra,2023,8692,8692.0,8692.0,1,yemen,YEM,,,0
YE3201,Hadibu,YE32,Socotra,2025,8513,8513.0,8513.0,1,yemen,YEM,,,0
YE3202,Qalansiyah wa Abd Al Kuri,YE32,Socotra,2015,2614,2614.0,2614.0,1,yemen,YEM,,,0
YE3202,Qalansiyah wa Abd Al Kuri,YE32,Socotra,2016,1140,816.0,1140.0,3,yemen,YEM,,,0
YE3202,Qalansiyah wa Abd Al Kuri,YE32,Socotra,2017,1140,1081.7142857142858,1038.0,7,yemen,YEM,,,0
YE3202,Qalansiyah wa Abd Al Kuri,YE32,Socotra,2018,1038,1038.0,1038.0,7,yemen,YEM,,,0
YE3202,Qalansiyah wa Abd Al Kuri,YE32,Socotra,2022,2452,2452.0,2452.0,1,yemen,YEM,,,0
YE3202,Qalansiyah wa Abd Al Kuri,YE32,Socotra,2023,2574,2574.0,2574.0,1,yemen,YEM,,,0
YE3202,Qalansiyah wa Abd Al Kuri,YE32,Socotra,2025,2646,2646.0,2646.0,1,yemen,YEM,,,0
